{"trainingPerformance": [50.02873563218391, 73.92121647509579, 79.07686781609195, 97.58620689655173, 99.35225095785441, 99.75454980842912], "testPerformance": [50.26221264367816, 76.27155172413794, 93.35847701149426, 99.47916666666667, 99.93175287356321, 99.89583333333333], "args": {"modeltype": "aggregate", "batch_size_multi": [1], "lr_multi": [5e-05], "batch_size": 1, "test_batch_size": 1, "epochs": 5, "lr": 5e-05, "momentum": 0.9, "no_cuda": false, "seed": 1, "log_interval": 10, "weight_decay": 0.0, "save_model": false, "recurrent_size": 200, "hidden_size": 200, "BPTT_len": 120}, "model": "recurrent_truecontext"}