{"trainingPerformance": [50.104166666666664, 73.73802681992338, 80.2574233716475, 97.87835249042146, 99.37739463601532, 99.7425766283525], "testPerformance": [50.11494252873563, 76.46192528735632, 95.5639367816092, 97.51436781609195, 99.50790229885058, 99.97844827586206], "args": {"modeltype": "aggregate", "batch_size_multi": [1], "lr_multi": [5e-05], "batch_size": 1, "test_batch_size": 1, "epochs": 5, "lr": 5e-05, "momentum": 0.9, "no_cuda": false, "seed": 1, "log_interval": 10, "weight_decay": 0.0, "save_model": false, "recurrent_size": 200, "hidden_size": 200, "BPTT_len": 120}, "model": "recurrent_truecontext"}