{"trainingPerformance": [47.916666666666664, 74.15, 92.25833333333334, 96.73333333333333, 98.9, 99.88333333333334, 99.975, 100.0, 100.0], "testPerformance": [48.166666666666664, 89.9, 94.6, 98.43333333333334, 99.03333333333333, 100.0, 100.0, 100.0, 100.0], "args": {"modeltype": "aggregate", "batch_size_multi": [12], "lr_multi": [0.001], "batch_size": 12, "test_batch_size": 12, "epochs": 8, "lr": 0.001, "momentum": 0.9, "no_cuda": false, "seed": 1, "log_interval": 10, "weight_decay": 0.0, "save_model": false}, "model": "recurrent_constantcontext"}