{"trainingPerformance": [57.09166666666667, 76.35, 94.0, 97.43333333333334, 99.35833333333333, 99.84166666666667, 99.88333333333334, 99.91666666666667, 99.98333333333333], "testPerformance": [57.96666666666667, 91.3, 95.6, 98.26666666666667, 99.36666666666666, 99.76666666666667, 100.0, 100.0, 100.0], "args": {"modeltype": "aggregate", "batch_size_multi": [12], "lr_multi": [0.001], "batch_size": 12, "test_batch_size": 12, "epochs": 8, "lr": 0.001, "momentum": 0.9, "no_cuda": false, "seed": 1, "log_interval": 10, "weight_decay": 0.0, "save_model": false}, "model": "recurrent_truecontext"}