{"trainingPerformance": [51.141666666666666, 70.81666666666666, 89.14166666666667, 95.71666666666667, 98.43333333333334, 99.61666666666666, 99.925, 100.0, 100.0], "testPerformance": [50.43333333333333, 82.53333333333333, 93.3, 95.83333333333333, 98.33333333333333, 99.06666666666666, 100.0, 100.0, 100.0], "args": {"modeltype": "aggregate", "batch_size_multi": [12], "lr_multi": [0.001], "batch_size": 12, "test_batch_size": 12, "epochs": 8, "lr": 0.001, "momentum": 0.9, "no_cuda": false, "seed": 1, "log_interval": 10, "weight_decay": 0.0, "save_model": false}, "model": "recurrent_randcontext"}