{"trainingPerformance": [49.175, 79.16666666666667, 95.3, 98.09166666666667, 99.50833333333334, 99.80833333333334, 99.95, 99.975, 100.0], "testPerformance": [48.56666666666667, 94.13333333333334, 95.83333333333333, 99.03333333333333, 99.43333333333334, 99.43333333333334, 100.0, 100.0, 100.0], "args": {"modeltype": "aggregate", "batch_size_multi": [12], "lr_multi": [0.001], "batch_size": 12, "test_batch_size": 12, "epochs": 8, "lr": 0.001, "momentum": 0.9, "no_cuda": false, "seed": 1, "log_interval": 10, "weight_decay": 0.0, "save_model": false}, "model": "recurrent_constantcontext"}