{"trainingPerformance": [46.8, 65.68333333333334, 86.26666666666667, 93.41666666666667, 97.64166666666667, 99.425, 99.9, 99.975, 100.0], "testPerformance": [46.266666666666666, 79.73333333333333, 89.43333333333334, 94.46666666666667, 97.26666666666667, 98.96666666666667, 100.0, 100.0, 100.0], "args": {"modeltype": "aggregate", "batch_size_multi": [12], "lr_multi": [0.001], "batch_size": 12, "test_batch_size": 12, "epochs": 8, "lr": 0.001, "momentum": 0.9, "no_cuda": false, "seed": 1, "log_interval": 10, "weight_decay": 0.0, "save_model": false}, "model": "recurrent_randcontext"}