{"trainingPerformance": [59.275, 80.29166666666667, 95.825, 97.975, 99.65, 99.95, 100.0, 100.0, 100.0], "testPerformance": [60.1, 91.73333333333333, 97.16666666666667, 99.03333333333333, 100.0, 100.0, 100.0, 100.0, 100.0], "args": {"modeltype": "aggregate", "batch_size_multi": [12], "lr_multi": [0.001], "batch_size": 12, "test_batch_size": 12, "epochs": 8, "lr": 0.001, "momentum": 0.9, "no_cuda": false, "seed": 1, "log_interval": 10, "weight_decay": 0.0, "save_model": false}, "model": "recurrent_constantcontext"}