{"trainingPerformance": [55.5, 69.425, 88.69166666666666, 96.025, 98.475, 99.6, 99.95833333333333, 100.0, 100.0], "testPerformance": [55.96666666666667, 83.1, 91.4, 95.83333333333333, 97.96666666666667, 99.7, 100.0, 100.0, 100.0], "args": {"modeltype": "aggregate", "batch_size_multi": [12], "lr_multi": [0.001], "batch_size": 12, "test_batch_size": 12, "epochs": 8, "lr": 0.001, "momentum": 0.9, "no_cuda": false, "seed": 1, "log_interval": 10, "weight_decay": 0.0, "save_model": false}, "model": "recurrent_randcontext"}