{"trainingPerformance": [46.266666666666666, 65.26666666666667, 87.46666666666667, 95.06666666666666, 97.925, 99.5, 99.90833333333333, 99.975, 100.0], "testPerformance": [48.266666666666666, 82.16666666666667, 93.43333333333334, 94.8, 97.5, 99.63333333333334, 100.0, 100.0, 100.0], "args": {"modeltype": "aggregate", "batch_size_multi": [12], "lr_multi": [0.001], "batch_size": 12, "test_batch_size": 12, "epochs": 8, "lr": 0.001, "momentum": 0.9, "no_cuda": false, "seed": 1, "log_interval": 10, "weight_decay": 0.0, "save_model": false}, "model": "recurrent_randcontext"}