{"trainingPerformance": [48.625, 71.68333333333334, 91.38333333333334, 97.1, 99.15833333333333, 99.90833333333333, 99.98333333333333, 100.0, 100.0], "testPerformance": [49.266666666666666, 87.26666666666667, 95.16666666666667, 97.76666666666667, 99.6, 100.0, 100.0, 100.0, 100.0], "args": {"modeltype": "aggregate", "batch_size_multi": [12], "lr_multi": [0.001], "batch_size": 12, "test_batch_size": 12, "epochs": 8, "lr": 0.001, "momentum": 0.9, "no_cuda": false, "seed": 1, "log_interval": 10, "weight_decay": 0.0, "save_model": false}, "model": "recurrent_constantcontext"}