{"trainingPerformance": [46.15833333333333, 74.44166666666666, 90.71666666666667, 95.975, 99.00833333333334, 99.76666666666667, 99.925, 99.99166666666666, 100.0], "testPerformance": [45.13333333333333, 88.9, 92.53333333333333, 96.7, 99.6, 100.0, 100.0, 100.0, 100.0], "args": {"modeltype": "aggregate", "batch_size_multi": [12], "lr_multi": [0.001], "batch_size": 12, "test_batch_size": 12, "epochs": 8, "lr": 0.001, "momentum": 0.9, "no_cuda": false, "seed": 1, "log_interval": 10, "weight_decay": 0.0, "save_model": false}, "model": "recurrent_truecontext"}