{"trainingPerformance": [46.30833333333333, 71.325, 92.21666666666667, 96.4, 98.98333333333333, 99.84166666666667, 99.96666666666667, 100.0, 100.0], "testPerformance": [46.7, 86.9, 94.06666666666666, 96.76666666666667, 99.06666666666666, 100.0, 100.0, 100.0, 100.0], "args": {"modeltype": "aggregate", "batch_size_multi": [12], "lr_multi": [0.001], "batch_size": 12, "test_batch_size": 12, "epochs": 8, "lr": 0.001, "momentum": 0.9, "no_cuda": false, "seed": 1, "log_interval": 10, "weight_decay": 0.0, "save_model": false}, "model": "recurrent_truecontext"}