{"trainingPerformance": [53.85, 73.53333333333333, 90.99166666666666, 96.775, 98.9, 99.78333333333333, 99.91666666666667, 99.98333333333333, 100.0], "testPerformance": [54.3, 84.93333333333334, 94.6, 96.63333333333334, 98.5, 99.5, 100.0, 100.0, 100.0], "args": {"modeltype": "aggregate", "batch_size_multi": [12], "lr_multi": [0.001], "batch_size": 12, "test_batch_size": 12, "epochs": 8, "lr": 0.001, "momentum": 0.9, "no_cuda": false, "seed": 1, "log_interval": 10, "weight_decay": 0.0, "save_model": false}, "model": "recurrent_randcontext"}