{"trainingPerformance": [51.30833333333333, 72.9, 90.68333333333334, 96.44166666666666, 98.71666666666667, 99.65833333333333, 99.975, 100.0, 100.0], "testPerformance": [49.56666666666667, 82.86666666666666, 92.93333333333334, 96.9, 98.6, 100.0, 100.0, 100.0, 100.0], "args": {"modeltype": "aggregate", "batch_size_multi": [12], "lr_multi": [0.001], "batch_size": 12, "test_batch_size": 12, "epochs": 8, "lr": 0.001, "momentum": 0.9, "no_cuda": false, "seed": 1, "log_interval": 10, "weight_decay": 0.0, "save_model": false}, "model": "recurrent_truecontext"}