{"trainingPerformance": [50.583333333333336, 74.04166666666667, 91.16666666666667, 96.26666666666667, 98.975, 99.89166666666667, 99.98333333333333, 100.0, 100.0], "testPerformance": [50.56666666666667, 87.73333333333333, 93.76666666666667, 96.96666666666667, 100.0, 100.0, 100.0, 100.0, 100.0], "args": {"modeltype": "aggregate", "batch_size_multi": [12], "lr_multi": [0.001], "batch_size": 12, "test_batch_size": 12, "epochs": 8, "lr": 0.001, "momentum": 0.9, "no_cuda": false, "seed": 1, "log_interval": 10, "weight_decay": 0.0, "save_model": false}, "model": "recurrent_constantcontext"}