{"trainingPerformance": [49.675, 72.91666666666667, 91.04166666666667, 95.2, 98.79166666666667, 99.69166666666666, 99.95833333333333, 100.0, 100.0], "testPerformance": [48.766666666666666, 87.9, 92.76666666666667, 97.13333333333334, 98.73333333333333, 100.0, 100.0, 100.0, 100.0], "args": {"modeltype": "aggregate", "batch_size_multi": [12], "lr_multi": [0.001], "batch_size": 12, "test_batch_size": 12, "epochs": 8, "lr": 0.001, "momentum": 0.9, "no_cuda": false, "seed": 1, "log_interval": 10, "weight_decay": 0.0, "save_model": false}, "model": "recurrent_truecontext"}