{"trainingPerformance": [53.28333333333333, 74.6, 89.85, 95.28333333333333, 98.375, 99.60833333333333, 99.95833333333333, 100.0, 100.0], "testPerformance": [52.333333333333336, 85.16666666666667, 90.9, 94.53333333333333, 97.96666666666667, 100.0, 100.0, 100.0, 100.0], "args": {"modeltype": "aggregate", "batch_size_multi": [12], "lr_multi": [0.001], "batch_size": 12, "test_batch_size": 12, "epochs": 8, "lr": 0.001, "momentum": 0.9, "no_cuda": false, "seed": 1, "log_interval": 10, "weight_decay": 0.0, "save_model": false}, "model": "recurrent_randcontext"}