{"trainingPerformance": [50.5, 68.975, 88.01666666666667, 94.53333333333333, 98.38333333333334, 99.7, 99.925, 100.0, 100.0], "testPerformance": [49.46666666666667, 81.76666666666667, 87.7, 95.23333333333333, 97.8, 99.46666666666667, 100.0, 100.0, 100.0], "args": {"modeltype": "aggregate", "batch_size_multi": [12], "lr_multi": [0.001], "batch_size": 12, "test_batch_size": 12, "epochs": 8, "lr": 0.001, "momentum": 0.9, "no_cuda": false, "seed": 1, "log_interval": 10, "weight_decay": 0.0, "save_model": false}, "model": "recurrent_randcontext"}