{"trainingPerformance": [54.18333333333333, 80.625, 94.49166666666666, 97.025, 98.96666666666667, 99.85, 99.95833333333333, 99.99166666666666, 100.0], "testPerformance": [54.266666666666666, 92.33333333333333, 94.53333333333333, 97.4, 99.46666666666667, 99.9, 100.0, 100.0, 100.0], "args": {"modeltype": "aggregate", "batch_size_multi": [12], "lr_multi": [0.001], "batch_size": 12, "test_batch_size": 12, "epochs": 8, "lr": 0.001, "momentum": 0.9, "no_cuda": false, "seed": 1, "log_interval": 10, "weight_decay": 0.0, "save_model": false}, "model": "recurrent_truecontext"}