{"trainingPerformance": [50.75, 75.425, 92.725, 97.0, 99.06666666666666, 99.93333333333334, 100.0, 100.0, 100.0], "testPerformance": [50.5, 90.0, 94.63333333333334, 97.63333333333334, 98.9, 100.0, 100.0, 100.0, 100.0], "args": {"modeltype": "aggregate", "batch_size_multi": [12], "lr_multi": [0.001], "batch_size": 12, "test_batch_size": 12, "epochs": 8, "lr": 0.001, "momentum": 0.9, "no_cuda": false, "seed": 1, "log_interval": 10, "weight_decay": 0.0, "save_model": false}, "model": "recurrent_truecontext"}