{"trainingPerformance": [54.78333333333333, 74.375, 90.80833333333334, 95.75, 98.78333333333333, 99.81666666666666, 99.91666666666667, 99.98333333333333, 100.0], "testPerformance": [55.2, 88.46666666666667, 94.03333333333333, 96.83333333333333, 99.13333333333334, 99.76666666666667, 100.0, 100.0, 100.0], "args": {"modeltype": "aggregate", "batch_size_multi": [12], "lr_multi": [0.001], "batch_size": 12, "test_batch_size": 12, "epochs": 8, "lr": 0.001, "momentum": 0.9, "no_cuda": false, "seed": 1, "log_interval": 10, "weight_decay": 0.0, "save_model": false}, "model": "recurrent_truecontext"}