{"trainingPerformance": [47.4, 73.975, 91.25, 96.08333333333333, 98.84166666666667, 99.74166666666666, 99.975, 99.98333333333333, 100.0], "testPerformance": [47.766666666666666, 86.56666666666666, 93.43333333333334, 96.96666666666667, 99.43333333333334, 99.43333333333334, 100.0, 100.0, 100.0], "args": {"modeltype": "aggregate", "batch_size_multi": [12], "lr_multi": [0.001], "batch_size": 12, "test_batch_size": 12, "epochs": 8, "lr": 0.001, "momentum": 0.9, "no_cuda": false, "seed": 1, "log_interval": 10, "weight_decay": 0.0, "save_model": false}, "model": "recurrent_constantcontext"}