{"trainingPerformance": [47.825, 67.975, 88.39166666666667, 94.96666666666667, 98.075, 99.58333333333333, 99.88333333333334, 99.975, 99.99166666666666], "testPerformance": [47.733333333333334, 81.13333333333334, 91.03333333333333, 95.63333333333334, 97.73333333333333, 99.1, 99.7, 100.0, 100.0], "args": {"modeltype": "aggregate", "batch_size_multi": [12], "lr_multi": [0.001], "batch_size": 12, "test_batch_size": 12, "epochs": 8, "lr": 0.001, "momentum": 0.9, "no_cuda": false, "seed": 1, "log_interval": 10, "weight_decay": 0.0, "save_model": false}, "model": "recurrent_randcontext"}