{"trainingPerformance": [52.291666666666664, 74.39166666666667, 91.49166666666666, 95.88333333333334, 98.65, 99.61666666666666, 99.8, 99.96666666666667, 99.99166666666666], "testPerformance": [52.3, 86.8, 93.96666666666667, 97.43333333333334, 98.73333333333333, 99.36666666666666, 100.0, 100.0, 100.0], "args": {"modeltype": "aggregate", "batch_size_multi": [12], "lr_multi": [0.001], "batch_size": 12, "test_batch_size": 12, "epochs": 8, "lr": 0.001, "momentum": 0.9, "no_cuda": false, "seed": 1, "log_interval": 10, "weight_decay": 0.0, "save_model": false}, "model": "recurrent_truecontext"}