{"trainingPerformance": [50.3, 74.55833333333334, 91.06666666666666, 96.30833333333334, 99.08333333333333, 99.73333333333333, 99.91666666666667, 99.95833333333333, 99.99166666666666], "testPerformance": [50.333333333333336, 88.36666666666666, 93.03333333333333, 96.9, 99.4, 100.0, 100.0, 100.0, 100.0], "args": {"modeltype": "aggregate", "batch_size_multi": [12], "lr_multi": [0.001], "batch_size": 12, "test_batch_size": 12, "epochs": 8, "lr": 0.001, "momentum": 0.9, "no_cuda": false, "seed": 1, "log_interval": 10, "weight_decay": 0.0, "save_model": false}, "model": "recurrent_truecontext"}