{"trainingPerformance": [44.68333333333333, 70.90833333333333, 90.25833333333334, 96.23333333333333, 99.075, 99.85, 100.0, 100.0, 100.0], "testPerformance": [44.166666666666664, 80.86666666666666, 93.86666666666666, 98.83333333333333, 99.6, 100.0, 100.0, 100.0, 100.0], "args": {"modeltype": "aggregate", "batch_size_multi": [12], "lr_multi": [0.001], "batch_size": 12, "test_batch_size": 12, "epochs": 8, "lr": 0.001, "momentum": 0.9, "no_cuda": false, "seed": 1, "log_interval": 10, "weight_decay": 0.0, "save_model": false}, "model": "recurrent_constantcontext"}