{"trainingPerformance": [51.916666666666664, 71.80833333333334, 89.36666666666666, 95.63333333333334, 98.775, 99.76666666666667, 99.98333333333333, 100.0, 100.0], "testPerformance": [53.233333333333334, 82.9, 90.66666666666667, 96.6, 98.9, 100.0, 100.0, 100.0, 100.0], "args": {"modeltype": "aggregate", "batch_size_multi": [12], "lr_multi": [0.001], "batch_size": 12, "test_batch_size": 12, "epochs": 8, "lr": 0.001, "momentum": 0.9, "no_cuda": false, "seed": 1, "log_interval": 10, "weight_decay": 0.0, "save_model": false}, "model": "recurrent_randcontext"}