{"trainingPerformance": [50.45, 71.63333333333334, 91.86666666666666, 96.29166666666667, 98.84166666666667, 99.70833333333333, 99.96666666666667, 100.0, 100.0], "testPerformance": [50.1, 87.23333333333333, 92.86666666666666, 96.43333333333334, 98.33333333333333, 100.0, 100.0, 100.0, 100.0], "args": {"modeltype": "aggregate", "batch_size_multi": [12], "lr_multi": [0.001], "batch_size": 12, "test_batch_size": 12, "epochs": 8, "lr": 0.001, "momentum": 0.9, "no_cuda": false, "seed": 1, "log_interval": 10, "weight_decay": 0.0, "save_model": false}, "model": "recurrent_randcontext"}