{"trainingPerformance": [48.90833333333333, 75.93333333333334, 92.89166666666667, 97.35833333333333, 99.19166666666666, 99.86666666666666, 99.96666666666667, 100.0, 100.0], "testPerformance": [49.266666666666666, 89.3, 96.9, 97.36666666666666, 99.43333333333334, 100.0, 100.0, 100.0, 100.0], "args": {"modeltype": "aggregate", "batch_size_multi": [12], "lr_multi": [0.001], "batch_size": 12, "test_batch_size": 12, "epochs": 8, "lr": 0.001, "momentum": 0.9, "no_cuda": false, "seed": 1, "log_interval": 10, "weight_decay": 0.0, "save_model": false}, "model": "recurrent_constantcontext"}