{"trainingPerformance": [62.37068965517241, 73.97988505747126, 73.93797892720306, 74.04334291187739, 74.15229885057471, 74.3235153256705, 74.4169061302682, 74.53663793103448, 74.65876436781609, 74.76412835249042, 74.84315134099617, 74.88026819923371, 74.90181992337165, 74.9521072796935, 74.96886973180077, 75.003591954023, 75.04070881226053, 75.06226053639847, 75.12452107279694, 75.1676245210728, 75.15924329501915, 75.17121647509579, 75.1772030651341, 75.16522988505747, 75.17001915708812, 75.19276819923371, 75.21671455938697, 75.22988505747126, 75.23347701149426, 75.2574233716475, 75.25981800766283], "testPerformance": [63.26149425287356, 99.89942528735632, 99.85632183908046, 99.86350574712644, 99.77729885057471, 99.71264367816092, 99.61206896551724, 99.51149425287356, 99.4396551724138, 99.33189655172414, 99.1882183908046, 99.10201149425288, 98.96551724137932, 98.9080459770115, 98.82902298850574, 98.69971264367815, 98.55603448275862, 98.41954022988506, 98.27586206896552, 98.15373563218391, 98.04597701149426, 97.89511494252874, 97.78735632183908, 97.70833333333333, 97.61494252873563, 97.49281609195403, 97.39942528735632, 97.32758620689656, 97.25574712643679, 97.191091954023, 97.11925287356321], "args": {"network_style": "recurrent", "create_new_dataset": true, "include_fillers": true, "which_context": 0, "all_fullrange": false, "retain_hidden_state": true, "label_context": "true", "block_int_ttsplit": false, "retrain_decoder": true, "original_model_name": "models/RNN_trainedmodel_truecontextlabel_numrangeblocked_retainstate_n0.0_bs1_lr0.0001_ep10_r200_h200_bpl120_trlf0.0_id1033.pth", "modeltype": "aggregate", "train_lesion_freq": 1.0, "batch_size_multi": [1], "lr_multi": [0.001], "batch_size": 1, "test_batch_size": 1, "epochs": 30, "lr": 0.0001, "momentum": 0.9, "no_cuda": false, "seed": 1, "log_interval": 10, "weight_decay": 0.0, "save_model": false, "recurrent_size": 200, "hidden_size": 200, "BPTT_len": 120, "noise_std": 0.0, "model_id": "1033"}}