{"trainingPerformance": [50.632183908045974, 74.13314176245211, 74.27681992337165, 74.375, 74.51867816091954, 74.61685823754789, 74.70186781609195, 74.93055555555556, 75.04549808429118, 75.15086206896552, 75.20114942528735], "testPerformance": [50.668103448275865, 99.98563218390805, 99.97126436781609, 99.9353448275862, 99.91379310344827, 99.89224137931035, 99.87787356321839, 99.84913793103448, 99.79885057471265, 99.73419540229885, 99.65517241379311], "args": {"network_style": "recurrent", "create_new_dataset": true, "include_fillers": true, "which_context": 0, "all_fullrange": false, "retain_hidden_state": true, "label_context": "true", "block_int_ttsplit": false, "retrain_decoder": true, "original_model_name": "models/RNN_trainedmodel_truecontextlabel_numrangeblocked_retainstate_n0.0_bs1_lr0.0001_ep10_r200_h200_bpl120_trlf0.0_id832.pth", "modeltype": "aggregate", "train_lesion_freq": 1.0, "batch_size_multi": [1], "lr_multi": [0.001], "batch_size": 1, "test_batch_size": 1, "epochs": 10, "lr": 0.0001, "momentum": 0.9, "no_cuda": false, "seed": 1, "log_interval": 10, "weight_decay": 0.0, "save_model": false, "recurrent_size": 200, "hidden_size": 200, "BPTT_len": 120, "noise_std": 0.0, "model_id": "832"}}