{"trainingPerformance": [49.97964559386973, 63.15972222222222, 66.33740421455938, 77.34075670498085, 79.69827586206897, 80.23826628352491, 80.75790229885058, 81.040469348659, 80.67049808429118, 80.86805555555556, 81.0500478927203], "testPerformance": [50.02155172413793, 74.63362068965517, 79.39655172413794, 97.22701149425288, 94.92816091954023, 98.49137931034483, 98.91522988505747, 99.18103448275862, 99.0014367816092, 99.15229885057471, 98.50574712643679], "args": {"network_style": "recurrent", "create_new_dataset": true, "include_fillers": true, "fileloc": "datasets/", "which_context": 0, "all_fullrange": false, "retain_hidden_state": true, "label_context": "true", "modeltype": "aggregate", "train_lesion_freq": 0.4, "batch_size_multi": [1], "lr_multi": [0.0001], "batch_size": 1, "test_batch_size": 1, "epochs": 10, "lr": 0.0001, "momentum": 0.9, "no_cuda": false, "seed": 1, "log_interval": 10, "weight_decay": 0.0, "save_model": false, "recurrent_size": 200, "hidden_size": 200, "BPTT_len": 120, "noise_std": 0.0, "model_id": 2416}}