{"trainingPerformance": [50.06226053639847, 76.53017241379311, 97.9250478927203, 99.65996168582376, 99.84315134099617, 99.95450191570882, 99.98563218390805, 99.996408045977, 99.996408045977, 99.99760536398468, 99.99880268199233], "testPerformance": [50.31609195402299, 87.57902298850574, 99.82758620689656, 99.76293103448276, 99.70545977011494, 99.77011494252874, 99.83477011494253, 99.97844827586206, 100.0, 100.0, 100.0], "args": {"network_style": "recurrent", "create_new_dataset": true, "include_fillers": true, "fileloc": "datasets/", "which_context": 0, "all_fullrange": true, "retain_hidden_state": true, "label_context": "constant", "modeltype": "aggregate", "train_lesion_freq": 0.0, "batch_size_multi": [1], "lr_multi": [0.0001], "batch_size": 1, "test_batch_size": 1, "epochs": 10, "lr": 0.0001, "momentum": 0.9, "no_cuda": false, "seed": 1, "log_interval": 10, "weight_decay": 0.0, "recurrent_size": 200, "hidden_size": 200, "BPTT_len": 120, "noise_std": 0.0, "model_id": 2608}}