{"trainingPerformance": [49.90301724137931, 71.01772030651341, 89.27322796934865, 93.4889846743295, 94.08405172413794, 94.41091954022988, 94.5330459770115, 94.49712643678161, 94.41570881226053, 94.66115900383141, 94.46360153256705], "testPerformance": [49.798850574712645, 72.33477011494253, 97.70114942528735, 98.46264367816092, 98.92241379310344, 99.3103448275862, 99.30316091954023, 99.10919540229885, 99.38218390804597, 99.67672413793103, 99.15948275862068], "args": {"network_style": "recurrent", "create_new_dataset": true, "include_fillers": true, "fileloc": "datasets/", "which_context": 0, "all_fullrange": false, "retain_hidden_state": true, "label_context": "constant", "modeltype": "aggregate", "train_lesion_freq": 0.1, "batch_size_multi": [1], "lr_multi": [0.0001], "batch_size": 1, "test_batch_size": 1, "epochs": 10, "lr": 0.0001, "momentum": 0.9, "no_cuda": false, "seed": 1, "log_interval": 10, "weight_decay": 0.0, "recurrent_size": 200, "hidden_size": 200, "BPTT_len": 120, "noise_std": 0.0, "model_id": 8455}}