{"trainingPerformance": [99.97964559386973, 79.59650383141762, 79.48635057471265, 79.43486590038314, 79.61446360153256, 79.60847701149426, 79.9353448275862, 79.88864942528735, 79.65517241379311, 79.82878352490421, 79.58572796934865, 79.70306513409962, 80.06944444444444, 80.10177203065135, 80.04430076628353, 80.06944444444444, 80.15205938697318, 80.11374521072797, 80.17241379310344, 80.08979885057471, 80.04310344827586], "testPerformance": [99.91379310344827, 99.39655172413794, 99.82758620689656, 99.94252873563218, 99.96408045977012, 99.97844827586206, 99.97126436781609, 99.9353448275862, 99.84913793103448, 99.8419540229885, 99.80603448275862, 99.7485632183908, 99.691091954023, 99.61206896551724, 99.60488505747126, 99.54022988505747, 99.49712643678161, 99.51149425287356, 99.4396551724138, 99.40373563218391, 99.38218390804597], "args": {"network_style": "recurrent", "create_new_dataset": true, "include_fillers": true, "which_context": 0, "all_fullrange": false, "retain_hidden_state": true, "label_context": "true", "block_int_ttsplit": false, "retrain_decoder": true, "original_model_name": "models/RNN_trainedmodel_truecontextlabel_numrangeblocked_retainstate_n0.0_bs1_lr0.0001_ep10_r200_h200_bpl120_trlf0.0_id1033.pth", "modeltype": "aggregate", "train_lesion_freq": 0.4, "batch_size_multi": [1], "lr_multi": [0.005], "batch_size": 1, "test_batch_size": 1, "epochs": 20, "lr": 0.0001, "momentum": 0.9, "no_cuda": false, "seed": 1, "log_interval": 10, "weight_decay": 0.0, "save_model": false, "recurrent_size": 200, "hidden_size": 200, "BPTT_len": 120, "noise_std": 0.0, "model_id": "1033"}}