{"trainingPerformance": [46.459530651341, 77.8603927203065, 98.57998084291188, 99.66235632183908, 99.84315134099617, 99.9485153256705, 99.98682950191571, 99.99281609195403, 99.99401340996168, 99.99760536398468, 100.0], "testPerformance": [45.75431034482759, 97.2485632183908, 99.77011494252874, 99.92097701149426, 99.99281609195403, 100.0, 100.0, 99.99281609195403, 99.99281609195403, 99.99281609195403, 99.99281609195403], "args": {"network_style": "recurrent", "create_new_dataset": false, "include_fillers": true, "fileloc": "datasets/", "which_context": 0, "all_fullrange": true, "retain_hidden_state": true, "label_context": "constant", "modeltype": "aggregate", "train_lesion_freq": 0.0, "batch_size_multi": [1], "lr_multi": [0.0001], "batch_size": 1, "test_batch_size": 1, "epochs": 10, "lr": 0.0001, "momentum": 0.9, "no_cuda": false, "seed": 1, "log_interval": 10, "weight_decay": 0.0, "recurrent_size": 200, "hidden_size": 200, "BPTT_len": 120, "noise_std": 0.0, "model_id": 9648}}