{"trainingPerformance": [99.97964559386973, 79.53663793103448, 79.33429118773947, 79.6360153256705, 79.31633141762453, 79.5617816091954, 79.87787356321839, 79.74018199233717, 79.63481800766283, 79.51149425287356, 79.76652298850574, 79.70905172413794, 79.9066091954023, 79.83955938697318, 79.7521551724138, 79.8838601532567, 80.30531609195403, 79.90301724137932, 79.82758620689656, 79.80483716475096, 80.0514846743295], "testPerformance": [99.91379310344827, 99.33189655172414, 99.86350574712644, 99.94252873563218, 99.96408045977012, 99.94971264367815, 99.9353448275862, 99.88505747126437, 99.83477011494253, 99.79885057471265, 99.78448275862068, 99.70545977011494, 99.67672413793103, 99.64080459770115, 99.61206896551724, 99.59051724137932, 99.51867816091954, 99.48275862068965, 99.45402298850574, 99.44683908045977, 99.29597701149426], "args": {"network_style": "recurrent", "create_new_dataset": true, "include_fillers": true, "which_context": 0, "all_fullrange": false, "retain_hidden_state": true, "label_context": "true", "block_int_ttsplit": false, "retrain_decoder": true, "original_model_name": "models/RNN_trainedmodel_truecontextlabel_numrangeblocked_retainstate_n0.0_bs1_lr0.0001_ep10_r200_h200_bpl120_trlf0.0_id1033.pth", "modeltype": "aggregate", "train_lesion_freq": 0.4, "batch_size_multi": [1], "lr_multi": [0.0005], "batch_size": 1, "test_batch_size": 1, "epochs": 20, "lr": 0.0001, "momentum": 0.9, "no_cuda": false, "seed": 1, "log_interval": 10, "weight_decay": 0.0, "save_model": false, "recurrent_size": 200, "hidden_size": 200, "BPTT_len": 120, "noise_std": 0.0, "model_id": "1033"}}