{"trainingPerformance": [52.99090038314176, 69.31872605363985, 78.3441091954023, 88.64583333333333, 89.45641762452107, 90.09458812260536, 90.316091954023, 90.21192528735632, 90.33524904214559, 90.58908045977012, 90.29573754789271], "testPerformance": [53.02442528735632, 74.82040229885058, 90.07183908045977, 95.14367816091954, 94.00862068965517, 97.67241379310344, 99.48275862068965, 98.57758620689656, 99.77011494252874, 99.11637931034483, 99.50431034482759], "args": {"network_style": "recurrent", "create_new_dataset": false, "include_fillers": true, "fileloc": "datasets/", "which_context": 0, "all_fullrange": false, "retain_hidden_state": true, "label_context": "true", "modeltype": "aggregate", "train_lesion_freq": 0.2, "batch_size_multi": [1], "lr_multi": [0.0001], "batch_size": 1, "test_batch_size": 1, "epochs": 10, "lr": 0.0001, "momentum": 0.9, "no_cuda": false, "seed": 1, "log_interval": 10, "weight_decay": 0.0, "save_model": false, "recurrent_size": 200, "hidden_size": 200, "BPTT_len": 120, "noise_std": 0.0, "model_id": 594}}