{"trainingPerformance": [51.30627394636015, 73.76915708812261, 91.143438697318, 99.38338122605364, 99.81800766283524, 99.96288314176245, 99.98802681992338, 99.99880268199233, 100.0, 100.0, 100.0], "testPerformance": [51.49425287356322, 67.816091954023, 99.20977011494253, 99.8132183908046, 99.94252873563218, 99.97844827586206, 99.99281609195403, 99.98563218390805, 99.98563218390805, 99.98563218390805, 99.99281609195403], "args": {"network_style": "recurrent", "create_new_dataset": true, "include_fillers": true, "fileloc": "datasets/", "which_context": 0, "all_fullrange": false, "retain_hidden_state": true, "label_context": "constant", "modeltype": "aggregate", "train_lesion_freq": 0.0, "batch_size_multi": [1], "lr_multi": [0.0001], "batch_size": 1, "test_batch_size": 1, "epochs": 10, "lr": 0.0001, "momentum": 0.9, "no_cuda": false, "seed": 1, "log_interval": 10, "weight_decay": 0.0, "recurrent_size": 200, "hidden_size": 200, "BPTT_len": 120, "noise_std": 0.0, "model_id": 3913}}