{"trainingPerformance": [49.766666666666666, 91.48333333333333, 98.575, 99.45833333333333, 99.7, 99.81666666666666], "testPerformance": [48.46666666666667, 93.6, 97.9, 98.0, 99.86666666666666, 99.83333333333333], "args": {"modeltype": "aggregate", "batch_size_multi": [1], "lr_multi": [0.001], "batch_size": 1, "test_batch_size": 1, "epochs": 5, "lr": 0.001, "momentum": 0.9, "no_cuda": false, "seed": 1, "log_interval": 10, "weight_decay": 0.0, "save_model": false}, "model": "recurrent_nocontext"}