{"trainingPerformance": [70.20833333333333, 91.15, 96.375, 98.91666666666667, 99.74166666666666, 99.98333333333333, 99.99166666666666, 100.0, 100.0, 100.0], "testPerformance": [85.06666666666666, 96.53333333333333, 98.33333333333333, 99.5, 100.0, 100.0, 100.0, 100.0, 100.0, 100.0], "args": {"modeltype": "aggregate", "batch_size_multi": [12], "lr_multi": [0.001], "batch_size": 12, "test_batch_size": 12, "epochs": 10, "lr": 0.001, "momentum": 0.9, "no_cuda": false, "seed": 1, "log_interval": 10, "weight_decay": 0.0, "save_model": false}, "model": "recurrent_withcontext"}