{"trainingPerformance": [50.111350574712645, 76.08117816091954, 98.25909961685824, 99.64679118773947, 99.82638888888889, 99.93295019157088, 99.98443486590038, 99.99161877394636, 99.99401340996168, 99.99521072796935, 99.996408045977], "testPerformance": [49.367816091954026, 93.14655172413794, 99.54741379310344, 99.88505747126437, 99.99281609195403, 100.0, 100.0, 100.0, 100.0, 100.0, 100.0], "args": {"network_style": "recurrent", "create_new_dataset": false, "include_fillers": true, "fileloc": "datasets/", "which_context": 0, "all_fullrange": true, "retain_hidden_state": true, "label_context": "constant", "modeltype": "aggregate", "train_lesion_freq": 0.0, "batch_size_multi": [1], "lr_multi": [0.0001], "batch_size": 1, "test_batch_size": 1, "epochs": 10, "lr": 0.0001, "momentum": 0.9, "no_cuda": false, "seed": 1, "log_interval": 10, "weight_decay": 0.0, "recurrent_size": 200, "hidden_size": 200, "BPTT_len": 120, "noise_std": 0.0, "model_id": 1703}}