{"trainingPerformance": [49.888649425287355, 75.47413793103448, 95.28855363984674, 99.60009578544062, 99.82638888888889, 99.9521072796935, 99.98204022988506, 99.99281609195403, 99.99880268199233, 99.99880268199233, 99.99880268199233], "testPerformance": [50.632183908045974, 78.1896551724138, 99.59770114942529, 99.89942528735632, 100.0, 100.0, 100.0, 100.0, 100.0, 100.0, 100.0], "args": {"network_style": "recurrent", "create_new_dataset": false, "include_fillers": true, "fileloc": "datasets/", "which_context": 0, "all_fullrange": true, "retain_hidden_state": true, "label_context": "constant", "modeltype": "aggregate", "train_lesion_freq": 0.0, "batch_size_multi": [1], "lr_multi": [0.0001], "batch_size": 1, "test_batch_size": 1, "epochs": 10, "lr": 0.0001, "momentum": 0.9, "no_cuda": false, "seed": 1, "log_interval": 10, "weight_decay": 0.0, "recurrent_size": 200, "hidden_size": 200, "BPTT_len": 120, "noise_std": 0.0, "model_id": 3058}}