{"trainingPerformance": [46.15421455938697, 71.73371647509579, 84.40613026819923, 93.23994252873563, 93.94157088122606, 94.27562260536398, 94.42768199233717, 94.57255747126437, 94.31273946360153, 94.58812260536398, 94.15469348659003], "testPerformance": [45.94827586206897, 70.64655172413794, 96.28591954022988, 97.78017241379311, 95.51005747126437, 98.91522988505747, 98.34770114942529, 98.1896551724138, 99.30316091954023, 99.19540229885058, 99.22413793103448], "args": {"network_style": "recurrent", "create_new_dataset": true, "include_fillers": true, "fileloc": "datasets/", "which_context": 0, "all_fullrange": false, "retain_hidden_state": true, "label_context": "constant", "modeltype": "aggregate", "train_lesion_freq": 0.1, "batch_size_multi": [1], "lr_multi": [0.0001], "batch_size": 1, "test_batch_size": 1, "epochs": 10, "lr": 0.0001, "momentum": 0.9, "no_cuda": false, "seed": 1, "log_interval": 10, "weight_decay": 0.0, "recurrent_size": 200, "hidden_size": 200, "BPTT_len": 120, "noise_std": 0.0, "model_id": 4553}}