{"trainingPerformance": [50.08022030651341, 75.89918582375479, 94.67552681992338, 99.60608237547893, 99.85632183908046, 99.94372605363985, 99.97844827586206, 99.98443486590038, 99.98802681992338, 99.99401340996168, 99.99760536398468], "testPerformance": [49.66235632183908, 76.81752873563218, 99.66235632183908, 99.82758620689656, 99.95689655172414, 99.99281609195403, 100.0, 100.0, 100.0, 100.0, 100.0], "args": {"network_style": "recurrent", "create_new_dataset": true, "include_fillers": true, "fileloc": "datasets/", "which_context": 0, "all_fullrange": true, "retain_hidden_state": true, "label_context": "constant", "modeltype": "aggregate", "train_lesion_freq": 0.0, "batch_size_multi": [1], "lr_multi": [0.0001], "batch_size": 1, "test_batch_size": 1, "epochs": 10, "lr": 0.0001, "momentum": 0.9, "no_cuda": false, "seed": 1, "log_interval": 10, "weight_decay": 0.0, "recurrent_size": 200, "hidden_size": 200, "BPTT_len": 120, "noise_std": 0.0, "model_id": 6485}}