{"trainingPerformance": [56.088362068965516, 74.99521072796935, 93.128591954023, 94.55818965517241, 95.07902298850574, 95.29334291187739, 95.58908045977012, 95.6669061302682, 95.71719348659003, 96.02610153256705, 95.74712643678161], "testPerformance": [56.32902298850575, 90.97701149425288, 96.05603448275862, 99.15229885057471, 97.80172413793103, 99.73419540229885, 99.72701149425288, 99.50431034482759, 99.89942528735632, 99.80603448275862, 99.79166666666667], "args": {"network_style": "recurrent", "create_new_dataset": true, "include_fillers": true, "fileloc": "datasets/", "which_context": 0, "all_fullrange": true, "retain_hidden_state": true, "label_context": "true", "modeltype": "aggregate", "train_lesion_freq": 0.1, "batch_size_multi": [1], "lr_multi": [0.0001], "batch_size": 1, "test_batch_size": 1, "epochs": 10, "lr": 0.0001, "momentum": 0.9, "no_cuda": false, "seed": 1, "log_interval": 10, "weight_decay": 0.0, "recurrent_size": 200, "hidden_size": 200, "BPTT_len": 120, "noise_std": 0.0, "model_id": 8621}}