{"trainingPerformance": [50.094588122605366, 75.35919540229885, 95.73395593869732, 99.5713601532567, 99.8874521072797, 99.97365900383141, 99.996408045977, 99.99760536398468, 100.0, 100.0, 100.0], "testPerformance": [50.172413793103445, 77.57183908045977, 99.97126436781609, 99.95689655172414, 99.9353448275862, 99.98563218390805, 100.0, 100.0, 100.0, 100.0, 100.0], "args": {"network_style": "recurrent", "create_new_dataset": true, "include_fillers": true, "fileloc": "datasets/", "which_context": 0, "all_fullrange": true, "retain_hidden_state": true, "label_context": "constant", "modeltype": "aggregate", "train_lesion_freq": 0.0, "batch_size_multi": [1], "lr_multi": [0.0001], "batch_size": 1, "test_batch_size": 1, "epochs": 10, "lr": 0.0001, "momentum": 0.9, "no_cuda": false, "seed": 1, "log_interval": 10, "weight_decay": 0.0, "recurrent_size": 200, "hidden_size": 200, "BPTT_len": 120, "noise_std": 0.0, "model_id": 7590}}