{"trainingPerformance": [75.075, 92.7, 95.99166666666666, 98.725, 99.775, 99.96666666666667, 100.0, 100.0, 100.0, 100.0], "testPerformance": [89.73333333333333, 94.46666666666667, 97.13333333333334, 99.66666666666667, 100.0, 100.0, 100.0, 100.0, 100.0, 100.0], "args": {"modeltype": "aggregate", "batch_size_multi": [12], "lr_multi": [0.001], "batch_size": 12, "test_batch_size": 12, "epochs": 10, "lr": 0.001, "momentum": 0.9, "no_cuda": false, "seed": 1, "log_interval": 10, "weight_decay": 0.0, "save_model": false}, "model": "recurrent_withcontext"}