{"trainingPerformance": [69.29166666666667, 89.025, 94.5, 98.10833333333333, 99.50833333333334, 99.85833333333333, 99.93333333333334, 99.98333333333333, 99.99166666666666, 100.0], "testPerformance": [82.9, 92.63333333333334, 97.3, 99.2, 99.56666666666666, 99.9, 100.0, 100.0, 100.0, 100.0], "args": {"modeltype": "aggregate", "batch_size_multi": [12], "lr_multi": [0.001], "batch_size": 12, "test_batch_size": 12, "epochs": 10, "lr": 0.001, "momentum": 0.9, "no_cuda": false, "seed": 1, "log_interval": 10, "weight_decay": 0.0, "save_model": false}, "model": "recurrent_withcontext"}