{"trainingPerformance": [50.49329501915709, 71.45713601532567, 83.6949233716475, 93.53208812260536, 94.26364942528735, 94.8419540229885, 94.98204022988506, 95.13290229885058, 95.24185823754789, 95.32686781609195, 95.33764367816092], "testPerformance": [50.854885057471265, 75.70402298850574, 89.25287356321839, 95.85488505747126, 99.19540229885058, 99.44683908045977, 99.4396551724138, 99.94252873563218, 99.91379310344827, 100.0, 99.79166666666667], "args": {"network_style": "recurrent", "create_new_dataset": true, "include_fillers": true, "fileloc": "datasets/", "which_context": 0, "all_fullrange": false, "retain_hidden_state": true, "label_context": "true", "modeltype": "aggregate", "train_lesion_freq": 0.1, "batch_size_multi": [1], "lr_multi": [0.0001], "batch_size": 1, "test_batch_size": 1, "epochs": 10, "lr": 0.0001, "momentum": 0.9, "no_cuda": false, "seed": 1, "log_interval": 10, "weight_decay": 0.0, "recurrent_size": 200, "hidden_size": 200, "BPTT_len": 120, "noise_std": 0.0, "model_id": 518}}