{"trainingPerformance": [48.7176724137931, 72.14080459770115, 85.44420498084291, 93.67337164750958, 94.33069923371647, 94.70905172413794, 95.07543103448276, 95.05268199233717, 95.1867816091954, 95.28615900383141, 95.20713601532567], "testPerformance": [48.36925287356322, 75.10775862068965, 98.02442528735632, 96.72413793103448, 99.16666666666667, 98.22557471264368, 97.80172413793103, 98.62787356321839, 99.375, 99.89224137931035, 99.7485632183908], "args": {"network_style": "recurrent", "create_new_dataset": true, "include_fillers": true, "fileloc": "datasets/", "which_context": 0, "all_fullrange": false, "retain_hidden_state": true, "label_context": "true", "modeltype": "aggregate", "train_lesion_freq": 0.1, "batch_size_multi": [1], "lr_multi": [0.0001], "batch_size": 1, "test_batch_size": 1, "epochs": 10, "lr": 0.0001, "momentum": 0.9, "no_cuda": false, "seed": 1, "log_interval": 10, "weight_decay": 0.0, "recurrent_size": 200, "hidden_size": 200, "BPTT_len": 120, "noise_std": 0.0, "model_id": 3475}}