{"trainingPerformance": [50.102969348659, 74.29238505747126, 94.70785440613027, 99.5426245210728, 99.8742816091954, 99.94372605363985, 99.98443486590038, 99.996408045977, 99.99880268199233, 99.99880268199233, 100.0], "testPerformance": [50.24425287356322, 76.74568965517241, 99.19540229885058, 99.8419540229885, 99.99281609195403, 100.0, 100.0, 100.0, 100.0, 100.0, 100.0], "args": {"network_style": "recurrent", "create_new_dataset": false, "include_fillers": true, "fileloc": "datasets/", "which_context": 0, "all_fullrange": false, "retain_hidden_state": true, "label_context": "true", "modeltype": "aggregate", "train_lesion_freq": 0.0, "batch_size_multi": [1], "lr_multi": [0.0001], "batch_size": 1, "test_batch_size": 1, "epochs": 10, "lr": 0.0001, "momentum": 0.9, "no_cuda": false, "seed": 1, "log_interval": 10, "weight_decay": 0.0, "save_model": false, "recurrent_size": 200, "hidden_size": 200, "BPTT_len": 120, "noise_std": 0.0, "model_id": 5448}}