{"trainingPerformance": [76.3, 91.01666666666667, 97.31666666666666, 98.96666666666667, 99.7, 99.98333333333333, 100.0, 100.0, 100.0, 100.0], "testPerformance": [86.23333333333333, 96.2, 98.03333333333333, 99.76666666666667, 100.0, 100.0, 100.0, 100.0, 100.0, 100.0], "args": {"modeltype": "aggregate", "batch_size_multi": [12], "lr_multi": [0.001], "batch_size": 12, "test_batch_size": 12, "epochs": 10, "lr": 0.001, "momentum": 0.9, "no_cuda": false, "seed": 1, "log_interval": 10, "weight_decay": 0.0, "save_model": false}, "model": "recurrent_withcontext"}