{"trainingPerformance": [50.150862068965516, 76.01652298850574, 98.00047892720306, 99.5426245210728, 99.8455459770115, 99.93414750957854, 99.98084291187739, 99.99401340996168, 99.99880268199233, 100.0, 100.0], "testPerformance": [50.22270114942529, 93.64942528735632, 99.82040229885058, 99.95689655172414, 99.97126436781609, 99.97844827586206, 99.97844827586206, 99.97844827586206, 99.98563218390805, 99.98563218390805, 99.99281609195403], "args": {"network_style": "recurrent", "create_new_dataset": true, "include_fillers": true, "fileloc": "datasets/", "which_context": 0, "all_fullrange": true, "retain_hidden_state": true, "label_context": "true", "modeltype": "aggregate", "train_lesion_freq": 0.0, "batch_size_multi": [1], "lr_multi": [0.0001], "batch_size": 1, "test_batch_size": 1, "epochs": 10, "lr": 0.0001, "momentum": 0.9, "no_cuda": false, "seed": 1, "log_interval": 10, "weight_decay": 0.0, "recurrent_size": 200, "hidden_size": 200, "BPTT_len": 120, "noise_std": 0.0, "model_id": 6510}}