{"trainingPerformance": [49.888649425287355, 75.27658045977012, 96.0500478927203, 99.61805555555556, 99.79885057471265, 99.91139846743295, 99.97844827586206, 99.98922413793103, 99.996408045977, 99.99760536398468, 99.99760536398468], "testPerformance": [50.632183908045974, 78.57758620689656, 99.683908045977, 99.8419540229885, 99.99281609195403, 100.0, 100.0, 100.0, 100.0, 100.0, 100.0], "args": {"network_style": "recurrent", "create_new_dataset": false, "include_fillers": true, "fileloc": "datasets/", "which_context": 0, "all_fullrange": true, "retain_hidden_state": true, "label_context": "constant", "modeltype": "aggregate", "train_lesion_freq": 0.0, "batch_size_multi": [1], "lr_multi": [0.0001], "batch_size": 1, "test_batch_size": 1, "epochs": 10, "lr": 0.0001, "momentum": 0.9, "no_cuda": false, "seed": 1, "log_interval": 10, "weight_decay": 0.0, "recurrent_size": 200, "hidden_size": 200, "BPTT_len": 120, "noise_std": 0.0, "model_id": 2620}}