{"trainingPerformance": [71.83333333333333, 88.625, 95.425, 98.6, 99.51666666666667, 99.875, 99.975, 99.99166666666666, 100.0, 100.0], "testPerformance": [84.33333333333333, 90.73333333333333, 95.2, 97.63333333333334, 99.86666666666666, 100.0, 100.0, 100.0, 100.0, 100.0], "args": {"modeltype": "aggregate", "batch_size_multi": [12], "lr_multi": [0.001], "batch_size": 12, "test_batch_size": 12, "epochs": 10, "lr": 0.001, "momentum": 0.9, "no_cuda": false, "seed": 1, "log_interval": 10, "weight_decay": 0.0, "save_model": false}, "model": "recurrent_nocontext"}