{"trainingPerformance": [51.91331417624521, 74.09123563218391, 96.12787356321839, 99.50550766283524, 99.88625478927203, 99.97725095785441, 99.99161877394636, 99.99281609195403, 99.99760536398468, 100.0, 100.0], "testPerformance": [52.26293103448276, 76.54454022988506, 99.3103448275862, 99.5617816091954, 99.75574712643679, 99.95689655172414, 100.0, 100.0, 100.0, 100.0, 100.0], "args": {"network_style": "recurrent", "create_new_dataset": false, "include_fillers": true, "fileloc": "datasets/", "which_context": 0, "all_fullrange": false, "retain_hidden_state": true, "label_context": "constant", "modeltype": "aggregate", "train_lesion_freq": 0.0, "batch_size_multi": [1], "lr_multi": [0.0001], "batch_size": 1, "test_batch_size": 1, "epochs": 10, "lr": 0.0001, "momentum": 0.9, "no_cuda": false, "seed": 1, "log_interval": 10, "weight_decay": 0.0, "recurrent_size": 200, "hidden_size": 200, "BPTT_len": 120, "noise_std": 0.0, "model_id": 1360}}