{"trainingPerformance": [51.95522030651341, 73.62787356321839, 88.45306513409962, 99.22174329501915, 99.81681034482759, 99.94971264367815, 99.98323754789271, 99.99281609195403, 99.99760536398468, 99.99880268199233, 100.0], "testPerformance": [52.09770114942529, 70.64655172413794, 98.77155172413794, 99.60488505747126, 99.98563218390805, 100.0, 100.0, 100.0, 100.0, 99.99281609195403, 99.99281609195403], "args": {"network_style": "recurrent", "create_new_dataset": false, "include_fillers": true, "fileloc": "datasets/", "which_context": 0, "all_fullrange": false, "retain_hidden_state": true, "label_context": "constant", "modeltype": "aggregate", "train_lesion_freq": 0.0, "batch_size_multi": [1], "lr_multi": [0.0001], "batch_size": 1, "test_batch_size": 1, "epochs": 10, "lr": 0.0001, "momentum": 0.9, "no_cuda": false, "seed": 1, "log_interval": 10, "weight_decay": 0.0, "recurrent_size": 200, "hidden_size": 200, "BPTT_len": 120, "noise_std": 0.0, "model_id": 1961}}