{"trainingPerformance": [49.99521072796935, 76.17456896551724, 98.121408045977, 99.56417624521073, 99.87787356321839, 99.96048850574712, 99.98802681992338, 99.99760536398468, 100.0, 100.0, 100.0], "testPerformance": [49.985632183908045, 95.70402298850574, 99.48275862068965, 99.97126436781609, 99.97844827586206, 99.99281609195403, 99.99281609195403, 99.99281609195403, 99.99281609195403, 99.99281609195403, 99.99281609195403], "args": {"network_style": "recurrent", "create_new_dataset": true, "include_fillers": true, "fileloc": "datasets/", "which_context": 0, "all_fullrange": true, "retain_hidden_state": true, "label_context": "true", "modeltype": "aggregate", "train_lesion_freq": 0.0, "batch_size_multi": [1], "lr_multi": [0.0001], "batch_size": 1, "test_batch_size": 1, "epochs": 10, "lr": 0.0001, "momentum": 0.9, "no_cuda": false, "seed": 1, "log_interval": 10, "weight_decay": 0.0, "recurrent_size": 200, "hidden_size": 200, "BPTT_len": 120, "noise_std": 0.0, "model_id": 1347}}