{"trainingPerformance": [11.724137931034482, 79.35464559386973, 79.40134099616859, 79.19899425287356, 79.35464559386973, 79.48275862068965, 79.39774904214559, 79.28520114942529, 79.56657088122606, 79.81082375478927, 79.72820881226053, 79.68031609195403, 79.53544061302682, 79.59051724137932, 79.56896551724138, 79.71144636015326, 79.84913793103448, 79.81441570881226, 79.58213601532567, 79.61925287356321, 79.80603448275862], "testPerformance": [11.75287356321839, 100.0, 100.0, 100.0, 100.0, 100.0, 100.0, 99.99281609195403, 99.99281609195403, 99.99281609195403, 99.99281609195403, 99.97844827586206, 99.97126436781609, 99.95689655172414, 99.9066091954023, 99.87787356321839, 99.82758620689656, 99.82758620689656, 99.74137931034483, 99.7485632183908, 99.71264367816092], "args": {"network_style": "recurrent", "create_new_dataset": true, "include_fillers": true, "which_context": 0, "all_fullrange": false, "retain_hidden_state": true, "label_context": "true", "block_int_ttsplit": false, "retrain_decoder": true, "original_model_name": "models/RNN_trainedmodel_truecontextlabel_numrangeblocked_retainstate_n0.0_bs1_lr0.0001_ep10_r200_h200_bpl120_trlf0.0_id7388.pth", "modeltype": "aggregate", "train_lesion_freq": 0.4, "batch_size_multi": [1], "lr_multi": [0.001], "batch_size": 1, "test_batch_size": 1, "epochs": 20, "lr": 0.0001, "momentum": 0.9, "no_cuda": false, "seed": 1, "log_interval": 10, "weight_decay": 0.0, "save_model": false, "recurrent_size": 200, "hidden_size": 200, "BPTT_len": 120, "noise_std": 0.0, "model_id": "7388"}}