{"trainingPerformance": [74.15833333333333, 91.28333333333333, 96.175, 98.31666666666666, 99.33333333333333, 99.9, 99.95, 99.975, 99.99166666666666, 100.0], "testPerformance": [87.93333333333334, 93.86666666666666, 97.0, 98.93333333333334, 99.6, 99.9, 100.0, 100.0, 100.0, 100.0], "args": {"modeltype": "aggregate", "batch_size_multi": [12], "lr_multi": [0.001], "batch_size": 12, "test_batch_size": 12, "epochs": 10, "lr": 0.001, "momentum": 0.9, "no_cuda": false, "seed": 1, "log_interval": 10, "weight_decay": 0.0, "save_model": false}, "model": "recurrent_withcontext"}