{"trainingPerformance": [50.122395833333336, 97.61458333333333, 99.99479166666667, 100.0, 100.0, 100.0], "testPerformance": [49.869791666666664, 100.0, 100.0, 100.0, 100.0, 100.0], "args": {"modeltype": "aggregate", "batch_size_multi": [1], "lr_multi": [0.001], "batch_size": 1, "test_batch_size": 1, "epochs": 5, "lr": 0.001, "momentum": 0.9, "no_cuda": false, "seed": 1, "log_interval": 10, "weight_decay": 0.0, "save_model": false, "recurrent_size": 300, "hidden_size": 300}, "model": "recurrent_truecontext"}