{"trainingPerformance": [50.76867816091954, 71.60081417624521, 86.88577586206897, 93.85775862068965, 94.37739463601532, 94.88625478927203, 94.9904214559387, 95.13769157088123, 95.27179118773947, 95.27418582375479, 95.15565134099617], "testPerformance": [50.4669540229885, 76.37212643678161, 95.86206896551724, 97.97413793103448, 98.00287356321839, 99.56896551724138, 99.61206896551724, 99.73419540229885, 99.86350574712644, 99.79885057471265, 99.76293103448276], "args": {"network_style": "recurrent", "create_new_dataset": true, "include_fillers": true, "fileloc": "datasets/", "which_context": 0, "all_fullrange": false, "retain_hidden_state": true, "label_context": "true", "modeltype": "aggregate", "train_lesion_freq": 0.1, "batch_size_multi": [1], "lr_multi": [0.0001], "batch_size": 1, "test_batch_size": 1, "epochs": 10, "lr": 0.0001, "momentum": 0.9, "no_cuda": false, "seed": 1, "log_interval": 10, "weight_decay": 0.0, "recurrent_size": 200, "hidden_size": 200, "BPTT_len": 120, "noise_std": 0.0, "model_id": 646}}