{"trainingPerformance": [74.55, 91.53333333333333, 96.34166666666667, 98.83333333333333, 99.78333333333333, 99.95833333333333, 99.99166666666666, 100.0, 100.0, 100.0], "testPerformance": [86.43333333333334, 92.7, 96.76666666666667, 99.16666666666667, 99.86666666666666, 100.0, 100.0, 100.0, 100.0, 100.0], "args": {"modeltype": "aggregate", "batch_size_multi": [12], "lr_multi": [0.001], "batch_size": 12, "test_batch_size": 12, "epochs": 10, "lr": 0.001, "momentum": 0.9, "no_cuda": false, "seed": 1, "log_interval": 10, "weight_decay": 0.0, "save_model": false}, "model": "recurrent_nocontext"}