{"trainingPerformance": [72.38333333333334, 91.3, 95.75833333333334, 98.60833333333333, 99.75833333333334, 99.96666666666667, 100.0, 100.0, 100.0, 100.0], "testPerformance": [86.56666666666666, 91.3, 96.13333333333334, 98.7, 99.66666666666667, 99.8, 99.8, 100.0, 100.0, 100.0], "args": {"modeltype": "aggregate", "batch_size_multi": [12], "lr_multi": [0.001], "batch_size": 12, "test_batch_size": 12, "epochs": 10, "lr": 0.001, "momentum": 0.9, "no_cuda": false, "seed": 1, "log_interval": 10, "weight_decay": 0.0, "save_model": false}, "model": "recurrent_nocontext"}