{"trainingPerformance": [50.40229885057471, 73.9499521072797, 74.06130268199233, 74.09243295019157, 74.19061302681992, 74.24209770114942, 74.33548850574712, 74.39894636015326, 74.45162835249042, 74.5102969348659, 74.55818965517241], "testPerformance": [50.502873563218394, 100.0, 100.0, 100.0, 100.0, 100.0, 100.0, 99.98563218390805, 99.97126436781609, 99.9353448275862, 99.92816091954023], "args": {"network_style": "recurrent", "create_new_dataset": true, "include_fillers": true, "which_context": 0, "all_fullrange": false, "retain_hidden_state": true, "label_context": "true", "block_int_ttsplit": false, "retrain_decoder": true, "original_model_name": "models/RNN_trainedmodel_truecontextlabel_numrangeblocked_retainstate_n0.0_bs1_lr0.0001_ep10_r200_h200_bpl120_trlf0.0_id3791.pth", "modeltype": "aggregate", "train_lesion_freq": 1.0, "batch_size_multi": [1], "lr_multi": [0.001], "batch_size": 1, "test_batch_size": 1, "epochs": 10, "lr": 0.0001, "momentum": 0.9, "no_cuda": false, "seed": 1, "log_interval": 10, "weight_decay": 0.0, "save_model": false, "recurrent_size": 200, "hidden_size": 200, "BPTT_len": 120, "noise_std": 0.0, "model_id": "3791"}}