{"trainingPerformance": [48.781130268199234, 71.46551724137932, 83.73084291187739, 93.65780651340997, 94.09722222222223, 94.74736590038314, 95.17001915708812, 95.26340996168582, 95.01317049808429, 95.29094827586206, 95.13170498084291], "testPerformance": [49.18103448275862, 75.43103448275862, 92.39942528735632, 94.59770114942529, 98.48419540229885, 99.26005747126437, 99.41091954022988, 99.5330459770115, 99.57614942528735, 99.44683908045977, 99.9353448275862], "args": {"network_style": "recurrent", "create_new_dataset": false, "include_fillers": true, "fileloc": "datasets/", "which_context": 0, "all_fullrange": false, "retain_hidden_state": true, "label_context": "true", "modeltype": "aggregate", "train_lesion_freq": 0.1, "batch_size_multi": [1], "lr_multi": [0.0001], "batch_size": 1, "test_batch_size": 1, "epochs": 10, "lr": 0.0001, "momentum": 0.9, "no_cuda": false, "seed": 1, "log_interval": 10, "weight_decay": 0.0, "save_model": false, "recurrent_size": 200, "hidden_size": 200, "BPTT_len": 120, "noise_std": 0.0, "model_id": 6535}}