{"trainingPerformance": [71.28333333333333, 91.075, 95.65, 98.25833333333334, 99.41666666666667, 99.75, 99.95, 100.0, 100.0, 100.0], "testPerformance": [88.86666666666666, 90.73333333333333, 94.46666666666667, 98.3, 99.56666666666666, 99.86666666666666, 99.86666666666666, 100.0, 100.0, 100.0], "args": {"modeltype": "aggregate", "batch_size_multi": [12], "lr_multi": [0.001], "batch_size": 12, "test_batch_size": 12, "epochs": 10, "lr": 0.001, "momentum": 0.9, "no_cuda": false, "seed": 1, "log_interval": 10, "weight_decay": 0.0, "save_model": false}, "model": "recurrent_nocontext"}