{"trainingPerformance": [50.38553639846743, 74.61087164750958, 96.37811302681992, 99.51508620689656, 99.87308429118774, 99.95450191570882, 99.99161877394636, 99.99760536398468, 100.0, 100.0, 100.0], "testPerformance": [50.24425287356322, 74.99281609195403, 99.35344827586206, 99.86350574712644, 99.99281609195403, 99.99281609195403, 99.99281609195403, 99.99281609195403, 99.99281609195403, 99.99281609195403, 99.99281609195403], "args": {"network_style": "recurrent", "create_new_dataset": false, "include_fillers": true, "fileloc": "datasets/", "which_context": 0, "all_fullrange": false, "retain_hidden_state": true, "label_context": "constant", "modeltype": "aggregate", "train_lesion_freq": 0.0, "batch_size_multi": [1], "lr_multi": [0.0001], "batch_size": 1, "test_batch_size": 1, "epochs": 10, "lr": 0.0001, "momentum": 0.9, "no_cuda": false, "seed": 1, "log_interval": 10, "weight_decay": 0.0, "recurrent_size": 200, "hidden_size": 200, "BPTT_len": 120, "noise_std": 0.0, "model_id": 5730}}