{"trainingPerformance": [50.593869731800766, 74.09003831417624, 93.24473180076629, 99.47437739463602, 99.85991379310344, 99.94013409961686, 99.97126436781609, 99.99521072796935, 99.99880268199233, 100.0, 100.0], "testPerformance": [50.86206896551724, 70.65373563218391, 99.38218390804597, 99.59051724137932, 99.74137931034483, 99.95689655172414, 99.98563218390805, 99.99281609195403, 99.99281609195403, 99.99281609195403, 99.99281609195403], "args": {"network_style": "recurrent", "create_new_dataset": true, "include_fillers": true, "fileloc": "datasets/", "which_context": 0, "all_fullrange": false, "retain_hidden_state": true, "label_context": "constant", "modeltype": "aggregate", "train_lesion_freq": 0.0, "batch_size_multi": [1], "lr_multi": [0.0001], "batch_size": 1, "test_batch_size": 1, "epochs": 10, "lr": 0.0001, "momentum": 0.9, "no_cuda": false, "seed": 1, "log_interval": 10, "weight_decay": 0.0, "recurrent_size": 200, "hidden_size": 200, "BPTT_len": 120, "noise_std": 0.0, "model_id": 5875}}