{"trainingPerformance": [99.996408045977, 79.35704022988506, 79.20498084291188, 79.25646551724138, 79.43845785440612, 79.39176245210729, 79.4360632183908, 79.29477969348659, 79.33429118773947, 79.61206896551724, 79.56297892720306, 79.4588122605364, 79.21934865900383, 79.47318007662835, 79.43726053639847, 79.49832375478927, 79.36063218390805, 79.44204980842912, 79.50550766283524, 79.27322796934865, 79.43247126436782], "testPerformance": [99.99281609195403, 98.77873563218391, 99.94971264367815, 99.99281609195403, 99.99281609195403, 99.99281609195403, 100.0, 100.0, 100.0, 99.98563218390805, 99.99281609195403, 100.0, 99.98563218390805, 99.97844827586206, 99.98563218390805, 99.97844827586206, 99.97844827586206, 99.96408045977012, 99.96408045977012, 99.95689655172414, 99.95689655172414], "args": {"network_style": "recurrent", "create_new_dataset": true, "include_fillers": true, "which_context": 0, "all_fullrange": true, "retain_hidden_state": true, "label_context": "true", "block_int_ttsplit": false, "retrain_decoder": true, "original_model_name": "models/RNN_trainedmodel_truecontextlabel_numrangeintermingled_retainstate_n0.0_bs1_lr0.0001_ep10_r200_h200_bpl120_trlf0.0_id3713.pth", "modeltype": "aggregate", "train_lesion_freq": 0.4, "batch_size_multi": [1], "lr_multi": [0.005], "batch_size": 1, "test_batch_size": 1, "epochs": 20, "lr": 0.0001, "momentum": 0.9, "no_cuda": false, "seed": 1, "log_interval": 10, "weight_decay": 0.0, "save_model": false, "recurrent_size": 200, "hidden_size": 200, "BPTT_len": 120, "noise_std": 0.0, "model_id": "3713"}}