{"trainingPerformance": [49.93175287356322, 73.959530651341, 74.06130268199233, 74.07567049808429, 74.11278735632185, 74.12835249042146, 74.14391762452107, 74.16187739463602, 74.165469348659, 74.19659961685824, 74.25646551724138, 74.26963601532567, 74.28639846743295, 74.32830459770115, 74.34386973180077, 74.39295977011494, 74.40732758620689, 74.41331417624521, 74.43127394636015, 74.41451149425288, 74.4228927203065, 74.41451149425288, 74.42409003831418, 74.4228927203065, 74.42169540229885, 74.42768199233717, 74.41451149425288, 74.43366858237547, 74.44204980842912, 74.44085249042146, 74.39894636015326], "testPerformance": [49.66235632183908, 100.0, 100.0, 100.0, 100.0, 100.0, 100.0, 99.99281609195403, 99.98563218390805, 99.97844827586206, 99.97126436781609, 99.95689655172414, 99.94252873563218, 99.92097701149426, 99.87068965517241, 99.83477011494253, 99.80603448275862, 99.7485632183908, 99.67672413793103, 99.6264367816092, 99.56896551724138, 99.54741379310344, 99.44683908045977, 99.38936781609195, 99.36063218390805, 99.3103448275862, 99.23132183908046, 99.19540229885058, 99.1235632183908, 99.08045977011494, 99.03735632183908], "args": {"network_style": "recurrent", "create_new_dataset": true, "include_fillers": true, "which_context": 0, "all_fullrange": true, "retain_hidden_state": true, "label_context": "true", "block_int_ttsplit": false, "retrain_decoder": true, "original_model_name": "models/RNN_trainedmodel_truecontextlabel_numrangeintermingled_retainstate_n0.0_bs1_lr0.0001_ep10_r200_h200_bpl120_trlf0.0_id6213.pth", "modeltype": "aggregate", "train_lesion_freq": 1.0, "batch_size_multi": [1], "lr_multi": [0.001], "batch_size": 1, "test_batch_size": 1, "epochs": 30, "lr": 0.0001, "momentum": 0.9, "no_cuda": false, "seed": 1, "log_interval": 10, "weight_decay": 0.0, "save_model": false, "recurrent_size": 200, "hidden_size": 200, "BPTT_len": 120, "noise_std": 0.0, "model_id": "6213"}}