{"trainingPerformance": [48.57159961685824, 74.83836206896552, 92.22102490421456, 99.47318007662835, 99.87068965517241, 99.96288314176245, 99.98922413793103, 99.99401340996168, 99.99880268199233, 99.99880268199233, 100.0], "testPerformance": [48.51293103448276, 76.07040229885058, 99.35344827586206, 99.5330459770115, 99.94971264367815, 99.92816091954023, 99.96408045977012, 99.98563218390805, 99.99281609195403, 99.99281609195403, 99.98563218390805], "args": {"network_style": "recurrent", "create_new_dataset": true, "include_fillers": true, "fileloc": "datasets/", "which_context": 0, "all_fullrange": false, "retain_hidden_state": true, "label_context": "true", "modeltype": "aggregate", "train_lesion_freq": 0.0, "batch_size_multi": [1], "lr_multi": [0.0001], "batch_size": 1, "test_batch_size": 1, "epochs": 10, "lr": 0.0001, "momentum": 0.9, "no_cuda": false, "seed": 1, "log_interval": 10, "weight_decay": 0.0, "recurrent_size": 200, "hidden_size": 200, "BPTT_len": 120, "noise_std": 0.0, "model_id": 7388}}