{"trainingPerformance": [44.30795019157088, 76.60799808429118, 98.06752873563218, 99.5330459770115, 99.8647030651341, 99.96288314176245, 99.98443486590038, 99.99161877394636, 99.99880268199233, 99.99880268199233, 100.0], "testPerformance": [44.48994252873563, 92.99568965517241, 99.58333333333333, 99.92816091954023, 99.99281609195403, 100.0, 100.0, 100.0, 100.0, 100.0, 100.0], "args": {"network_style": "recurrent", "create_new_dataset": true, "include_fillers": true, "fileloc": "datasets/", "which_context": 0, "all_fullrange": true, "retain_hidden_state": true, "label_context": "constant", "modeltype": "aggregate", "train_lesion_freq": 0.0, "batch_size_multi": [1], "lr_multi": [0.0001], "batch_size": 1, "test_batch_size": 1, "epochs": 10, "lr": 0.0001, "momentum": 0.9, "no_cuda": false, "seed": 1, "log_interval": 10, "weight_decay": 0.0, "recurrent_size": 200, "hidden_size": 200, "BPTT_len": 120, "noise_std": 0.0, "model_id": 3721}}