{"trainingPerformance": [47.127634099616856, 73.8852969348659, 74.17145593869732, 74.24090038314176, 74.3139367816092, 74.48275862068965, 74.62763409961686, 74.73299808429118, 74.80483716475096, 74.81082375478927, 74.84434865900383], "testPerformance": [47.18390804597701, 99.91379310344827, 99.98563218390805, 99.97126436781609, 99.92816091954023, 99.80603448275862, 99.73419540229885, 99.5330459770115, 99.30316091954023, 99.10919540229885, 98.9080459770115], "args": {"network_style": "recurrent", "create_new_dataset": true, "include_fillers": true, "which_context": 0, "all_fullrange": false, "retain_hidden_state": true, "label_context": "true", "block_int_ttsplit": false, "retrain_decoder": true, "original_model_name": "models/RNN_trainedmodel_truecontextlabel_numrangeblocked_retainstate_n0.0_bs1_lr0.0001_ep10_r200_h200_bpl120_trlf0.0_id1259.pth", "modeltype": "aggregate", "train_lesion_freq": 1.0, "batch_size_multi": [1], "lr_multi": [0.001], "batch_size": 1, "test_batch_size": 1, "epochs": 10, "lr": 0.0001, "momentum": 0.9, "no_cuda": false, "seed": 1, "log_interval": 10, "weight_decay": 0.0, "save_model": false, "recurrent_size": 200, "hidden_size": 200, "BPTT_len": 120, "noise_std": 0.0, "model_id": "1259"}}