{"trainingPerformance": [50.49166666666667, 91.03333333333333, 99.83333333333333, 100.0, 100.0, 100.0, 100.0, 100.0, 100.0, 100.0, 100.0], "testPerformance": [50.266666666666666, 96.83333333333333, 100.0, 100.0, 100.0, 100.0, 100.0, 100.0, 100.0, 100.0, 100.0], "args": {"modeltype": "aggregate", "batch_size_multi": [1], "lr_multi": [0.001], "batch_size": 1, "test_batch_size": 1, "epochs": 10, "lr": 0.001, "momentum": 0.9, "no_cuda": false, "seed": 1, "log_interval": 10, "weight_decay": 0.0, "save_model": false, "recurrent_size": 33, "hidden_size": 60}, "model": "recurrent_truecontext"}