{"trainingPerformance": [100.0, 79.34506704980843, 79.01221264367815, 79.20617816091954, 79.30076628352491, 79.63362068965517, 79.47437739463602, 79.8515325670498, 79.56896551724138, 79.55100574712644, 79.71384099616859, 79.66355363984674, 79.7389846743295, 79.67313218390805, 79.86350574712644, 79.84794061302682, 79.74976053639847, 79.9580938697318, 79.9066091954023, 79.83117816091954, 80.1161398467433], "testPerformance": [100.0, 99.26724137931035, 99.84913793103448, 99.96408045977012, 99.99281609195403, 99.99281609195403, 99.99281609195403, 99.99281609195403, 99.98563218390805, 99.95689655172414, 99.9353448275862, 99.94971264367815, 99.92097701149426, 99.89942528735632, 99.84913793103448, 99.82040229885058, 99.79885057471265, 99.75574712643679, 99.683908045977, 99.64080459770115, 99.64080459770115], "args": {"network_style": "recurrent", "create_new_dataset": true, "include_fillers": true, "which_context": 0, "all_fullrange": false, "retain_hidden_state": true, "label_context": "true", "block_int_ttsplit": false, "retrain_decoder": true, "original_model_name": "models/RNN_trainedmodel_truecontextlabel_numrangeblocked_retainstate_n0.0_bs1_lr0.0001_ep10_r200_h200_bpl120_trlf0.0_id6196.pth", "modeltype": "aggregate", "train_lesion_freq": 0.4, "batch_size_multi": [1], "lr_multi": [0.005], "batch_size": 1, "test_batch_size": 1, "epochs": 20, "lr": 0.0001, "momentum": 0.9, "no_cuda": false, "seed": 1, "log_interval": 10, "weight_decay": 0.0, "save_model": false, "recurrent_size": 200, "hidden_size": 200, "BPTT_len": 120, "noise_std": 0.0, "model_id": "6196"}}