{"trainingPerformance": [71.33333333333333, 91.69166666666666, 95.84166666666667, 98.28333333333333, 99.54166666666667, 99.91666666666667, 99.91666666666667, 99.93333333333334, 99.98333333333333, 99.99166666666666], "testPerformance": [86.16666666666667, 92.83333333333333, 97.03333333333333, 99.3, 99.9, 99.9, 99.9, 100.0, 100.0, 100.0], "args": {"modeltype": "aggregate", "batch_size_multi": [12], "lr_multi": [0.001], "batch_size": 12, "test_batch_size": 12, "epochs": 10, "lr": 0.001, "momentum": 0.9, "no_cuda": false, "seed": 1, "log_interval": 10, "weight_decay": 0.0, "save_model": false}, "model": "recurrent_withcontext"}