{"trainingPerformance": [56.041666666666664, 74.42887931034483, 92.99449233716476, 94.40253831417624, 94.91259578544062, 94.88266283524904, 94.9580938697318, 95.22749042145594, 95.12811302681992, 94.9580938697318, 94.90062260536398], "testPerformance": [56.5301724137931, 87.9382183908046, 96.63793103448276, 98.52729885057471, 99.96408045977012, 99.94252873563218, 99.92097701149426, 99.61925287356321, 99.69827586206897, 99.95689655172414, 99.13793103448276], "args": {"network_style": "recurrent", "create_new_dataset": true, "include_fillers": true, "fileloc": "datasets/", "which_context": 0, "all_fullrange": true, "retain_hidden_state": true, "label_context": "constant", "modeltype": "aggregate", "train_lesion_freq": 0.1, "batch_size_multi": [1], "lr_multi": [0.0001], "batch_size": 1, "test_batch_size": 1, "epochs": 10, "lr": 0.0001, "momentum": 0.9, "no_cuda": false, "seed": 1, "log_interval": 10, "weight_decay": 0.0, "recurrent_size": 200, "hidden_size": 200, "BPTT_len": 120, "noise_std": 0.0, "model_id": 1541}}