{"trainingPerformance": [56.76245210727969, 71.76604406130268, 88.37523946360153, 93.74880268199233, 94.13074712643679, 94.1139846743295, 94.46000957854406, 94.57375478927203, 94.43845785440612, 94.2397030651341, 94.46000957854406], "testPerformance": [56.702586206896555, 71.08477011494253, 96.37212643678161, 98.92959770114942, 99.23850574712644, 98.75718390804597, 98.55603448275862, 99.43247126436782, 99.51867816091954, 99.20977011494253, 98.23275862068965], "args": {"network_style": "recurrent", "create_new_dataset": true, "include_fillers": true, "fileloc": "datasets/", "which_context": 0, "all_fullrange": false, "retain_hidden_state": true, "label_context": "constant", "modeltype": "aggregate", "train_lesion_freq": 0.1, "batch_size_multi": [1], "lr_multi": [0.0001], "batch_size": 1, "test_batch_size": 1, "epochs": 10, "lr": 0.0001, "momentum": 0.9, "no_cuda": false, "seed": 1, "log_interval": 10, "weight_decay": 0.0, "recurrent_size": 200, "hidden_size": 200, "BPTT_len": 120, "noise_std": 0.0, "model_id": 447}}