{"trainingPerformance": [49.7, 69.93333333333334, 88.8, 96.68333333333334, 99.38333333333334, 99.91666666666667, 99.975, 100.0, 100.0], "testPerformance": [48.666666666666664, 83.93333333333334, 95.03333333333333, 98.06666666666666, 99.86666666666666, 100.0, 100.0, 100.0, 100.0], "args": {"modeltype": "aggregate", "batch_size_multi": [12], "lr_multi": [0.001], "batch_size": 12, "test_batch_size": 12, "epochs": 8, "lr": 0.001, "momentum": 0.9, "no_cuda": false, "seed": 1, "log_interval": 10, "weight_decay": 0.0, "save_model": false}, "model": "recurrent_randcontext"}