{"trainingPerformance": [49.934147509578544, 74.59291187739464, 92.3359674329502, 99.45282567049809, 99.85392720306514, 99.95689655172414, 99.98443486590038, 99.99521072796935, 99.99880268199233, 99.99880268199233, 100.0], "testPerformance": [49.8419540229885, 76.0632183908046, 98.77155172413794, 99.86350574712644, 99.97844827586206, 100.0, 99.98563218390805, 99.97844827586206, 99.99281609195403, 100.0, 100.0], "args": {"network_style": "recurrent", "create_new_dataset": false, "include_fillers": true, "fileloc": "datasets/", "which_context": 0, "all_fullrange": false, "retain_hidden_state": true, "label_context": "true", "modeltype": "aggregate", "train_lesion_freq": 0.0, "batch_size_multi": [1], "lr_multi": [0.0001], "batch_size": 1, "test_batch_size": 1, "epochs": 10, "lr": 0.0001, "momentum": 0.9, "no_cuda": false, "seed": 1, "log_interval": 10, "weight_decay": 0.0, "recurrent_size": 200, "hidden_size": 200, "BPTT_len": 120, "noise_std": 0.0, "model_id": 994}}