{"trainingPerformance": [44.55340038314176, 66.01412835249042, 70.9985632183908, 83.28184865900383, 84.58931992337165, 85.02514367816092, 85.48371647509579, 85.42624521072797, 85.5639367816092, 85.7734674329502, 85.6728927203065], "testPerformance": [44.331896551724135, 74.6264367816092, 86.73850574712644, 92.83045977011494, 97.34913793103448, 98.34051724137932, 99.50431034482759, 99.44683908045977, 99.13793103448276, 99.5617816091954, 99.3103448275862], "args": {"network_style": "recurrent", "create_new_dataset": false, "include_fillers": true, "fileloc": "datasets/", "which_context": 0, "all_fullrange": false, "retain_hidden_state": true, "label_context": "true", "modeltype": "aggregate", "train_lesion_freq": 0.3, "batch_size_multi": [1], "lr_multi": [0.0001], "batch_size": 1, "test_batch_size": 1, "epochs": 10, "lr": 0.0001, "momentum": 0.9, "no_cuda": false, "seed": 1, "log_interval": 10, "weight_decay": 0.0, "recurrent_size": 200, "hidden_size": 200, "BPTT_len": 120, "noise_std": 0.0}}