{"trainingPerformance": [63.266666666666666, 83.3, 91.91666666666667, 96.16666666666667, 97.95, 98.89166666666667, 99.30833333333334, 99.56666666666666, 99.73333333333333, 99.8], "testPerformance": [78.73333333333333, 85.36666666666666, 91.16666666666667, 94.33333333333333, 96.3, 96.9, 96.9, 97.53333333333333, 97.76666666666667, 98.03333333333333], "args": {"modeltype": "aggregate", "batch_size_multi": [12], "lr_multi": [0.001], "batch_size": 12, "test_batch_size": 12, "epochs": 10, "lr": 0.001, "momentum": 0.9, "no_cuda": false, "seed": 1, "log_interval": 10, "weight_decay": 0.0, "save_model": false}, "model": "recurrent_nocontext"}