{"trainingPerformance": [50.087404214559385, 79.81681034482759, 98.5632183908046, 99.69228927203065, 99.90181992337165, 99.96647509578544, 99.98443486590038, 99.99521072796935, 99.99521072796935, 100.0, 100.0], "testPerformance": [49.92816091954023, 95.28017241379311, 99.09482758620689, 99.89942528735632, 99.97126436781609, 99.99281609195403, 99.99281609195403, 99.99281609195403, 99.99281609195403, 99.99281609195403, 100.0], "args": {"network_style": "recurrent", "create_new_dataset": true, "include_fillers": true, "fileloc": "datasets/", "which_context": 0, "all_fullrange": true, "retain_hidden_state": true, "label_context": "true", "modeltype": "aggregate", "train_lesion_freq": 0.0, "batch_size_multi": [1], "lr_multi": [0.0001], "batch_size": 1, "test_batch_size": 1, "epochs": 10, "lr": 0.0001, "momentum": 0.9, "no_cuda": false, "seed": 1, "log_interval": 10, "weight_decay": 0.0, "recurrent_size": 200, "hidden_size": 200, "BPTT_len": 120, "noise_std": 0.0, "model_id": 3626}}