{"trainingPerformance": [49.85392720306513, 74.91379310344827, 96.8139367816092, 99.58572796934865, 99.82878352490421, 99.92576628352491, 99.96408045977012], "testPerformance": [49.457614942528735, 79.69827586206897, 99.03735632183908, 98.32255747126437, 97.26652298850574, 98.9044540229885, 99.91738505747126], "args": {"network_style": "recurrent", "create_new_dataset": false, "include_fillers": true, "fileloc": "datasets/", "which_context": 0, "all_fullrange": false, "retain_hidden_state": true, "label_context": "true", "modeltype": "aggregate", "train_lesion_freq": 0.0, "batch_size_multi": [1], "lr_multi": [0.0001], "batch_size": 1, "test_batch_size": 1, "epochs": 6, "lr": 0.0001, "momentum": 0.9, "no_cuda": false, "seed": 1, "log_interval": 10, "weight_decay": 0.0, "save_model": false, "recurrent_size": 200, "hidden_size": 200, "BPTT_len": 120, "noise_std": 0.0}}