{"trainingPerformance": [50.0323275862069, 71.90014367816092, 75.83572796934865, 84.82399425287356, 98.79909003831418, 99.6779214559387, 99.87787356321839], "testPerformance": [49.98204022988506, 69.57255747126437, 66.44755747126437, 96.23563218390805, 99.33189655172414, 99.67313218390805, 99.89942528735632], "args": {"modeltype": "aggregate", "batch_size_multi": [1], "lr_multi": [5e-05], "batch_size": 1, "test_batch_size": 1, "epochs": 6, "lr": 5e-05, "momentum": 0.9, "no_cuda": false, "seed": 1, "log_interval": 10, "weight_decay": 0.0, "save_model": false, "recurrent_size": 200, "hidden_size": 200, "BPTT_len": 120}, "model": "recurrent_truecontext"}