{"trainingPerformance": [48.74166666666667, 71.09166666666667, 90.29166666666667, 96.825, 98.98333333333333, 99.775, 99.975, 99.99166666666666, 100.0, 100.0, 100.0], "testPerformance": [48.13333333333333, 85.03333333333333, 95.06666666666666, 98.36666666666666, 99.43333333333334, 100.0, 100.0, 100.0, 100.0, 100.0, 100.0], "args": {"modeltype": "aggregate", "batch_size_multi": [12], "lr_multi": [0.001], "batch_size": 12, "test_batch_size": 12, "epochs": 10, "lr": 0.001, "momentum": 0.9, "no_cuda": false, "seed": 1, "log_interval": 10, "weight_decay": 0.0, "save_model": false, "recurrent_size": 33, "hidden_size": 60}, "model": "recurrent_randcontext"}