{"trainingPerformance": [56.65948275862069, 75.65972222222223, 82.65565134099617, 98.856561302682, 99.73419540229885, 99.88864942528735, 99.94372605363985], "testPerformance": [56.78879310344828, 76.84985632183908, 98.32974137931035, 99.87068965517241, 99.95689655172414, 100.0, 100.0], "args": {"modeltype": "aggregate", "batch_size_multi": [1], "lr_multi": [5e-05], "batch_size": 1, "test_batch_size": 1, "epochs": 6, "lr": 5e-05, "momentum": 0.9, "no_cuda": false, "seed": 1, "log_interval": 10, "weight_decay": 0.0, "save_model": false, "recurrent_size": 200, "hidden_size": 200, "BPTT_len": 120}, "model": "recurrent_truecontext"}