{"trainingPerformance": [41.50742337164751, 66.3948754789272, 73.85536398467433, 83.73323754789271, 84.65876436781609, 85.22150383141762, 85.34003831417624, 85.6154214559387, 85.26221264367815, 85.74712643678161, 85.75909961685824], "testPerformance": [42.377873563218394, 74.71982758620689, 82.28448275862068, 92.73706896551724, 97.22701149425288, 98.11063218390805, 97.816091954023, 99.22413793103448, 98.78591954022988, 99.15229885057471, 98.60632183908046], "args": {"network_style": "recurrent", "create_new_dataset": false, "include_fillers": true, "fileloc": "datasets/", "which_context": 0, "all_fullrange": false, "retain_hidden_state": true, "label_context": "true", "modeltype": "aggregate", "train_lesion_freq": 0.3, "batch_size_multi": [1], "lr_multi": [0.0001], "batch_size": 1, "test_batch_size": 1, "epochs": 10, "lr": 0.0001, "momentum": 0.9, "no_cuda": false, "seed": 1, "log_interval": 10, "weight_decay": 0.0, "recurrent_size": 200, "hidden_size": 200, "BPTT_len": 120, "noise_std": 0.0}}