{"trainingPerformance": [50.20234674329502, 77.21503831417624, 98.21240421455938, 99.66714559386973, 99.8515325670498, 99.93654214559388, 99.98084291187739, 99.9904214559387, 99.996408045977, 99.99880268199233, 100.0], "testPerformance": [49.583333333333336, 95.05028735632185, 99.61925287356321, 99.92097701149426, 99.99281609195403, 100.0, 99.96408045977012, 99.99281609195403, 100.0, 100.0, 100.0], "args": {"network_style": "recurrent", "create_new_dataset": true, "include_fillers": true, "fileloc": "datasets/", "which_context": 0, "all_fullrange": true, "retain_hidden_state": true, "label_context": "constant", "modeltype": "aggregate", "train_lesion_freq": 0.0, "batch_size_multi": [1], "lr_multi": [0.0001], "batch_size": 1, "test_batch_size": 1, "epochs": 10, "lr": 0.0001, "momentum": 0.9, "no_cuda": false, "seed": 1, "log_interval": 10, "weight_decay": 0.0, "recurrent_size": 200, "hidden_size": 200, "BPTT_len": 120, "noise_std": 0.0, "model_id": 1525}}