{"trainingPerformance": [99.95689655172414, 79.35344827586206, 79.3271072796935, 79.0205938697318, 79.68151340996168, 79.57854406130268, 79.64080459770115, 79.71024904214559, 79.38098659003832, 79.78568007662835, 79.93654214559388, 79.65876436781609, 80.02394636015326, 80.09099616858238, 79.88864942528735, 79.88864942528735, 80.209530651341, 79.9521072796935, 79.98922413793103, 79.77011494252874, 79.71503831417624], "testPerformance": [99.94971264367815, 98.74281609195403, 99.70545977011494, 99.9066091954023, 99.91379310344827, 99.89224137931035, 99.85632183908046, 99.87787356321839, 99.8132183908046, 99.77729885057471, 99.66235632183908, 99.683908045977, 99.691091954023, 99.61206896551724, 99.58333333333333, 99.55459770114942, 99.51867816091954, 99.45402298850574, 99.44683908045977, 99.39655172413794, 99.42528735632185], "args": {"network_style": "recurrent", "create_new_dataset": true, "include_fillers": true, "which_context": 0, "all_fullrange": false, "retain_hidden_state": true, "label_context": "true", "block_int_ttsplit": false, "retrain_decoder": true, "original_model_name": "models/RNN_trainedmodel_truecontextlabel_numrangeblocked_retainstate_n0.0_bs1_lr0.0001_ep10_r200_h200_bpl120_trlf0.0_id1033.pth", "modeltype": "aggregate", "train_lesion_freq": 0.4, "batch_size_multi": [1], "lr_multi": [0.005], "batch_size": 1, "test_batch_size": 1, "epochs": 20, "lr": 0.0001, "momentum": 0.9, "no_cuda": false, "seed": 1, "log_interval": 10, "weight_decay": 0.0, "save_model": false, "recurrent_size": 200, "hidden_size": 200, "BPTT_len": 120, "noise_std": 0.0, "model_id": "1033"}}