{"trainingPerformance": [45.235871647509576, 74.04813218390805, 92.86518199233717, 99.4911398467433, 99.8647030651341, 99.9485153256705, 99.98682950191571, 99.996408045977, 99.99760536398468, 99.99880268199233, 99.99880268199233], "testPerformance": [44.86350574712644, 76.07040229885058, 96.88936781609195, 99.58333333333333, 99.99281609195403, 100.0, 99.99281609195403, 99.97844827586206, 99.99281609195403, 100.0, 100.0], "args": {"network_style": "recurrent", "create_new_dataset": false, "include_fillers": true, "fileloc": "datasets/", "which_context": 0, "all_fullrange": false, "retain_hidden_state": true, "label_context": "true", "modeltype": "aggregate", "train_lesion_freq": 0.0, "batch_size_multi": [1], "lr_multi": [0.0001], "batch_size": 1, "test_batch_size": 1, "epochs": 10, "lr": 0.0001, "momentum": 0.9, "no_cuda": false, "seed": 1, "log_interval": 10, "weight_decay": 0.0, "recurrent_size": 200, "hidden_size": 200, "BPTT_len": 120, "noise_std": 0.0, "model_id": 5365}}