{"trainingPerformance": [50.065852490421456, 64.3330938697318, 65.95545977011494, 74.11518199233717, 79.80723180076629, 80.15684865900383, 80.54238505747126, 80.93151340996168, 80.941091954023, 80.76508620689656, 80.83692528735632], "testPerformance": [50.1580459770115, 74.67672413793103, 76.16379310344827, 91.76724137931035, 91.25718390804597, 97.17672413793103, 98.5632183908046, 98.82902298850574, 98.23275862068965, 98.33333333333333, 97.8735632183908], "args": {"network_style": "recurrent", "create_new_dataset": true, "include_fillers": true, "fileloc": "datasets/", "which_context": 0, "all_fullrange": false, "retain_hidden_state": true, "label_context": "true", "modeltype": "aggregate", "train_lesion_freq": 0.4, "batch_size_multi": [1], "lr_multi": [0.0001], "batch_size": 1, "test_batch_size": 1, "epochs": 10, "lr": 0.0001, "momentum": 0.9, "no_cuda": false, "seed": 1, "log_interval": 10, "weight_decay": 0.0, "recurrent_size": 200, "hidden_size": 200, "BPTT_len": 120, "noise_std": 0.0}}