{"trainingPerformance": [99.97964559386973, 84.59650383141762, 84.70665708812261, 84.39056513409962, 84.56297892720306, 84.76652298850574, 84.44683908045977, 84.62404214559388, 84.37021072796935, 84.67073754789271, 84.63721264367815, 84.60967432950191, 84.9389367816092, 84.97605363984674, 85.20713601532567, 84.69468390804597, 84.82399425287356, 84.94612068965517, 84.85632183908046, 84.90181992337165, 85.05028735632185, 85.0, 84.98323754789271, 84.96527777777777, 84.97964559386973, 85.2286877394636, 85.19276819923371, 84.92217432950191, 85.18438697318008, 85.0646551724138, 84.96168582375479, 85.16163793103448, 84.8838601532567, 84.98084291187739, 85.2191091954023, 84.9485153256705, 84.98084291187739, 84.87787356321839, 84.95450191570882, 84.81082375478927, 84.72341954022988, 85.003591954023, 84.8647030651341, 85.03352490421456, 85.05268199233717, 84.8455459770115, 84.8742816091954, 84.84674329501915, 84.92337164750958, 85.1484674329502, 85.02514367816092], "testPerformance": [99.91379310344827, 99.73419540229885, 99.91379310344827, 99.95689655172414, 99.97844827586206, 99.99281609195403, 99.98563218390805, 99.98563218390805, 99.97126436781609, 99.95689655172414, 99.9066091954023, 99.87068965517241, 99.83477011494253, 99.82758620689656, 99.79885057471265, 99.74137931034483, 99.72701149425288, 99.67672413793103, 99.64798850574712, 99.6264367816092, 99.65517241379311, 99.63362068965517, 99.5330459770115, 99.5330459770115, 99.46120689655173, 99.47557471264368, 99.51149425287356, 99.41810344827586, 99.48994252873563, 99.36781609195403, 99.41091954022988, 99.29597701149426, 99.26005747126437, 99.29597701149426, 99.33189655172414, 99.26724137931035, 99.1882183908046, 99.13793103448276, 99.066091954023, 99.00862068965517, 99.04454022988506, 99.04454022988506, 99.066091954023, 98.92959770114942, 99.00862068965517, 99.04454022988506, 98.98706896551724, 98.82902298850574, 98.90086206896552, 98.9367816091954, 98.79310344827586], "args": {"network_style": "recurrent", "create_new_dataset": true, "include_fillers": true, "which_context": 0, "all_fullrange": false, "retain_hidden_state": true, "label_context": "true", "block_int_ttsplit": false, "retrain_decoder": true, "original_model_name": "models/RNN_trainedmodel_truecontextlabel_numrangeblocked_retainstate_n0.0_bs1_lr0.0001_ep10_r200_h200_bpl120_trlf0.0_id1033.pth", "modeltype": "aggregate", "train_lesion_freq": 0.3, "batch_size_multi": [1], "lr_multi": [0.05], "batch_size": 1, "test_batch_size": 1, "epochs": 50, "lr": 0.0001, "momentum": 0.9, "no_cuda": false, "seed": 1, "log_interval": 10, "weight_decay": 0.0, "save_model": false, "recurrent_size": 200, "hidden_size": 200, "BPTT_len": 120, "noise_std": 0.0, "model_id": "1033"}}