{"trainingPerformance": [46.485871647509576, 72.31920498084291, 91.39128352490421, 94.45162835249042, 95.01436781609195, 95.3544061302682, 95.47892720306514, 95.56154214559388, 95.68247126436782, 95.89319923371647, 95.63936781609195], "testPerformance": [47.291666666666664, 81.23563218390805, 98.26149425287356, 99.14511494252874, 99.77729885057471, 99.89942528735632, 99.84913793103448, 99.87787356321839, 99.80603448275862, 99.97844827586206, 99.9353448275862], "args": {"network_style": "recurrent", "create_new_dataset": true, "include_fillers": true, "fileloc": "datasets/", "which_context": 0, "all_fullrange": true, "retain_hidden_state": true, "label_context": "true", "modeltype": "aggregate", "train_lesion_freq": 0.1, "batch_size_multi": [1], "lr_multi": [0.0001], "batch_size": 1, "test_batch_size": 1, "epochs": 10, "lr": 0.0001, "momentum": 0.9, "no_cuda": false, "seed": 1, "log_interval": 10, "weight_decay": 0.0, "recurrent_size": 200, "hidden_size": 200, "BPTT_len": 120, "noise_std": 0.0, "model_id": 387}}