{"trainingPerformance": [45.4, 65.68333333333334, 89.225, 96.15833333333333, 99.01666666666667, 99.84166666666667, 99.98333333333333, 100.0, 100.0], "testPerformance": [45.03333333333333, 80.76666666666667, 93.9, 98.06666666666666, 99.5, 100.0, 100.0, 100.0, 100.0], "args": {"modeltype": "aggregate", "batch_size_multi": [12], "lr_multi": [0.001], "batch_size": 12, "test_batch_size": 12, "epochs": 8, "lr": 0.001, "momentum": 0.9, "no_cuda": false, "seed": 1, "log_interval": 10, "weight_decay": 0.0, "save_model": false}, "model": "recurrent_randcontext"}