{"trainingPerformance": [55.293342911877396, 77.00431034482759, 98.10344827586206, 99.5522030651341, 99.84434865900383, 99.9580938697318, 99.98802681992338, 99.996408045977, 100.0, 100.0, 100.0], "testPerformance": [55.07902298850575, 96.4080459770115, 98.57040229885058, 99.99281609195403, 99.99281609195403, 99.99281609195403, 99.99281609195403, 100.0, 100.0, 100.0, 100.0], "args": {"network_style": "recurrent", "create_new_dataset": true, "include_fillers": true, "fileloc": "datasets/", "which_context": 0, "all_fullrange": true, "retain_hidden_state": true, "label_context": "true", "modeltype": "aggregate", "train_lesion_freq": 0.0, "batch_size_multi": [1], "lr_multi": [0.0001], "batch_size": 1, "test_batch_size": 1, "epochs": 10, "lr": 0.0001, "momentum": 0.9, "no_cuda": false, "seed": 1, "log_interval": 10, "weight_decay": 0.0, "recurrent_size": 200, "hidden_size": 200, "BPTT_len": 120, "noise_std": 0.0, "model_id": 7934}}