{"trainingPerformance": [49.91379310344828, 74.75095785440612, 78.38362068965517, 96.5074233716475, 99.2397030651341, 99.68271072796935], "testPerformance": [49.917385057471265, 76.9396551724138, 84.41451149425288, 99.64080459770115, 99.94612068965517, 99.92456896551724], "args": {"modeltype": "aggregate", "batch_size_multi": [1], "lr_multi": [5e-05], "batch_size": 1, "test_batch_size": 1, "epochs": 5, "lr": 5e-05, "momentum": 0.9, "no_cuda": false, "seed": 1, "log_interval": 10, "weight_decay": 0.0, "save_model": false, "recurrent_size": 200, "hidden_size": 200, "BPTT_len": 120}, "model": "recurrent_truecontext"}