{"trainingPerformance": [49.34027777777778, 63.77753831417625, 65.90158045977012, 72.67959770114942, 79.59770114942529, 80.628591954023, 80.66091954022988, 80.93630268199233, 80.7734674329502, 80.834530651341, 80.91115900383141], "testPerformance": [49.08045977011494, 74.39655172413794, 76.02729885057471, 90.14367816091954, 95.36637931034483, 98.52729885057471, 98.08189655172414, 98.98706896551724, 98.75, 99.34626436781609, 96.78879310344827], "args": {"network_style": "recurrent", "create_new_dataset": false, "include_fillers": true, "fileloc": "datasets/", "which_context": 0, "all_fullrange": false, "retain_hidden_state": true, "label_context": "true", "modeltype": "aggregate", "train_lesion_freq": 0.4, "batch_size_multi": [1], "lr_multi": [0.0001], "batch_size": 1, "test_batch_size": 1, "epochs": 10, "lr": 0.0001, "momentum": 0.9, "no_cuda": false, "seed": 1, "log_interval": 10, "weight_decay": 0.0, "save_model": false, "recurrent_size": 200, "hidden_size": 200, "BPTT_len": 120, "noise_std": 0.0, "model_id": 2330}}