{"trainingPerformance": [49.8132183908046, 74.78448275862068, 94.21455938697318, 99.50191570881226, 99.84315134099617, 99.93055555555556, 99.96767241379311, 99.9904214559387, 99.99760536398468, 100.0, 100.0], "testPerformance": [49.73419540229885, 77.10488505747126, 99.36063218390805, 99.98563218390805, 99.99281609195403, 99.98563218390805, 99.98563218390805, 99.98563218390805, 100.0, 100.0, 99.99281609195403], "args": {"network_style": "recurrent", "create_new_dataset": true, "include_fillers": true, "fileloc": "datasets/", "which_context": 0, "all_fullrange": false, "retain_hidden_state": true, "label_context": "true", "modeltype": "aggregate", "train_lesion_freq": 0.0, "batch_size_multi": [1], "lr_multi": [0.0001], "batch_size": 1, "test_batch_size": 1, "epochs": 10, "lr": 0.0001, "momentum": 0.9, "no_cuda": false, "seed": 1, "log_interval": 10, "weight_decay": 0.0, "recurrent_size": 200, "hidden_size": 200, "BPTT_len": 120, "noise_std": 0.0, "model_id": 7821}}