{"trainingPerformance": [49.475, 71.575, 90.425, 96.50833333333334, 98.78333333333333, 99.73333333333333, 99.96666666666667, 99.975, 99.99166666666666, 100.0, 100.0], "testPerformance": [49.9, 82.76666666666667, 95.03333333333333, 97.36666666666666, 99.53333333333333, 99.53333333333333, 100.0, 100.0, 100.0, 100.0, 100.0], "args": {"modeltype": "aggregate", "batch_size_multi": [12], "lr_multi": [0.001], "batch_size": 12, "test_batch_size": 12, "epochs": 10, "lr": 0.001, "momentum": 0.9, "no_cuda": false, "seed": 1, "log_interval": 10, "weight_decay": 0.0, "save_model": false, "recurrent_size": 33, "hidden_size": 60}, "model": "recurrent_randcontext"}