{"trainingPerformance": [99.99760536398468, 78.99305555555556, 79.5713601532567, 79.4911398467433, 79.60249042145594, 79.48874521072797, 79.42169540229885, 79.5330459770115, 79.5234674329502, 79.50550766283524, 79.44324712643679, 79.59650383141762, 79.59770114942529, 79.49832375478927, 79.38338122605364, 79.82638888888889, 79.44564176245211, 79.53663793103448, 79.70905172413794, 79.5941091954023, 79.74377394636015], "testPerformance": [100.0, 99.01580459770115, 99.9353448275862, 99.99281609195403, 100.0, 100.0, 100.0, 100.0, 100.0, 99.97844827586206, 99.94252873563218, 99.95689655172414, 99.91379310344827, 99.88505747126437, 99.80603448275862, 99.80603448275862, 99.59051724137932, 99.59770114942529, 99.51867816091954, 99.41810344827586, 99.26005747126437], "args": {"network_style": "recurrent", "create_new_dataset": true, "include_fillers": true, "which_context": 0, "all_fullrange": false, "retain_hidden_state": true, "label_context": "true", "block_int_ttsplit": false, "retrain_decoder": true, "original_model_name": "models/RNN_trainedmodel_truecontextlabel_numrangeblocked_retainstate_n0.0_bs1_lr0.0001_ep10_r200_h200_bpl120_trlf0.0_id3791.pth", "modeltype": "aggregate", "train_lesion_freq": 0.4, "batch_size_multi": [1], "lr_multi": [0.005], "batch_size": 1, "test_batch_size": 1, "epochs": 20, "lr": 0.0001, "momentum": 0.9, "no_cuda": false, "seed": 1, "log_interval": 10, "weight_decay": 0.0, "save_model": false, "recurrent_size": 200, "hidden_size": 200, "BPTT_len": 120, "noise_std": 0.0, "model_id": "3791"}}