{"trainingPerformance": [50.111350574712645, 77.54070881226053, 98.42193486590038, 99.62164750957854, 99.81561302681992, 99.93773946360153, 99.97126436781609, 99.98682950191571, 99.99760536398468, 99.99880268199233, 99.99880268199233], "testPerformance": [49.367816091954026, 97.32040229885058, 99.71264367816092, 99.66954022988506, 99.98563218390805, 100.0, 100.0, 100.0, 100.0, 100.0, 100.0], "args": {"network_style": "recurrent", "create_new_dataset": false, "include_fillers": true, "fileloc": "datasets/", "which_context": 0, "all_fullrange": true, "retain_hidden_state": true, "label_context": "constant", "modeltype": "aggregate", "train_lesion_freq": 0.0, "batch_size_multi": [1], "lr_multi": [0.0001], "batch_size": 1, "test_batch_size": 1, "epochs": 10, "lr": 0.0001, "momentum": 0.9, "no_cuda": false, "seed": 1, "log_interval": 10, "weight_decay": 0.0, "recurrent_size": 200, "hidden_size": 200, "BPTT_len": 120, "noise_std": 0.0, "model_id": 6122}}