{"trainingPerformance": [62.733333333333334, 86.3, 94.73333333333333, 97.73333333333333, 99.31666666666666, 99.875, 99.99166666666666, 100.0, 100.0, 100.0], "testPerformance": [78.16666666666667, 91.66666666666667, 95.0, 97.96666666666667, 99.03333333333333, 99.8, 99.8, 100.0, 100.0, 100.0], "args": {"modeltype": "aggregate", "batch_size_multi": [12], "lr_multi": [0.001], "batch_size": 12, "test_batch_size": 12, "epochs": 10, "lr": 0.001, "momentum": 0.9, "no_cuda": false, "seed": 1, "log_interval": 10, "weight_decay": 0.0, "save_model": false}, "model": "recurrent_nocontext"}