{"trainingPerformance": [49.34746168582375, 71.92049808429118, 87.45330459770115, 93.93079501915709, 94.55818965517241, 94.75335249042146, 95.07543103448276, 95.21551724137932, 95.19875478927203, 95.32447318007662, 95.01676245210729], "testPerformance": [48.98706896551724, 76.21408045977012, 95.941091954023, 98.57040229885058, 99.45402298850574, 98.2183908045977, 99.25287356321839, 99.79166666666667, 99.97844827586206, 99.25287356321839, 99.5617816091954], "args": {"network_style": "recurrent", "create_new_dataset": true, "include_fillers": true, "fileloc": "datasets/", "which_context": 0, "all_fullrange": false, "retain_hidden_state": true, "label_context": "true", "modeltype": "aggregate", "train_lesion_freq": 0.1, "batch_size_multi": [1], "lr_multi": [0.0001], "batch_size": 1, "test_batch_size": 1, "epochs": 10, "lr": 0.0001, "momentum": 0.9, "no_cuda": false, "seed": 1, "log_interval": 10, "weight_decay": 0.0, "recurrent_size": 200, "hidden_size": 200, "BPTT_len": 120, "noise_std": 0.0, "model_id": 5380}}