{"trainingPerformance": [56.31944444444444, 63.89846743295019, 66.29549808429118, 77.61374521072797, 79.8647030651341, 80.59267241379311, 80.4765325670498, 80.88122605363985, 80.75909961685824, 80.74832375478927, 81.03927203065135], "testPerformance": [56.50143678160919, 75.74712643678161, 79.00862068965517, 95.60344827586206, 97.17672413793103, 96.50862068965517, 99.05172413793103, 98.46264367816092, 99.17385057471265, 99.46120689655173, 99.33908045977012], "args": {"network_style": "recurrent", "create_new_dataset": true, "include_fillers": true, "fileloc": "datasets/", "which_context": 0, "all_fullrange": false, "retain_hidden_state": true, "label_context": "true", "modeltype": "aggregate", "train_lesion_freq": 0.4, "batch_size_multi": [1], "lr_multi": [0.0001], "batch_size": 1, "test_batch_size": 1, "epochs": 10, "lr": 0.0001, "momentum": 0.9, "no_cuda": false, "seed": 1, "log_interval": 10, "weight_decay": 0.0, "save_model": false, "recurrent_size": 200, "hidden_size": 200, "BPTT_len": 120, "noise_std": 0.0, "model_id": 8599}}