{"trainingPerformance": [91.375, 98.31666666666666, 99.58333333333333, 99.91666666666667, 99.98333333333333], "testPerformance": [95.7, 99.06666666666666, 99.66666666666667, 99.83333333333333, 99.9], "args": {"modeltype": "aggregate", "batch_size_multi": [1], "lr_multi": [0.001], "batch_size": 1, "test_batch_size": 1, "epochs": 5, "lr": 0.001, "momentum": 0.9, "no_cuda": false, "seed": 1, "log_interval": 10, "weight_decay": 0.0, "save_model": false}, "model": "recurrent_nocontext"}