{"trainingPerformance": [55.91355363984675, 72.03783524904215, 85.58908045977012, 93.8050766283525, 94.30555555555556, 94.99760536398468, 95.0610632183908, 95.27538314176245, 95.09458812260536, 95.13170498084291, 95.33884099616859], "testPerformance": [56.422413793103445, 75.74712643678161, 91.65948275862068, 97.57902298850574, 95.77586206896552, 96.83189655172414, 99.23850574712644, 99.79885057471265, 99.89942528735632, 99.92097701149426, 99.73419540229885], "args": {"network_style": "recurrent", "create_new_dataset": false, "include_fillers": true, "fileloc": "datasets/", "which_context": 0, "all_fullrange": false, "retain_hidden_state": true, "label_context": "true", "modeltype": "aggregate", "train_lesion_freq": 0.1, "batch_size_multi": [1], "lr_multi": [0.0001], "batch_size": 1, "test_batch_size": 1, "epochs": 10, "lr": 0.0001, "momentum": 0.9, "no_cuda": false, "seed": 1, "log_interval": 10, "weight_decay": 0.0, "save_model": false, "recurrent_size": 200, "hidden_size": 200, "BPTT_len": 120, "noise_std": 0.0, "model_id": 6156}}