{"trainingPerformance": [45.65, 69.73333333333333, 91.09166666666667, 95.48333333333333, 98.5, 99.54166666666667, 99.86666666666666, 99.925, 99.99166666666666, 100.0, 100.0], "testPerformance": [46.06666666666667, 86.96666666666667, 94.16666666666667, 98.6, 99.83333333333333, 99.83333333333333, 99.83333333333333, 100.0, 100.0, 100.0, 100.0], "args": {"modeltype": "aggregate", "batch_size_multi": [12], "lr_multi": [0.001], "batch_size": 12, "test_batch_size": 12, "epochs": 10, "lr": 0.001, "momentum": 0.9, "no_cuda": false, "seed": 1, "log_interval": 10, "weight_decay": 0.0, "save_model": false, "recurrent_size": 33, "hidden_size": 60}, "model": "recurrent_truecontext"}