{"trainingPerformance": [99.80723180076629, 79.19420498084291, 79.0529214559387, 79.34626436781609, 79.54621647509579, 79.42768199233717, 79.44085249042146, 79.27442528735632, 79.75814176245211, 79.61805555555556, 79.57854406130268, 79.79286398467433, 80.09818007662835, 79.73659003831418, 80.14248084291188, 79.65636973180077, 79.77011494252874, 79.71024904214559, 79.683908045977, 79.9521072796935, 79.59889846743295], "testPerformance": [99.79166666666667, 98.60632183908046, 99.5330459770115, 99.83477011494253, 99.87787356321839, 99.88505747126437, 99.86350574712644, 99.84913793103448, 99.82040229885058, 99.76293103448276, 99.683908045977, 99.2816091954023, 99.375, 99.1882183908046, 99.26005747126437, 98.97270114942529, 99.13074712643679, 98.9367816091954, 99.03017241379311, 98.89367816091954, 98.75718390804597], "args": {"network_style": "recurrent", "create_new_dataset": true, "include_fillers": true, "which_context": 0, "all_fullrange": false, "retain_hidden_state": true, "label_context": "true", "block_int_ttsplit": false, "retrain_decoder": true, "original_model_name": "models/RNN_trainedmodel_truecontextlabel_numrangeblocked_retainstate_n0.0_bs1_lr0.0001_ep10_r200_h200_bpl120_trlf0.0_id1259.pth", "modeltype": "aggregate", "train_lesion_freq": 0.4, "batch_size_multi": [1], "lr_multi": [0.005], "batch_size": 1, "test_batch_size": 1, "epochs": 20, "lr": 0.0001, "momentum": 0.9, "no_cuda": false, "seed": 1, "log_interval": 10, "weight_decay": 0.0, "save_model": false, "recurrent_size": 200, "hidden_size": 200, "BPTT_len": 120, "noise_std": 0.0, "model_id": "1259"}}