{"trainingPerformance": [53.776340996168585, 75.85129310344827, 97.58261494252874, 99.50670498084291, 99.84794061302682, 99.95090996168582, 99.97365900383141, 99.99401340996168, 100.0, 100.0, 100.0], "testPerformance": [54.44683908045977, 89.32471264367815, 99.48275862068965, 99.96408045977012, 99.97126436781609, 99.97126436781609, 99.97844827586206, 99.98563218390805, 99.98563218390805, 99.98563218390805, 99.98563218390805], "args": {"network_style": "recurrent", "create_new_dataset": true, "include_fillers": true, "fileloc": "datasets/", "which_context": 0, "all_fullrange": true, "retain_hidden_state": true, "label_context": "true", "modeltype": "aggregate", "train_lesion_freq": 0.0, "batch_size_multi": [1], "lr_multi": [0.0001], "batch_size": 1, "test_batch_size": 1, "epochs": 10, "lr": 0.0001, "momentum": 0.9, "no_cuda": false, "seed": 1, "log_interval": 10, "weight_decay": 0.0, "recurrent_size": 200, "hidden_size": 200, "BPTT_len": 120, "noise_std": 0.0, "model_id": 2000}}