{"trainingPerformance": [28.515325670498083, 73.93318965517241, 74.08165708812261, 74.15469348659003, 74.22294061302682, 74.35943486590038, 74.47198275862068, 74.57375478927203, 74.71743295019157, 74.77969348659003, 74.87907088122606], "testPerformance": [28.613505747126435, 100.0, 100.0, 100.0, 100.0, 100.0, 100.0, 100.0, 100.0, 99.97126436781609, 99.94971264367815], "args": {"network_style": "recurrent", "create_new_dataset": true, "include_fillers": true, "which_context": 0, "all_fullrange": false, "retain_hidden_state": true, "label_context": "true", "block_int_ttsplit": false, "retrain_decoder": true, "original_model_name": "models/RNN_trainedmodel_truecontextlabel_numrangeblocked_retainstate_n0.0_bs1_lr0.0001_ep10_r200_h200_bpl120_trlf0.0_id6196.pth", "modeltype": "aggregate", "train_lesion_freq": 1.0, "batch_size_multi": [1], "lr_multi": [0.001], "batch_size": 1, "test_batch_size": 1, "epochs": 10, "lr": 0.0001, "momentum": 0.9, "no_cuda": false, "seed": 1, "log_interval": 10, "weight_decay": 0.0, "save_model": false, "recurrent_size": 200, "hidden_size": 200, "BPTT_len": 120, "noise_std": 0.0, "model_id": "6196"}}