{"trainingPerformance": [49.888649425287355, 76.00454980842912, 97.55028735632185, 99.6264367816092, 99.80124521072797, 99.91858237547893, 99.97485632183908, 99.98922413793103, 99.9904214559387, 99.996408045977, 99.99880268199233], "testPerformance": [50.632183908045974, 83.85775862068965, 99.45402298850574, 99.71982758620689, 99.98563218390805, 100.0, 99.99281609195403, 100.0, 100.0, 100.0, 100.0], "args": {"network_style": "recurrent", "create_new_dataset": false, "include_fillers": true, "fileloc": "datasets/", "which_context": 0, "all_fullrange": true, "retain_hidden_state": true, "label_context": "constant", "modeltype": "aggregate", "train_lesion_freq": 0.0, "batch_size_multi": [1], "lr_multi": [0.0001], "batch_size": 1, "test_batch_size": 1, "epochs": 10, "lr": 0.0001, "momentum": 0.9, "no_cuda": false, "seed": 1, "log_interval": 10, "weight_decay": 0.0, "recurrent_size": 200, "hidden_size": 200, "BPTT_len": 120, "noise_std": 0.0, "model_id": 5077}}