{"trainingPerformance": [68.575, 82.60833333333333, 89.71666666666667, 94.35833333333333, 96.15, 97.55833333333334, 98.15, 98.89166666666667, 98.99166666666666, 99.23333333333333], "testPerformance": [78.36666666666666, 89.53333333333333, 92.43333333333334, 94.6, 94.8, 94.9, 95.76666666666667, 95.23333333333333, 96.06666666666666, 96.06666666666666], "args": {"modeltype": "aggregate", "batch_size_multi": [12], "lr_multi": [0.001], "batch_size": 12, "test_batch_size": 12, "epochs": 10, "lr": 0.001, "momentum": 0.9, "no_cuda": false, "seed": 1, "log_interval": 10, "weight_decay": 0.0, "save_model": false}, "model": "recurrent_nocontext"}