{"trainingPerformance": [50.053879310344826, 74.52466475095785, 91.76005747126437, 99.47318007662835, 99.90181992337165, 99.97006704980843, 99.9904214559387, 99.996408045977, 99.99760536398468, 99.99880268199233, 99.99880268199233], "testPerformance": [50.14367816091954, 76.10632183908046, 97.23419540229885, 99.91379310344827, 99.99281609195403, 100.0, 100.0, 100.0, 100.0, 100.0, 100.0], "args": {"network_style": "recurrent", "create_new_dataset": false, "include_fillers": true, "fileloc": "datasets/", "which_context": 0, "all_fullrange": false, "retain_hidden_state": true, "label_context": "true", "modeltype": "aggregate", "train_lesion_freq": 0.0, "batch_size_multi": [1], "lr_multi": [0.0001], "batch_size": 1, "test_batch_size": 1, "epochs": 10, "lr": 0.0001, "momentum": 0.9, "no_cuda": false, "seed": 1, "log_interval": 10, "weight_decay": 0.0, "recurrent_size": 200, "hidden_size": 200, "BPTT_len": 120, "noise_std": 0.0}}