{"trainingPerformance": [48.799090038314176, 74.44324712643679, 90.19396551724138, 99.34506704980843, 99.85751915708812, 99.95569923371647, 99.98563218390805, 99.996408045977, 99.99880268199233, 99.99880268199233, 99.99880268199233], "testPerformance": [49.45402298850575, 76.03448275862068, 97.50718390804597, 99.76293103448276, 99.97844827586206, 99.99281609195403, 100.0, 100.0, 100.0, 100.0, 100.0], "args": {"network_style": "recurrent", "create_new_dataset": false, "include_fillers": true, "fileloc": "datasets/", "which_context": 0, "all_fullrange": false, "retain_hidden_state": true, "label_context": "true", "modeltype": "aggregate", "train_lesion_freq": 0.0, "batch_size_multi": [1], "lr_multi": [0.0001], "batch_size": 1, "test_batch_size": 1, "epochs": 10, "lr": 0.0001, "momentum": 0.9, "no_cuda": false, "seed": 1, "log_interval": 10, "weight_decay": 0.0, "recurrent_size": 200, "hidden_size": 200, "BPTT_len": 120, "noise_std": 0.0}}