{"trainingPerformance": [50.10895593869732, 72.73946360153256, 92.36829501915709, 94.32471264367815, 94.64439655172414, 94.95929118773947, 95.07183908045977, 95.1640325670498, 95.11494252873563, 95.02873563218391, 94.90541187739464], "testPerformance": [50.32327586206897, 81.68103448275862, 98.45545977011494, 99.9066091954023, 99.87787356321839, 99.94252873563218, 99.98563218390805, 99.92097701149426, 99.8419540229885, 99.94971264367815, 99.9066091954023], "args": {"network_style": "recurrent", "create_new_dataset": true, "include_fillers": true, "fileloc": "datasets/", "which_context": 0, "all_fullrange": true, "retain_hidden_state": true, "label_context": "constant", "modeltype": "aggregate", "train_lesion_freq": 0.1, "batch_size_multi": [1], "lr_multi": [0.0001], "batch_size": 1, "test_batch_size": 1, "epochs": 10, "lr": 0.0001, "momentum": 0.9, "no_cuda": false, "seed": 1, "log_interval": 10, "weight_decay": 0.0, "recurrent_size": 200, "hidden_size": 200, "BPTT_len": 120, "noise_std": 0.0, "model_id": 342}}