{"trainingPerformance": [89.625, 98.44166666666666, 99.65833333333333, 99.925, 99.98333333333333], "testPerformance": [92.5, 99.13333333333334, 99.83333333333333, 99.83333333333333, 100.0], "args": {"modeltype": "aggregate", "batch_size_multi": [1], "lr_multi": [0.001], "batch_size": 1, "test_batch_size": 1, "epochs": 5, "lr": 0.001, "momentum": 0.9, "no_cuda": false, "seed": 1, "log_interval": 10, "weight_decay": 0.0, "save_model": false}, "model": "recurrent_nocontext"}