{"trainingPerformance": [90.26666666666667, 98.45, 99.60833333333333, 99.86666666666666, 99.96666666666667], "testPerformance": [96.26666666666667, 98.56666666666666, 98.86666666666666, 99.76666666666667, 99.83333333333333], "args": {"modeltype": "aggregate", "batch_size_multi": [1], "lr_multi": [0.001], "batch_size": 1, "test_batch_size": 1, "epochs": 5, "lr": 0.001, "momentum": 0.9, "no_cuda": false, "seed": 1, "log_interval": 10, "weight_decay": 0.0, "save_model": false}, "model": "recurrent_nocontext"}