{"trainingPerformance": [69.10833333333333, 88.61666666666666, 94.69166666666666, 98.03333333333333, 99.46666666666667, 99.81666666666666, 99.95833333333333, 100.0, 100.0, 100.0], "testPerformance": [82.86666666666666, 89.06666666666666, 95.03333333333333, 97.96666666666667, 99.23333333333333, 99.7, 100.0, 100.0, 100.0, 100.0], "args": {"modeltype": "aggregate", "batch_size_multi": [12], "lr_multi": [0.001], "batch_size": 12, "test_batch_size": 12, "epochs": 10, "lr": 0.001, "momentum": 0.9, "no_cuda": false, "seed": 1, "log_interval": 10, "weight_decay": 0.0, "save_model": false}, "model": "recurrent_nocontext"}