{"trainingPerformance": [99.99760536398468, 79.3271072796935, 79.76173371647509, 79.45282567049809, 79.88146551724138, 79.85751915708812, 79.8742816091954, 79.86590038314176, 79.6455938697318, 79.91259578544062, 79.8419540229885, 80.02993295019157, 79.71264367816092, 79.9485153256705, 80.17001915708812, 79.87308429118774, 79.71384099616859, 80.07662835249042, 79.90301724137932, 80.0838122605364, 79.81561302681992], "testPerformance": [100.0, 99.57614942528735, 99.99281609195403, 99.99281609195403, 100.0, 100.0, 99.98563218390805, 99.99281609195403, 99.97844827586206, 99.98563218390805, 99.97844827586206, 99.97844827586206, 99.97844827586206, 99.97844827586206, 99.97126436781609, 99.97844827586206, 99.96408045977012, 99.94971264367815, 99.92097701149426, 99.92097701149426, 99.91379310344827], "args": {"network_style": "recurrent", "create_new_dataset": true, "include_fillers": true, "which_context": 0, "all_fullrange": true, "retain_hidden_state": true, "label_context": "true", "block_int_ttsplit": false, "retrain_decoder": true, "original_model_name": "models/RNN_trainedmodel_truecontextlabel_numrangeintermingled_retainstate_n0.0_bs1_lr0.0001_ep10_r200_h200_bpl120_trlf0.0_id5219.pth", "modeltype": "aggregate", "train_lesion_freq": 0.4, "batch_size_multi": [1], "lr_multi": [0.005], "batch_size": 1, "test_batch_size": 1, "epochs": 20, "lr": 0.0001, "momentum": 0.9, "no_cuda": false, "seed": 1, "log_interval": 10, "weight_decay": 0.0, "save_model": false, "recurrent_size": 200, "hidden_size": 200, "BPTT_len": 120, "noise_std": 0.0, "model_id": "5219"}}