{"trainingPerformance": [49.7617337164751, 71.52298850574712, 85.32567049808429, 93.6566091954023, 94.3139367816092, 94.68630268199233, 94.86829501915709, 95.1484674329502, 95.22270114942529, 95.45498084291188, 95.32926245210729], "testPerformance": [50.05028735632184, 75.27298850574712, 96.3146551724138, 98.91522988505747, 99.45402298850574, 99.78448275862068, 99.85632183908046, 99.7485632183908, 99.8132183908046, 99.78448275862068, 99.82040229885058], "args": {"network_style": "recurrent", "create_new_dataset": true, "include_fillers": true, "fileloc": "datasets/", "which_context": 0, "all_fullrange": false, "retain_hidden_state": true, "label_context": "true", "modeltype": "aggregate", "train_lesion_freq": 0.1, "batch_size_multi": [1], "lr_multi": [0.0001], "batch_size": 1, "test_batch_size": 1, "epochs": 10, "lr": 0.0001, "momentum": 0.9, "no_cuda": false, "seed": 1, "log_interval": 10, "weight_decay": 0.0, "recurrent_size": 200, "hidden_size": 200, "BPTT_len": 120, "noise_std": 0.0, "model_id": 686}}