{"trainingPerformance": [51.513409961685824, 74.43366858237547, 91.38170498084291, 99.34746168582376], "testPerformance": [52.3419540229885, 76.21408045977012, 98.9080459770115, 99.73060344827586], "args": {"modeltype": "aggregate", "batch_size_multi": [1], "lr_multi": [0.0001], "batch_size": 1, "test_batch_size": 1, "epochs": 3, "lr": 0.0001, "momentum": 0.9, "no_cuda": false, "seed": 1, "log_interval": 10, "weight_decay": 0.0, "save_model": false, "recurrent_size": 200, "hidden_size": 200, "BPTT_len": 120}, "model": "recurrent_truecontext"}