{"trainingPerformance": [46.1757662835249, 49.980842911877396, 50.08860153256705, 50.0742337164751, 50.08141762452107, 50.07183908045977, 50.08022030651341, 50.064655172413794, 50.077825670498086, 50.0933908045977, 50.076628352490424, 50.09818007662835, 50.11254789272031, 50.11853448275862, 50.11494252873563, 50.15325670498084, 50.14367816091954, 50.15205938697318, 50.12931034482759, 50.128113026819925, 50.14607279693487], "testPerformance": [46.214080459770116, 29.49712643678161, 29.317528735632184, 29.238505747126435, 29.001436781609197, 28.79310344827586, 28.541666666666668, 28.04597701149425, 27.636494252873565, 27.32758620689655, 26.860632183908045, 26.41522988505747, 25.732758620689655, 25.086206896551722, 24.224137931034484, 23.38362068965517, 22.44971264367816, 21.623563218390803, 20.847701149425287, 20.07902298850575, 19.353448275862068], "args": {"network_style": "recurrent", "create_new_dataset": true, "include_fillers": true, "which_context": 0, "all_fullrange": false, "retain_hidden_state": true, "label_context": "true", "block_int_ttsplit": false, "retrain_decoder": true, "original_model_name": "models/RNN_trainedmodel_truecontextlabel_numrangeblocked_retainstate_n0.0_bs1_lr0.0001_ep10_r200_h200_bpl120_trlf0.0_id1033.pth", "modeltype": "aggregate", "train_lesion_freq": 1.0, "batch_size_multi": [1], "lr_multi": [0.001], "batch_size": 1, "test_batch_size": 1, "epochs": 20, "lr": 0.0001, "momentum": 0.9, "no_cuda": false, "seed": 1, "log_interval": 10, "weight_decay": 0.0, "save_model": false, "recurrent_size": 200, "hidden_size": 200, "BPTT_len": 120, "noise_std": 0.0, "model_id": "1033"}}