{"trainingPerformance": [50.026340996168585, 74.56776819923371, 95.23706896551724, 99.47437739463602, 99.8132183908046, 99.92456896551724, 99.95929118773947, 99.98922413793103, 99.996408045977, 99.99760536398468, 100.0], "testPerformance": [49.75574712643678, 77.39942528735632, 99.2816091954023, 99.63362068965517, 99.87068965517241, 99.94971264367815, 99.97126436781609, 99.94971264367815, 99.95689655172414, 99.97844827586206, 99.98563218390805], "args": {"network_style": "recurrent", "create_new_dataset": true, "include_fillers": true, "fileloc": "datasets/", "which_context": 0, "all_fullrange": false, "retain_hidden_state": true, "label_context": "true", "modeltype": "aggregate", "train_lesion_freq": 0.0, "batch_size_multi": [1], "lr_multi": [0.0001], "batch_size": 1, "test_batch_size": 1, "epochs": 10, "lr": 0.0001, "momentum": 0.9, "no_cuda": false, "seed": 1, "log_interval": 10, "weight_decay": 0.0, "recurrent_size": 200, "hidden_size": 200, "BPTT_len": 120, "noise_std": 0.0}}