{"trainingPerformance": [48.08668582375479, 79.5234674329502, 99.5390325670498, 99.97605363984674], "testPerformance": [47.855603448275865, 96.9683908045977, 99.98563218390805, 99.99281609195403], "args": {"modeltype": "aggregate", "batch_size_multi": [1], "lr_multi": [0.0001], "batch_size": 1, "test_batch_size": 1, "epochs": 3, "lr": 0.0001, "momentum": 0.9, "no_cuda": false, "seed": 1, "log_interval": 10, "weight_decay": 0.0, "save_model": false, "recurrent_size": 200, "hidden_size": 200, "BPTT_len": 120}, "model": "recurrent_truecontext"}