{"trainingPerformance": [99.996408045977, 79.50909961685824, 79.73060344827586, 79.79525862068965, 79.70545977011494, 79.81082375478927, 79.47916666666667, 79.59530651340997, 79.7713122605364, 80.01556513409962, 79.71982758620689, 79.95090996168582, 79.98443486590038, 79.88026819923371, 79.75335249042146, 80.08979885057471, 80.0419061302682, 79.95689655172414, 79.90780651340997, 80.0933908045977, 79.9485153256705], "testPerformance": [100.0, 98.87212643678161, 99.691091954023, 99.97126436781609, 100.0, 99.99281609195403, 99.99281609195403, 99.99281609195403, 99.97126436781609, 99.97126436781609, 99.95689655172414, 99.92816091954023, 99.91379310344827, 99.88505747126437, 99.88505747126437, 99.8419540229885, 99.75574712643679, 99.73419540229885, 99.63362068965517, 99.58333333333333, 99.52586206896552], "args": {"network_style": "recurrent", "create_new_dataset": true, "include_fillers": true, "which_context": 0, "all_fullrange": false, "retain_hidden_state": true, "label_context": "true", "block_int_ttsplit": false, "retrain_decoder": true, "original_model_name": "models/RNN_trainedmodel_truecontextlabel_numrangeblocked_retainstate_n0.0_bs1_lr0.0001_ep10_r200_h200_bpl120_trlf0.0_id8120.pth", "modeltype": "aggregate", "train_lesion_freq": 0.4, "batch_size_multi": [1], "lr_multi": [0.005], "batch_size": 1, "test_batch_size": 1, "epochs": 20, "lr": 0.0001, "momentum": 0.9, "no_cuda": false, "seed": 1, "log_interval": 10, "weight_decay": 0.0, "save_model": false, "recurrent_size": 200, "hidden_size": 200, "BPTT_len": 120, "noise_std": 0.0, "model_id": "8120"}}