{"trainingPerformance": [50.1867816091954, 73.16810344827586, 89.79645593869732, 94.30076628352491, 94.7425766283525, 94.897030651341, 95.06704980842912, 95.09578544061303, 95.25862068965517, 95.02514367816092, 94.89822796934865], "testPerformance": [50.27298850574713, 77.55028735632185, 99.51149425287356, 99.79166666666667, 99.9353448275862, 99.83477011494253, 99.94252873563218, 99.84913793103448, 99.94971264367815, 99.91379310344827, 99.97844827586206], "args": {"network_style": "recurrent", "create_new_dataset": true, "include_fillers": true, "fileloc": "datasets/", "which_context": 0, "all_fullrange": true, "retain_hidden_state": true, "label_context": "constant", "modeltype": "aggregate", "train_lesion_freq": 0.1, "batch_size_multi": [1], "lr_multi": [0.0001], "batch_size": 1, "test_batch_size": 1, "epochs": 10, "lr": 0.0001, "momentum": 0.9, "no_cuda": false, "seed": 1, "log_interval": 10, "weight_decay": 0.0, "recurrent_size": 200, "hidden_size": 200, "BPTT_len": 120, "noise_std": 0.0, "model_id": 9209}}