{"trainingPerformance": [47.934626436781606, 68.98826628352491, 79.53783524904215, 88.72365900383141, 89.19420498084291, 90.07902298850574, 90.2191091954023, 90.40229885057471, 90.4801245210728, 90.29932950191571, 90.39272030651341], "testPerformance": [48.22557471264368, 74.74137931034483, 89.11637931034483, 95.41666666666667, 96.95402298850574, 99.48275862068965, 98.83620689655173, 98.75, 98.32614942528735, 99.59051724137932, 99.5617816091954], "args": {"network_style": "recurrent", "create_new_dataset": false, "include_fillers": true, "fileloc": "datasets/", "which_context": 0, "all_fullrange": false, "retain_hidden_state": true, "label_context": "true", "modeltype": "aggregate", "train_lesion_freq": 0.2, "batch_size_multi": [1], "lr_multi": [0.0001], "batch_size": 1, "test_batch_size": 1, "epochs": 10, "lr": 0.0001, "momentum": 0.9, "no_cuda": false, "seed": 1, "log_interval": 10, "weight_decay": 0.0, "save_model": false, "recurrent_size": 200, "hidden_size": 200, "BPTT_len": 120, "noise_std": 0.0, "model_id": 5405}}