{"trainingPerformance": [49.95929118773947, 71.5205938697318, 86.59482758620689, 93.78831417624521, 94.27442528735632, 94.47078544061303, 94.46479885057471, 94.66594827586206, 94.48874521072797, 94.375, 94.14870689655173], "testPerformance": [49.576149425287355, 70.10057471264368, 97.90229885057471, 98.75718390804597, 99.19540229885058, 99.26005747126437, 99.57614942528735, 99.52586206896552, 99.52586206896552, 98.71408045977012, 99.26005747126437], "args": {"network_style": "recurrent", "create_new_dataset": true, "include_fillers": true, "fileloc": "datasets/", "which_context": 0, "all_fullrange": false, "retain_hidden_state": true, "label_context": "constant", "modeltype": "aggregate", "train_lesion_freq": 0.1, "batch_size_multi": [1], "lr_multi": [0.0001], "batch_size": 1, "test_batch_size": 1, "epochs": 10, "lr": 0.0001, "momentum": 0.9, "no_cuda": false, "seed": 1, "log_interval": 10, "weight_decay": 0.0, "recurrent_size": 200, "hidden_size": 200, "BPTT_len": 120, "noise_std": 0.0, "model_id": 614}}