{"trainingPerformance": [99.996408045977, 79.46240421455938, 79.39295977011494, 79.43845785440612, 79.44564176245211, 79.14391762452107, 79.04932950191571, 79.26724137931035, 79.38218390804597, 79.39295977011494, 79.26604406130268, 79.24329501915709, 79.3845785440613, 79.22772988505747, 79.18223180076629, 79.27921455938697, 79.29837164750958, 79.37739463601532, 79.5102969348659, 79.371408045977, 79.26484674329502], "testPerformance": [99.99281609195403, 99.9353448275862, 99.98563218390805, 100.0, 100.0, 100.0, 100.0, 100.0, 100.0, 100.0, 100.0, 100.0, 100.0, 99.99281609195403, 99.98563218390805, 99.98563218390805, 99.97126436781609, 99.91379310344827, 99.92816091954023, 99.89942528735632, 99.89942528735632], "args": {"network_style": "recurrent", "create_new_dataset": true, "include_fillers": true, "which_context": 0, "all_fullrange": true, "retain_hidden_state": true, "label_context": "true", "block_int_ttsplit": false, "retrain_decoder": true, "original_model_name": "models/RNN_trainedmodel_truecontextlabel_numrangeintermingled_retainstate_n0.0_bs1_lr0.0001_ep10_r200_h200_bpl120_trlf0.0_id1600.pth", "modeltype": "aggregate", "train_lesion_freq": 0.4, "batch_size_multi": [1], "lr_multi": [0.005], "batch_size": 1, "test_batch_size": 1, "epochs": 20, "lr": 0.0001, "momentum": 0.9, "no_cuda": false, "seed": 1, "log_interval": 10, "weight_decay": 0.0, "save_model": false, "recurrent_size": 200, "hidden_size": 200, "BPTT_len": 120, "noise_std": 0.0, "model_id": "1600"}}