{"trainingPerformance": [99.97964559386973, 78.9978448275862, 79.26484674329502, 79.68151340996168, 79.68630268199233, 79.47677203065135, 79.53424329501915, 79.62883141762453, 79.85871647509579, 79.72461685823755, 80.06704980842912], "testPerformance": [99.91379310344827, 99.1235632183908, 99.85632183908046, 99.94252873563218, 99.96408045977012, 99.97844827586206, 99.95689655172414, 99.9353448275862, 99.87068965517241, 99.8419540229885, 99.79885057471265], "args": {"network_style": "recurrent", "create_new_dataset": true, "include_fillers": true, "which_context": 0, "all_fullrange": false, "retain_hidden_state": true, "label_context": "true", "block_int_ttsplit": false, "retrain_decoder": true, "original_model_name": "models/RNN_trainedmodel_truecontextlabel_numrangeblocked_retainstate_n0.0_bs1_lr0.0001_ep10_r200_h200_bpl120_trlf0.0_id1033.pth", "modeltype": "aggregate", "train_lesion_freq": 0.4, "batch_size_multi": [1], "lr_multi": [0.0001], "batch_size": 1, "test_batch_size": 1, "epochs": 10, "lr": 0.0001, "momentum": 0.9, "no_cuda": false, "seed": 1, "log_interval": 10, "weight_decay": 0.0, "save_model": false, "recurrent_size": 200, "hidden_size": 200, "BPTT_len": 120, "noise_std": 0.0, "model_id": "1033"}}