{"trainingPerformance": [53.06752873563219, 71.59363026819923, 86.26317049808429, 93.59434865900383, 93.98467432950191, 94.41211685823755, 94.48275862068965, 94.57016283524904, 94.49233716475096, 94.58692528735632, 94.27801724137932], "testPerformance": [53.110632183908045, 70.17959770114942, 96.6882183908046, 98.11781609195403, 99.10201149425288, 99.41091954022988, 99.35344827586206, 99.59770114942529, 99.64080459770115, 99.33189655172414, 99.41810344827586], "args": {"network_style": "recurrent", "create_new_dataset": true, "include_fillers": true, "fileloc": "datasets/", "which_context": 0, "all_fullrange": false, "retain_hidden_state": true, "label_context": "constant", "modeltype": "aggregate", "train_lesion_freq": 0.1, "batch_size_multi": [1], "lr_multi": [0.0001], "batch_size": 1, "test_batch_size": 1, "epochs": 10, "lr": 0.0001, "momentum": 0.9, "no_cuda": false, "seed": 1, "log_interval": 10, "weight_decay": 0.0, "recurrent_size": 200, "hidden_size": 200, "BPTT_len": 120, "noise_std": 0.0, "model_id": 4972}}