{"trainingPerformance": [47.09166666666667, 66.83333333333333, 90.43333333333334, 95.70833333333333, 98.46666666666667, 99.68333333333334, 99.975, 100.0, 100.0, 100.0, 100.0], "testPerformance": [46.166666666666664, 82.1, 94.63333333333334, 98.53333333333333, 99.5, 100.0, 100.0, 100.0, 100.0, 100.0, 100.0], "args": {"modeltype": "aggregate", "batch_size_multi": [12], "lr_multi": [0.001], "batch_size": 12, "test_batch_size": 12, "epochs": 10, "lr": 0.001, "momentum": 0.9, "no_cuda": false, "seed": 1, "log_interval": 10, "weight_decay": 0.0, "save_model": false, "recurrent_size": 33, "hidden_size": 60}, "model": "recurrent_truecontext"}