{"trainingPerformance": [51.719348659003835, 71.77681992337165, 79.11159003831418, 92.94659961685824, 93.82902298850574, 94.2397030651341, 94.49233716475096, 94.45282567049809, 94.63002873563218, 94.48874521072797, 94.61805555555556], "testPerformance": [52.11206896551724, 70.25862068965517, 94.08764367816092, 97.69396551724138, 98.50574712643679, 99.0014367816092, 99.5330459770115, 99.03017241379311, 99.54741379310344, 99.40373563218391, 99.28879310344827], "args": {"network_style": "recurrent", "create_new_dataset": true, "include_fillers": true, "fileloc": "datasets/", "which_context": 0, "all_fullrange": false, "retain_hidden_state": true, "label_context": "constant", "modeltype": "aggregate", "train_lesion_freq": 0.1, "batch_size_multi": [1], "lr_multi": [0.0001], "batch_size": 1, "test_batch_size": 1, "epochs": 10, "lr": 0.0001, "momentum": 0.9, "no_cuda": false, "seed": 1, "log_interval": 10, "weight_decay": 0.0, "recurrent_size": 200, "hidden_size": 200, "BPTT_len": 120, "noise_std": 0.0, "model_id": 8904}}