{"trainingPerformance": [50.11973180076628, 65.52921455938697, 72.43773946360153, 83.5919540229885, 85.02394636015326, 85.13290229885058, 85.50526819923371, 85.33165708812261, 85.71240421455938, 85.9925766283525, 85.92432950191571], "testPerformance": [49.633620689655174, 74.51149425287356, 94.1235632183908, 95.60344827586206, 97.73706896551724, 93.57758620689656, 95.0646551724138, 98.32614942528735, 97.29885057471265, 98.5632183908046, 99.70545977011494], "args": {"network_style": "recurrent", "create_new_dataset": true, "include_fillers": true, "fileloc": "datasets/", "which_context": 0, "all_fullrange": false, "retain_hidden_state": true, "label_context": "true", "modeltype": "aggregate", "train_lesion_freq": 0.3, "batch_size_multi": [1], "lr_multi": [0.0001], "batch_size": 1, "test_batch_size": 1, "epochs": 10, "lr": 0.0001, "momentum": 0.9, "no_cuda": false, "seed": 1, "log_interval": 10, "weight_decay": 0.0, "save_model": false, "recurrent_size": 200, "hidden_size": 200, "BPTT_len": 120, "noise_std": 0.0, "model_id": 1230}}