{"trainingPerformance": [50.325, 71.85, 92.11666666666666, 97.075, 99.50833333333334, 99.96666666666667, 100.0, 100.0, 100.0, 100.0, 100.0], "testPerformance": [50.03333333333333, 87.76666666666667, 93.76666666666667, 97.63333333333334, 100.0, 100.0, 100.0, 100.0, 100.0, 100.0, 100.0], "args": {"modeltype": "aggregate", "batch_size_multi": [12], "lr_multi": [0.001], "batch_size": 12, "test_batch_size": 12, "epochs": 10, "lr": 0.001, "momentum": 0.9, "no_cuda": false, "seed": 1, "log_interval": 10, "weight_decay": 0.0, "save_model": false, "recurrent_size": 33, "hidden_size": 60}, "model": "recurrent_constantcontext"}