{"trainingPerformance": [50.08141762452107, 74.01580459770115, 74.11518199233717, 74.13433908045977, 74.15828544061303, 74.16666666666667, 74.16307471264368, 74.18462643678161, 74.17983716475096, 74.18342911877394, 74.1750478927203, 74.17983716475096, 74.18582375478927, 74.17744252873563, 74.18462643678161, 74.20019157088123, 74.1977969348659, 74.22294061302682, 74.23371647509579, 74.24449233716476, 74.25167624521073, 74.26484674329502, 74.27322796934865, 74.26963601532567, 74.27322796934865, 74.27801724137932, 74.28639846743295, 74.26125478927203, 74.27801724137932, 74.268438697318, 74.25766283524904], "testPerformance": [50.395114942528735, 99.99281609195403, 99.99281609195403, 99.99281609195403, 99.99281609195403, 99.99281609195403, 99.99281609195403, 99.98563218390805, 99.97844827586206, 99.97844827586206, 99.97844827586206, 99.96408045977012, 99.94252873563218, 99.91379310344827, 99.89224137931035, 99.87068965517241, 99.83477011494253, 99.77011494252874, 99.71982758620689, 99.6264367816092, 99.54741379310344, 99.50431034482759, 99.48994252873563, 99.42528735632185, 99.36781609195403, 99.34626436781609, 99.28879310344827, 99.25287356321839, 99.20977011494253, 99.1882183908046, 99.11637931034483], "args": {"network_style": "recurrent", "create_new_dataset": true, "include_fillers": true, "which_context": 0, "all_fullrange": true, "retain_hidden_state": true, "label_context": "true", "block_int_ttsplit": false, "retrain_decoder": true, "original_model_name": "models/RNN_trainedmodel_truecontextlabel_numrangeintermingled_retainstate_n0.0_bs1_lr0.0001_ep10_r200_h200_bpl120_trlf0.0_id3865.pth", "modeltype": "aggregate", "train_lesion_freq": 1.0, "batch_size_multi": [1], "lr_multi": [0.001], "batch_size": 1, "test_batch_size": 1, "epochs": 30, "lr": 0.0001, "momentum": 0.9, "no_cuda": false, "seed": 1, "log_interval": 10, "weight_decay": 0.0, "save_model": false, "recurrent_size": 200, "hidden_size": 200, "BPTT_len": 120, "noise_std": 0.0, "model_id": "3865"}}