{"trainingPerformance": [67.64166666666667, 85.45, 94.6, 98.00833333333334, 99.35833333333333, 99.85833333333333, 99.96666666666667, 99.98333333333333, 100.0, 100.0], "testPerformance": [80.76666666666667, 89.73333333333333, 94.8, 97.56666666666666, 99.2, 99.66666666666667, 100.0, 100.0, 100.0, 100.0], "args": {"modeltype": "aggregate", "batch_size_multi": [12], "lr_multi": [0.001], "batch_size": 12, "test_batch_size": 12, "epochs": 10, "lr": 0.001, "momentum": 0.9, "no_cuda": false, "seed": 1, "log_interval": 10, "weight_decay": 0.0, "save_model": false}, "model": "recurrent_nocontext"}