{"trainingPerformance": [99.99521072796935, 79.44923371647509, 79.25407088122606, 79.44085249042146, 79.51748084291188, 79.62164750957854, 79.41211685823755, 79.66834291187739, 79.57854406130268, 79.51628352490421, 79.36901340996168, 79.66714559386973, 79.60129310344827, 79.63840996168582, 79.6036877394636, 79.95569923371647, 79.65996168582376, 79.53065134099617, 79.83117816091954, 79.81920498084291, 79.59889846743295], "testPerformance": [99.99281609195403, 99.8132183908046, 99.99281609195403, 100.0, 100.0, 100.0, 99.99281609195403, 99.98563218390805, 99.95689655172414, 99.92816091954023, 99.94252873563218, 99.91379310344827, 99.78448275862068, 99.77011494252874, 99.77011494252874, 99.75574712643679, 99.69827586206897, 99.683908045977, 99.67672413793103, 99.67672413793103, 99.60488505747126], "args": {"network_style": "recurrent", "create_new_dataset": true, "include_fillers": true, "which_context": 0, "all_fullrange": false, "retain_hidden_state": true, "label_context": "true", "block_int_ttsplit": false, "retrain_decoder": true, "original_model_name": "models/RNN_trainedmodel_truecontextlabel_numrangeblocked_retainstate_n0.0_bs1_lr0.0001_ep10_r200_h200_bpl120_trlf0.0_id7388.pth", "modeltype": "aggregate", "train_lesion_freq": 0.4, "batch_size_multi": [1], "lr_multi": [0.005], "batch_size": 1, "test_batch_size": 1, "epochs": 20, "lr": 0.0001, "momentum": 0.9, "no_cuda": false, "seed": 1, "log_interval": 10, "weight_decay": 0.0, "save_model": false, "recurrent_size": 200, "hidden_size": 200, "BPTT_len": 120, "noise_std": 0.0, "model_id": "7388"}}