{"trainingPerformance": [49.625, 74.16666666666667, 92.1, 96.58333333333333, 98.93333333333334, 99.65833333333333, 99.84166666666667, 99.925, 99.99166666666666], "testPerformance": [50.86666666666667, 89.8, 94.5, 98.26666666666667, 98.96666666666667, 99.36666666666666, 99.76666666666667, 99.76666666666667, 100.0], "args": {"modeltype": "aggregate", "batch_size_multi": [12], "lr_multi": [0.001], "batch_size": 12, "test_batch_size": 12, "epochs": 8, "lr": 0.001, "momentum": 0.9, "no_cuda": false, "seed": 1, "log_interval": 10, "weight_decay": 0.0, "save_model": false}, "model": "recurrent_truecontext"}