{"trainingPerformance": [48.047174329501914, 68.92840038314176, 80.12212643678161, 88.6015325670498, 89.64439655172414, 89.93175287356321, 90.22030651340997, 90.35799808429118, 90.58908045977012, 90.38793103448276, 90.45378352490421], "testPerformance": [47.72270114942529, 74.74137931034483, 92.57902298850574, 95.86206896551724, 95.625, 99.51867816091954, 99.30316091954023, 99.26005747126437, 98.98706896551724, 99.66954022988506, 99.89942528735632], "args": {"network_style": "recurrent", "create_new_dataset": false, "include_fillers": true, "fileloc": "datasets/", "which_context": 0, "all_fullrange": false, "retain_hidden_state": true, "label_context": "true", "modeltype": "aggregate", "train_lesion_freq": 0.2, "batch_size_multi": [1], "lr_multi": [0.0001], "batch_size": 1, "test_batch_size": 1, "epochs": 10, "lr": 0.0001, "momentum": 0.9, "no_cuda": false, "seed": 1, "log_interval": 10, "weight_decay": 0.0, "save_model": false, "recurrent_size": 200, "hidden_size": 200, "BPTT_len": 120, "noise_std": 0.0, "model_id": 8487}}