{"trainingPerformance": [49.51748084291188, 68.74281609195403, 77.15876436781609, 88.29741379310344, 89.44923371647509, 90.02753831417624, 90.24664750957854, 90.6860632183908, 90.44899425287356, 90.65613026819923, 90.37236590038314], "testPerformance": [49.849137931034484, 74.78448275862068, 89.59770114942529, 93.46982758620689, 94.10919540229885, 97.4353448275862, 98.30459770114942, 99.15948275862068, 99.56896551724138, 99.58333333333333, 98.89367816091954], "args": {"network_style": "recurrent", "create_new_dataset": false, "include_fillers": true, "fileloc": "datasets/", "which_context": 0, "all_fullrange": false, "retain_hidden_state": true, "label_context": "true", "modeltype": "aggregate", "train_lesion_freq": 0.2, "batch_size_multi": [1], "lr_multi": [0.0001], "batch_size": 1, "test_batch_size": 1, "epochs": 10, "lr": 0.0001, "momentum": 0.9, "no_cuda": false, "seed": 1, "log_interval": 10, "weight_decay": 0.0, "recurrent_size": 200, "hidden_size": 200, "BPTT_len": 120, "noise_std": 0.0}}