{"trainingPerformance": [50.708333333333336, 75.75833333333334, 92.84166666666667, 97.30833333333334, 99.65, 99.91666666666667, 99.99166666666666, 100.0, 100.0, 100.0, 100.0], "testPerformance": [49.166666666666664, 89.2, 95.36666666666666, 99.36666666666666, 99.9, 100.0, 100.0, 100.0, 100.0, 100.0, 100.0], "args": {"modeltype": "aggregate", "batch_size_multi": [12], "lr_multi": [0.001], "batch_size": 12, "test_batch_size": 12, "epochs": 10, "lr": 0.001, "momentum": 0.9, "no_cuda": false, "seed": 1, "log_interval": 10, "weight_decay": 0.0, "save_model": false, "recurrent_size": 33, "hidden_size": 60}, "model": "recurrent_randcontext"}