{"trainingPerformance": [49.40833333333333, 95.33333333333333, 99.99166666666666, 100.0, 100.0, 100.0, 100.0, 100.0, 100.0], "testPerformance": [49.3, 99.06666666666666, 100.0, 100.0, 100.0, 100.0, 100.0, 100.0, 100.0], "args": {"modeltype": "aggregate", "batch_size_multi": [1], "lr_multi": [0.001], "batch_size": 1, "test_batch_size": 1, "epochs": 8, "lr": 0.001, "momentum": 0.9, "no_cuda": false, "seed": 1, "log_interval": 10, "weight_decay": 0.0, "save_model": false}, "model": "recurrent_constantcontext"}