{"trainingPerformance": [50.06824712643678, 79.14511494252874, 79.54741379310344, 79.34506704980843, 79.43486590038314, 79.54980842911877, 79.57375478927203, 79.28639846743295, 79.49952107279694, 79.57734674329502, 79.90780651340997, 79.6228448275862, 79.87787356321839, 79.84794061302682, 80.0933908045977, 80.003591954023, 80.12811302681992, 80.25023946360153, 80.0, 80.11015325670498, 79.86709770114942], "testPerformance": [50.33764367816092, 99.91379310344827, 99.9066091954023, 99.92097701149426, 99.95689655172414, 99.96408045977012, 99.97844827586206, 99.94971264367815, 99.9353448275862, 99.8419540229885, 99.83477011494253, 99.7485632183908, 99.78448275862068, 99.73419540229885, 99.71264367816092, 99.61925287356321, 99.51149425287356, 99.59051724137932, 99.58333333333333, 99.48994252873563, 99.40373563218391], "args": {"network_style": "recurrent", "create_new_dataset": true, "include_fillers": true, "which_context": 0, "all_fullrange": false, "retain_hidden_state": true, "label_context": "true", "block_int_ttsplit": false, "retrain_decoder": true, "original_model_name": "models/RNN_trainedmodel_truecontextlabel_numrangeblocked_retainstate_n0.0_bs1_lr0.0001_ep10_r200_h200_bpl120_trlf0.0_id1033.pth", "modeltype": "aggregate", "train_lesion_freq": 0.4, "batch_size_multi": [1], "lr_multi": [0.001], "batch_size": 1, "test_batch_size": 1, "epochs": 20, "lr": 0.0001, "momentum": 0.9, "no_cuda": false, "seed": 1, "log_interval": 10, "weight_decay": 0.0, "save_model": false, "recurrent_size": 200, "hidden_size": 200, "BPTT_len": 120, "noise_std": 0.0, "model_id": "1033"}}