{"trainingPerformance": [49.92097701149425, 73.03520114942529, 89.0074233716475, 94.30316091954023, 94.78568007662835, 95.05986590038314, 95.0478927203065, 95.27777777777777, 95.08860153256705, 94.95929118773947, 94.92097701149426], "testPerformance": [49.827586206896555, 77.78735632183908, 99.61206896551724, 99.48275862068965, 99.70545977011494, 99.92816091954023, 99.96408045977012, 99.96408045977012, 99.97126436781609, 99.7485632183908, 99.9353448275862], "args": {"network_style": "recurrent", "create_new_dataset": true, "include_fillers": true, "fileloc": "datasets/", "which_context": 0, "all_fullrange": true, "retain_hidden_state": true, "label_context": "constant", "modeltype": "aggregate", "train_lesion_freq": 0.1, "batch_size_multi": [1], "lr_multi": [0.0001], "batch_size": 1, "test_batch_size": 1, "epochs": 10, "lr": 0.0001, "momentum": 0.9, "no_cuda": false, "seed": 1, "log_interval": 10, "weight_decay": 0.0, "recurrent_size": 200, "hidden_size": 200, "BPTT_len": 120, "noise_std": 0.0, "model_id": 9639}}