{"trainingPerformance": [66.55, 88.06666666666666, 94.1, 97.825, 99.4, 99.88333333333334, 99.99166666666666, 100.0, 100.0, 100.0], "testPerformance": [79.93333333333334, 91.13333333333334, 94.4, 97.63333333333334, 98.73333333333333, 99.8, 100.0, 100.0, 100.0, 100.0], "args": {"modeltype": "aggregate", "batch_size_multi": [12], "lr_multi": [0.001], "batch_size": 12, "test_batch_size": 12, "epochs": 10, "lr": 0.001, "momentum": 0.9, "no_cuda": false, "seed": 1, "log_interval": 10, "weight_decay": 0.0, "save_model": false}, "model": "recurrent_nocontext"}