{"trainingPerformance": [52.05, 74.625, 92.63333333333334, 96.55, 98.55, 99.43333333333334, 99.85833333333333, 99.98333333333333, 100.0, 100.0, 100.0], "testPerformance": [52.43333333333333, 89.5, 95.2, 97.73333333333333, 98.9, 99.46666666666667, 100.0, 100.0, 100.0, 100.0, 100.0], "args": {"modeltype": "aggregate", "batch_size_multi": [12], "lr_multi": [0.001], "batch_size": 12, "test_batch_size": 12, "epochs": 10, "lr": 0.001, "momentum": 0.9, "no_cuda": false, "seed": 1, "log_interval": 10, "weight_decay": 0.0, "save_model": false, "recurrent_size": 33, "hidden_size": 60}, "model": "recurrent_randcontext"}