{"trainingPerformance": [49.97126436781609, 74.04932950191571, 79.00981800766283, 96.91091954022988, 99.3139367816092, 99.70785440613027], "testPerformance": [50.172413793103445, 76.41522988505747, 87.21264367816092, 98.6566091954023, 99.61566091954023, 98.82543103448276], "args": {"modeltype": "aggregate", "batch_size_multi": [1], "lr_multi": [5e-05], "batch_size": 1, "test_batch_size": 1, "epochs": 5, "lr": 5e-05, "momentum": 0.9, "no_cuda": false, "seed": 1, "log_interval": 10, "weight_decay": 0.0, "save_model": false, "recurrent_size": 200, "hidden_size": 200, "BPTT_len": 120}, "model": "recurrent_truecontext"}