{"trainingPerformance": [50.560344827586206, 72.15876436781609, 85.98419540229885, 93.74161877394636, 94.5294540229885, 94.87188697318008, 94.98204022988506, 95.22389846743295, 95.25023946360153, 95.16522988505747, 95.03951149425288], "testPerformance": [50.38793103448276, 76.59482758620689, 97.24137931034483, 99.59051724137932, 96.81752873563218, 98.76436781609195, 99.64080459770115, 99.71264367816092, 99.79166666666667, 99.7485632183908, 99.84913793103448], "args": {"network_style": "recurrent", "create_new_dataset": true, "include_fillers": true, "fileloc": "datasets/", "which_context": 0, "all_fullrange": false, "retain_hidden_state": true, "label_context": "true", "modeltype": "aggregate", "train_lesion_freq": 0.1, "batch_size_multi": [1], "lr_multi": [0.0001], "batch_size": 1, "test_batch_size": 1, "epochs": 10, "lr": 0.0001, "momentum": 0.9, "no_cuda": false, "seed": 1, "log_interval": 10, "weight_decay": 0.0, "save_model": false, "recurrent_size": 200, "hidden_size": 200, "BPTT_len": 120, "noise_std": 0.0, "model_id": 3420}}