{"trainingPerformance": [100.0, 82.95138888888889, 83.15014367816092, 83.28184865900383, 83.57040229885058, 83.45426245210729, 83.31297892720306, 83.67217432950191, 83.39679118773947, 83.61590038314176, 83.39798850574712, 83.227969348659, 83.57998084291188, 83.30100574712644, 83.26508620689656, 83.22318007662835, 83.11781609195403, 83.46743295019157, 83.46024904214559, 83.51532567049809, 83.2507183908046], "testPerformance": [100.0, 99.76293103448276, 99.47557471264368, 99.55459770114942, 99.48275862068965, 99.52586206896552, 99.36781609195403, 99.38218390804597, 99.31752873563218, 99.375, 99.36063218390805, 99.34626436781609, 99.34626436781609, 99.3103448275862, 99.34626436781609, 99.35344827586206, 99.33908045977012, 99.30316091954023, 99.30316091954023, 99.31752873563218, 99.33908045977012], "args": {"network_style": "recurrent", "create_new_dataset": true, "include_fillers": true, "which_context": 0, "all_fullrange": true, "retain_hidden_state": true, "label_context": "true", "block_int_ttsplit": false, "retrain_decoder": true, "original_model_name": "models/RNN_trainedmodel_truecontextlabel_numrangeintermingled_retainstate_n0.0_bs1_lr0.0001_ep10_r200_h200_bpl120_trlf0.0_id3713.pth", "modeltype": "aggregate", "train_lesion_freq": 0.4, "batch_size_multi": [1], "lr_multi": [0.005], "batch_size": 1, "test_batch_size": 1, "epochs": 20, "lr": 0.0001, "momentum": 0.9, "no_cuda": false, "seed": 1, "log_interval": 10, "weight_decay": 0.0, "save_model": false, "recurrent_size": 200, "hidden_size": 200, "BPTT_len": 120, "noise_std": 0.0, "model_id": "3713"}}