{"trainingPerformance": [99.95689655172414, 79.57255747126437, 79.37739463601532, 79.21575670498085, 79.32231800766283, 79.45522030651341, 79.53783524904215, 79.6396072796935, 79.6875, 79.67672413793103, 79.54022988505747, 79.54621647509579, 79.86709770114942, 80.07902298850574, 80.01436781609195, 80.1352969348659, 79.9580938697318, 79.71863026819923, 80.01077586206897, 79.79525862068965, 79.87907088122606], "testPerformance": [99.94971264367815, 98.74281609195403, 99.78448275862068, 99.9066091954023, 99.92816091954023, 99.87068965517241, 99.88505747126437, 99.83477011494253, 99.83477011494253, 99.73419540229885, 99.71982758620689, 99.69827586206897, 99.70545977011494, 99.64798850574712, 99.64080459770115, 99.49712643678161, 99.48994252873563, 99.50431034482759, 99.45402298850574, 99.44683908045977, 99.375], "args": {"network_style": "recurrent", "create_new_dataset": true, "include_fillers": true, "which_context": 0, "all_fullrange": false, "retain_hidden_state": true, "label_context": "true", "block_int_ttsplit": false, "retrain_decoder": true, "original_model_name": "models/RNN_trainedmodel_truecontextlabel_numrangeblocked_retainstate_n0.0_bs1_lr0.0001_ep10_r200_h200_bpl120_trlf0.0_id1033.pth", "modeltype": "aggregate", "train_lesion_freq": 0.4, "batch_size_multi": [1], "lr_multi": [0.005], "batch_size": 1, "test_batch_size": 1, "epochs": 20, "lr": 0.0001, "momentum": 0.9, "no_cuda": false, "seed": 1, "log_interval": 10, "weight_decay": 0.0, "save_model": false, "recurrent_size": 200, "hidden_size": 200, "BPTT_len": 120, "noise_std": 0.0, "model_id": "1033"}}