{"trainingPerformance": [48.9, 71.34166666666667, 92.88333333333334, 97.69166666666666, 99.15833333333333, 99.58333333333333, 99.91666666666667, 99.98333333333333, 99.99166666666666], "testPerformance": [48.53333333333333, 85.63333333333334, 96.2, 98.73333333333333, 99.1, 99.6, 100.0, 100.0, 100.0], "args": {"modeltype": "aggregate", "batch_size_multi": [12], "lr_multi": [0.001], "batch_size": 12, "test_batch_size": 12, "epochs": 8, "lr": 0.001, "momentum": 0.9, "no_cuda": false, "seed": 1, "log_interval": 10, "weight_decay": 0.0, "save_model": false}, "model": "recurrent_truecontext"}