{"trainingPerformance": [99.99760536398468, 79.41091954022988, 79.41451149425288, 79.66594827586206, 79.31273946360153, 79.71384099616859, 79.86230842911877, 79.77610153256705, 79.79885057471265, 79.86949233716476, 80.0838122605364, 79.9066091954023, 80.12092911877394, 80.17600574712644, 79.97725095785441, 80.2646072796935, 80.09458812260536, 79.9161877394636, 80.23946360153256, 80.21312260536398, 79.96647509578544], "testPerformance": [100.0, 99.74137931034483, 99.95689655172414, 100.0, 99.99281609195403, 99.99281609195403, 99.99281609195403, 99.99281609195403, 99.99281609195403, 99.98563218390805, 99.98563218390805, 99.94252873563218, 99.92816091954023, 99.88505747126437, 99.87068965517241, 99.76293103448276, 99.80603448275862, 99.69827586206897, 99.58333333333333, 99.59051724137932, 99.48275862068965], "args": {"network_style": "recurrent", "create_new_dataset": true, "include_fillers": true, "which_context": 0, "all_fullrange": false, "retain_hidden_state": true, "label_context": "true", "block_int_ttsplit": false, "retrain_decoder": true, "original_model_name": "models/RNN_trainedmodel_truecontextlabel_numrangeblocked_retainstate_n0.0_bs1_lr0.0001_ep10_r200_h200_bpl120_trlf0.0_id832.pth", "modeltype": "aggregate", "train_lesion_freq": 0.4, "batch_size_multi": [1], "lr_multi": [0.005], "batch_size": 1, "test_batch_size": 1, "epochs": 20, "lr": 0.0001, "momentum": 0.9, "no_cuda": false, "seed": 1, "log_interval": 10, "weight_decay": 0.0, "save_model": false, "recurrent_size": 200, "hidden_size": 200, "BPTT_len": 120, "noise_std": 0.0, "model_id": "832"}}