{"trainingPerformance": [78.425, 93.99166666666666, 97.09166666666667, 98.99166666666666, 99.93333333333334, 99.99166666666666, 100.0, 100.0, 100.0, 100.0], "testPerformance": [90.6, 95.8, 97.93333333333334, 99.6, 100.0, 100.0, 100.0, 100.0, 100.0, 100.0], "args": {"modeltype": "aggregate", "batch_size_multi": [12], "lr_multi": [0.001], "batch_size": 12, "test_batch_size": 12, "epochs": 10, "lr": 0.001, "momentum": 0.9, "no_cuda": false, "seed": 1, "log_interval": 10, "weight_decay": 0.0, "save_model": false}, "model": "recurrent_withcontext"}