{"trainingPerformance": [52.733333333333334, 77.60833333333333, 92.98333333333333, 97.96666666666667, 99.65833333333333, 100.0, 100.0, 100.0, 100.0, 100.0, 100.0], "testPerformance": [53.03333333333333, 88.0, 94.5, 98.86666666666666, 100.0, 100.0, 100.0, 100.0, 100.0, 100.0, 100.0], "args": {"modeltype": "aggregate", "batch_size_multi": [12], "lr_multi": [0.001], "batch_size": 12, "test_batch_size": 12, "epochs": 10, "lr": 0.001, "momentum": 0.9, "no_cuda": false, "seed": 1, "log_interval": 10, "weight_decay": 0.0, "save_model": false, "recurrent_size": 33, "hidden_size": 60}, "model": "recurrent_constantcontext"}