{"trainingPerformance": [47.802921455938694, 74.53065134099617, 77.86278735632185, 96.040469348659, 99.268438697318, 99.70426245210729], "testPerformance": [47.93103448275862, 76.35057471264368, 83.14295977011494, 98.53807471264368, 99.75574712643679, 99.67672413793103], "args": {"modeltype": "aggregate", "batch_size_multi": [1], "lr_multi": [5e-05], "batch_size": 1, "test_batch_size": 1, "epochs": 5, "lr": 5e-05, "momentum": 0.9, "no_cuda": false, "seed": 1, "log_interval": 10, "weight_decay": 0.0, "save_model": false, "recurrent_size": 200, "hidden_size": 200, "BPTT_len": 120}, "model": "recurrent_truecontext"}