{"trainingPerformance": [51.375, 75.35833333333333, 92.13333333333334, 97.03333333333333, 99.425, 99.925, 100.0, 100.0, 100.0], "testPerformance": [50.53333333333333, 88.3, 95.16666666666667, 99.06666666666666, 99.86666666666666, 100.0, 100.0, 100.0, 100.0], "args": {"modeltype": "aggregate", "batch_size_multi": [12], "lr_multi": [0.001], "batch_size": 12, "test_batch_size": 12, "epochs": 8, "lr": 0.001, "momentum": 0.9, "no_cuda": false, "seed": 1, "log_interval": 10, "weight_decay": 0.0, "save_model": false}, "model": "recurrent_randcontext"}