{"trainingPerformance": [49.883860153256705, 76.03927203065135, 97.96336206896552, 99.67313218390805, 99.86829501915709, 99.95929118773947, 99.97964559386973, 99.98682950191571, 99.99281609195403, 99.99760536398468, 100.0], "testPerformance": [50.452586206896555, 90.01436781609195, 99.77011494252874, 99.9066091954023, 99.96408045977012, 99.98563218390805, 99.99281609195403, 99.99281609195403, 99.99281609195403, 99.99281609195403, 99.99281609195403], "args": {"network_style": "recurrent", "create_new_dataset": true, "include_fillers": true, "fileloc": "datasets/", "which_context": 0, "all_fullrange": true, "retain_hidden_state": true, "label_context": "constant", "modeltype": "aggregate", "train_lesion_freq": 0.0, "batch_size_multi": [1], "lr_multi": [0.0001], "batch_size": 1, "test_batch_size": 1, "epochs": 10, "lr": 0.0001, "momentum": 0.9, "no_cuda": false, "seed": 1, "log_interval": 10, "weight_decay": 0.0, "recurrent_size": 200, "hidden_size": 200, "BPTT_len": 120, "noise_std": 0.0, "model_id": 301}}