{"trainingPerformance": [52.60775862068966, 72.25814176245211, 84.5522030651341, 93.59794061302682, 94.49353448275862, 94.92696360153256, 95.10536398467433, 95.08860153256705, 95.32926245210729, 95.13290229885058, 95.19516283524904], "testPerformance": [53.089080459770116, 75.23706896551724, 96.22126436781609, 97.11206896551724, 99.66235632183908, 99.50431034482759, 99.82758620689656, 99.80603448275862, 99.18103448275862, 99.61206896551724, 99.95689655172414], "args": {"network_style": "recurrent", "create_new_dataset": true, "include_fillers": true, "fileloc": "datasets/", "which_context": 0, "all_fullrange": false, "retain_hidden_state": true, "label_context": "true", "modeltype": "aggregate", "train_lesion_freq": 0.1, "batch_size_multi": [1], "lr_multi": [0.0001], "batch_size": 1, "test_batch_size": 1, "epochs": 10, "lr": 0.0001, "momentum": 0.9, "no_cuda": false, "seed": 1, "log_interval": 10, "weight_decay": 0.0, "save_model": false, "recurrent_size": 200, "hidden_size": 200, "BPTT_len": 120, "noise_std": 0.0, "model_id": 1058}}