{"trainingPerformance": [50.06824712643678, 74.01340996168582, 74.169061302682, 74.21336206896552, 74.42768199233717, 74.61805555555556, 74.76652298850574, 74.91738505747126, 74.94612068965517, 75.02394636015326, 75.08860153256705, 75.14367816091954, 75.18318965517241, 75.21192528735632, 75.22988505747126, 75.26700191570882, 75.29094827586206, 75.3029214559387, 75.30771072796935, 75.30531609195403, 75.30771072796935, 75.34363026819923, 75.39511494252874, 75.4286398467433, 75.44061302681992, 75.43702107279694, 75.44420498084291, 75.46455938697318, 75.46934865900383, 75.47413793103448, 75.49449233716476], "testPerformance": [50.33764367816092, 100.0, 99.99281609195403, 99.99281609195403, 99.99281609195403, 99.99281609195403, 99.96408045977012, 99.94252873563218, 99.85632183908046, 99.7485632183908, 99.65517241379311, 99.59770114942529, 99.4683908045977, 99.36781609195403, 99.24568965517241, 99.15948275862068, 99.0014367816092, 98.85775862068965, 98.6853448275862, 98.52729885057471, 98.45545977011494, 98.41235632183908, 98.32614942528735, 98.27586206896552, 98.22557471264368, 98.16810344827586, 98.11063218390805, 98.06752873563218, 98.04597701149426, 98.02442528735632, 97.97413793103448], "args": {"network_style": "recurrent", "create_new_dataset": true, "include_fillers": true, "which_context": 0, "all_fullrange": false, "retain_hidden_state": true, "label_context": "true", "block_int_ttsplit": false, "retrain_decoder": true, "original_model_name": "models/RNN_trainedmodel_truecontextlabel_numrangeblocked_retainstate_n0.0_bs1_lr0.0001_ep10_r200_h200_bpl120_trlf0.0_id832.pth", "modeltype": "aggregate", "train_lesion_freq": 1.0, "batch_size_multi": [1], "lr_multi": [0.001], "batch_size": 1, "test_batch_size": 1, "epochs": 30, "lr": 0.0001, "momentum": 0.9, "no_cuda": false, "seed": 1, "log_interval": 10, "weight_decay": 0.0, "save_model": false, "recurrent_size": 200, "hidden_size": 200, "BPTT_len": 120, "noise_std": 0.0, "model_id": "832"}}