{"trainingPerformance": [49.96666666666667, 75.75833333333334, 92.275, 96.54166666666667, 98.8, 99.775, 99.96666666666667, 100.0, 100.0], "testPerformance": [50.7, 87.33333333333333, 95.1, 97.16666666666667, 99.2, 100.0, 100.0, 100.0, 100.0], "args": {"modeltype": "aggregate", "batch_size_multi": [12], "lr_multi": [0.001], "batch_size": 12, "test_batch_size": 12, "epochs": 8, "lr": 0.001, "momentum": 0.9, "no_cuda": false, "seed": 1, "log_interval": 10, "weight_decay": 0.0, "save_model": false}, "model": "recurrent_constantcontext"}