{"trainingPerformance": [50.14128352490422, 71.37212643678161, 87.26652298850574, 93.42193486590038, 94.07567049808429, 94.42768199233717, 94.5102969348659, 94.59770114942529, 94.52586206896552, 94.59770114942529, 94.53663793103448], "testPerformance": [49.51867816091954, 70.10057471264368, 96.72413793103448, 98.69252873563218, 99.29597701149426, 99.34626436781609, 99.26724137931035, 99.59770114942529, 99.38936781609195, 99.59770114942529, 99.15229885057471], "args": {"network_style": "recurrent", "create_new_dataset": true, "include_fillers": true, "fileloc": "datasets/", "which_context": 0, "all_fullrange": false, "retain_hidden_state": true, "label_context": "constant", "modeltype": "aggregate", "train_lesion_freq": 0.1, "batch_size_multi": [1], "lr_multi": [0.0001], "batch_size": 1, "test_batch_size": 1, "epochs": 10, "lr": 0.0001, "momentum": 0.9, "no_cuda": false, "seed": 1, "log_interval": 10, "weight_decay": 0.0, "recurrent_size": 200, "hidden_size": 200, "BPTT_len": 120, "noise_std": 0.0, "model_id": 8075}}