{"trainingPerformance": [49.992816091954026, 70.66930076628353, 86.62835249042146, 93.26388888888889, 93.92480842911877, 94.35225095785441, 94.42887931034483, 94.44324712643679, 94.67193486590038, 94.57734674329502, 94.75454980842912], "testPerformance": [49.86350574712644, 70.316091954023, 96.45114942528735, 94.95689655172414, 99.2169540229885, 99.38218390804597, 99.77011494252874, 99.47557471264368, 99.73419540229885, 99.59051724137932, 99.30316091954023], "args": {"network_style": "recurrent", "create_new_dataset": true, "include_fillers": true, "fileloc": "datasets/", "which_context": 0, "all_fullrange": false, "retain_hidden_state": true, "label_context": "constant", "modeltype": "aggregate", "train_lesion_freq": 0.1, "batch_size_multi": [1], "lr_multi": [0.0001], "batch_size": 1, "test_batch_size": 1, "epochs": 10, "lr": 0.0001, "momentum": 0.9, "no_cuda": false, "seed": 1, "log_interval": 10, "weight_decay": 0.0, "recurrent_size": 200, "hidden_size": 200, "BPTT_len": 120, "noise_std": 0.0, "model_id": 7098}}