{"trainingPerformance": [49.83477011494253, 71.83788314176245, 86.31345785440612, 93.72485632183908, 94.2492816091954, 94.61446360153256, 94.9580938697318, 95.28855363984674, 95.16163793103448, 95.18199233716476, 95.13409961685824], "testPerformance": [49.827586206896555, 75.88362068965517, 94.71982758620689, 95.86206896551724, 99.19540229885058, 99.64080459770115, 99.84913793103448, 99.43247126436782, 99.61925287356321, 99.86350574712644, 99.79885057471265], "args": {"network_style": "recurrent", "create_new_dataset": true, "include_fillers": true, "fileloc": "datasets/", "which_context": 0, "all_fullrange": false, "retain_hidden_state": true, "label_context": "true", "modeltype": "aggregate", "train_lesion_freq": 0.1, "batch_size_multi": [1], "lr_multi": [0.0001], "batch_size": 1, "test_batch_size": 1, "epochs": 10, "lr": 0.0001, "momentum": 0.9, "no_cuda": false, "seed": 1, "log_interval": 10, "weight_decay": 0.0, "save_model": false, "recurrent_size": 200, "hidden_size": 200, "BPTT_len": 120, "noise_std": 0.0, "model_id": 8047}}