{"trainingPerformance": [65.84166666666667, 88.85833333333333, 95.9, 97.81666666666666, 99.41666666666667, 99.95833333333333, 99.975, 99.99166666666666, 100.0, 100.0], "testPerformance": [80.6, 94.83333333333333, 96.43333333333334, 98.06666666666666, 99.9, 100.0, 100.0, 100.0, 100.0, 100.0], "args": {"modeltype": "aggregate", "batch_size_multi": [12], "lr_multi": [0.001], "batch_size": 12, "test_batch_size": 12, "epochs": 10, "lr": 0.001, "momentum": 0.9, "no_cuda": false, "seed": 1, "log_interval": 10, "weight_decay": 0.0, "save_model": false}, "model": "recurrent_withcontext"}