{"trainingPerformance": [50.791666666666664, 97.60416666666667, 99.95833333333333, 99.96354166666667, 99.96354166666667, 99.9765625], "testPerformance": [51.341145833333336, 99.86979166666667, 99.86979166666667, 99.8828125, 99.89583333333333, 99.921875], "args": {"modeltype": "aggregate", "batch_size_multi": [1], "lr_multi": [0.001], "batch_size": 1, "test_batch_size": 1, "epochs": 5, "lr": 0.001, "momentum": 0.9, "no_cuda": false, "seed": 1, "log_interval": 10, "weight_decay": 0.0, "save_model": false, "recurrent_size": 33, "hidden_size": 60}, "model": "recurrent_truecontext"}