{"trainingPerformance": [60.019157088122604, 69.580938697318, 81.77083333333333, 88.955938697318, 89.691091954023, 90.04909003831418, 90.03831417624521, 90.25862068965517, 90.45617816091954, 90.54837164750958, 90.56154214559388], "testPerformance": [60.33764367816092, 75.9985632183908, 96.80316091954023, 95.20833333333333, 96.566091954023, 97.50718390804597, 98.62787356321839, 99.54022988505747, 98.99425287356321, 99.5330459770115, 99.375], "args": {"network_style": "recurrent", "create_new_dataset": true, "include_fillers": true, "fileloc": "datasets/", "which_context": 0, "all_fullrange": false, "retain_hidden_state": true, "label_context": "true", "modeltype": "aggregate", "train_lesion_freq": 0.2, "batch_size_multi": [1], "lr_multi": [0.0001], "batch_size": 1, "test_batch_size": 1, "epochs": 10, "lr": 0.0001, "momentum": 0.9, "no_cuda": false, "seed": 1, "log_interval": 10, "weight_decay": 0.0, "save_model": false, "recurrent_size": 200, "hidden_size": 200, "BPTT_len": 120, "noise_std": 0.0, "model_id": 1016}}