{"trainingPerformance": [72.475, 90.5, 96.04166666666667, 99.09166666666667, 99.89166666666667, 99.975, 99.99166666666666, 100.0, 100.0, 100.0], "testPerformance": [84.0, 93.73333333333333, 97.6, 99.9, 99.9, 100.0, 100.0, 100.0, 100.0, 100.0], "args": {"modeltype": "aggregate", "batch_size_multi": [12], "lr_multi": [0.001], "batch_size": 12, "test_batch_size": 12, "epochs": 10, "lr": 0.001, "momentum": 0.9, "no_cuda": false, "seed": 1, "log_interval": 10, "weight_decay": 0.0, "save_model": false}, "model": "recurrent_withcontext"}