{"trainingPerformance": [49.583333333333336, 91.75, 98.21666666666667, 99.14166666666667, 99.25, 99.625], "testPerformance": [49.8, 69.16666666666667, 69.43333333333334, 69.66666666666667, 74.2, 74.53333333333333], "args": {"modeltype": "aggregate", "batch_size_multi": [1], "lr_multi": [0.001], "batch_size": 1, "test_batch_size": 1, "epochs": 5, "lr": 0.001, "momentum": 0.9, "no_cuda": false, "seed": 1, "log_interval": 10, "weight_decay": 0.0, "save_model": false}, "model": "recurrent_nocontext"}