{"trainingPerformance": [64.41930076628353, 79.25287356321839, 79.30196360153256, 78.97629310344827, 79.50909961685824, 79.60009578544062, 79.34506704980843, 79.13194444444444, 79.580938697318, 79.4169061302682, 79.85392720306514, 79.54741379310344, 79.44444444444444, 79.51628352490421, 79.75694444444444, 79.43845785440612, 79.52825670498085, 79.80842911877394, 79.71863026819923, 79.83836206896552, 79.72581417624521], "testPerformance": [63.742816091954026, 100.0, 100.0, 100.0, 100.0, 100.0, 100.0, 99.99281609195403, 99.97844827586206, 99.9353448275862, 99.94252873563218, 99.92097701149426, 99.84913793103448, 99.5617816091954, 99.52586206896552, 99.25287356321839, 99.19540229885058, 98.95114942528735, 98.99425287356321, 99.01580459770115, 98.94396551724138], "args": {"network_style": "recurrent", "create_new_dataset": true, "include_fillers": true, "which_context": 0, "all_fullrange": false, "retain_hidden_state": true, "label_context": "true", "block_int_ttsplit": false, "retrain_decoder": true, "original_model_name": "models/RNN_trainedmodel_truecontextlabel_numrangeblocked_retainstate_n0.0_bs1_lr0.0001_ep10_r200_h200_bpl120_trlf0.0_id2498.pth", "modeltype": "aggregate", "train_lesion_freq": 0.4, "batch_size_multi": [1], "lr_multi": [0.001], "batch_size": 1, "test_batch_size": 1, "epochs": 20, "lr": 0.0001, "momentum": 0.9, "no_cuda": false, "seed": 1, "log_interval": 10, "weight_decay": 0.0, "save_model": false, "recurrent_size": 200, "hidden_size": 200, "BPTT_len": 120, "noise_std": 0.0, "model_id": "2498"}}