{"trainingPerformance": [75.21666666666667, 92.74166666666666, 97.3, 99.1, 99.78333333333333, 99.93333333333334, 99.975, 100.0, 100.0, 100.0], "testPerformance": [89.33333333333333, 95.83333333333333, 97.73333333333333, 99.46666666666667, 99.9, 100.0, 100.0, 100.0, 100.0, 100.0], "args": {"modeltype": "aggregate", "batch_size_multi": [12], "lr_multi": [0.001], "batch_size": 12, "test_batch_size": 12, "epochs": 10, "lr": 0.001, "momentum": 0.9, "no_cuda": false, "seed": 1, "log_interval": 10, "weight_decay": 0.0, "save_model": false}, "model": "recurrent_withcontext"}