{"trainingPerformance": [47.725, 70.31666666666666, 92.68333333333334, 97.225, 99.25, 99.925, 100.0, 100.0, 100.0], "testPerformance": [47.13333333333333, 85.33333333333333, 96.33333333333333, 99.23333333333333, 99.83333333333333, 99.86666666666666, 100.0, 100.0, 100.0], "args": {"modeltype": "aggregate", "batch_size_multi": [12], "lr_multi": [0.001], "batch_size": 12, "test_batch_size": 12, "epochs": 8, "lr": 0.001, "momentum": 0.9, "no_cuda": false, "seed": 1, "log_interval": 10, "weight_decay": 0.0, "save_model": false}, "model": "recurrent_randcontext"}