{"trainingPerformance": [56.349377394636015, 78.18726053639847, 98.30579501915709, 99.68271072796935, 99.92816091954023, 99.98443486590038, 99.99401340996168, 99.99880268199233, 99.99880268199233, 99.99880268199233, 99.99880268199233], "testPerformance": [56.46551724137931, 95.33764367816092, 99.79166666666667, 99.86350574712644, 99.96408045977012, 99.99281609195403, 99.99281609195403, 100.0, 100.0, 100.0, 100.0], "args": {"network_style": "recurrent", "create_new_dataset": true, "include_fillers": true, "fileloc": "datasets/", "which_context": 0, "all_fullrange": true, "retain_hidden_state": true, "label_context": "true", "modeltype": "aggregate", "train_lesion_freq": 0.0, "batch_size_multi": [1], "lr_multi": [0.0001], "batch_size": 1, "test_batch_size": 1, "epochs": 10, "lr": 0.0001, "momentum": 0.9, "no_cuda": false, "seed": 1, "log_interval": 10, "weight_decay": 0.0, "recurrent_size": 200, "hidden_size": 200, "BPTT_len": 120, "noise_std": 0.0, "model_id": 3865}}