{"trainingPerformance": [49.89942528735632, 71.20450191570882, 83.98108237547893, 93.51532567049809, 93.9499521072797, 94.28400383141762, 94.53424329501915, 94.60967432950191, 94.47198275862068, 94.29717432950191, 94.38338122605364], "testPerformance": [49.94971264367816, 70.59626436781609, 95.7183908045977, 97.14080459770115, 98.67816091954023, 98.5632183908046, 99.08764367816092, 97.97413793103448, 99.10201149425288, 99.1882183908046, 98.97988505747126], "args": {"network_style": "recurrent", "create_new_dataset": true, "include_fillers": true, "fileloc": "datasets/", "which_context": 0, "all_fullrange": false, "retain_hidden_state": true, "label_context": "constant", "modeltype": "aggregate", "train_lesion_freq": 0.1, "batch_size_multi": [1], "lr_multi": [0.0001], "batch_size": 1, "test_batch_size": 1, "epochs": 10, "lr": 0.0001, "momentum": 0.9, "no_cuda": false, "seed": 1, "log_interval": 10, "weight_decay": 0.0, "recurrent_size": 200, "hidden_size": 200, "BPTT_len": 120, "noise_std": 0.0, "model_id": 8195}}