{"trainingPerformance": [69.2, 84.06666666666666, 90.95, 93.6, 96.40833333333333, 97.14166666666667, 97.75833333333334, 98.375, 98.76666666666667, 98.98333333333333], "testPerformance": [73.23333333333333, 86.93333333333334, 89.9, 90.33333333333333, 92.33333333333333, 93.13333333333334, 93.66666666666667, 93.53333333333333, 93.73333333333333, 93.96666666666667], "args": {"modeltype": "aggregate", "batch_size_multi": [12], "lr_multi": [0.001], "batch_size": 12, "test_batch_size": 12, "epochs": 10, "lr": 0.001, "momentum": 0.9, "no_cuda": false, "seed": 1, "log_interval": 10, "weight_decay": 0.0, "save_model": false}, "model": "recurrent_nocontext"}