{"trainingPerformance": [50.1772030651341, 75.53759578544062, 97.54310344827586, 99.63122605363985, 99.89224137931035, 99.9580938697318, 99.99281609195403, 99.996408045977, 99.99880268199233, 99.99880268199233, 100.0], "testPerformance": [50.208333333333336, 86.95402298850574, 99.10919540229885, 99.95689655172414, 99.98563218390805, 99.99281609195403, 99.98563218390805, 99.98563218390805, 100.0, 100.0, 100.0], "args": {"network_style": "recurrent", "create_new_dataset": false, "include_fillers": true, "fileloc": "datasets/", "which_context": 0, "all_fullrange": false, "retain_hidden_state": true, "label_context": "true", "modeltype": "aggregate", "train_lesion_freq": 0.0, "batch_size_multi": [1], "lr_multi": [0.0001], "batch_size": 1, "test_batch_size": 1, "epochs": 10, "lr": 0.0001, "momentum": 0.9, "no_cuda": false, "seed": 1, "log_interval": 10, "weight_decay": 0.0, "recurrent_size": 200, "hidden_size": 200, "BPTT_len": 120, "noise_std": 0.0, "model_id": 968}}