{"trainingPerformance": [49.93175287356322, 73.95474137931035, 74.08764367816092, 74.10201149425288, 74.10799808429118, 74.1103927203065, 74.13912835249042, 74.12835249042146, 74.1271551724138, 74.12476053639847, 74.1044061302682, 74.09841954022988, 74.10799808429118, 74.1044061302682, 74.11997126436782, 74.13433908045977, 74.11159003831418, 74.13912835249042, 74.17624521072797, 74.20977011494253, 74.21336206896552, 74.24090038314176, 74.29358237547893, 74.33668582375479, 74.34865900383141, 74.35344827586206, 74.35464559386973, 74.36422413793103, 74.36182950191571, 74.39176245210729, 74.39415708812261], "testPerformance": [49.66235632183908, 100.0, 100.0, 99.98563218390805, 99.97844827586206, 99.97126436781609, 99.94252873563218, 99.92097701149426, 99.88505747126437, 99.85632183908046, 99.82040229885058, 99.77011494252874, 99.691091954023, 99.66235632183908, 99.59051724137932, 99.5330459770115, 99.48275862068965, 99.44683908045977, 99.39655172413794, 99.33189655172414, 99.28879310344827, 99.25287356321839, 99.2169540229885, 99.1882183908046, 99.15948275862068, 99.15229885057471, 99.13793103448276, 99.13074712643679, 99.10201149425288, 99.08045977011494, 99.07327586206897], "args": {"network_style": "recurrent", "create_new_dataset": true, "include_fillers": true, "which_context": 0, "all_fullrange": true, "retain_hidden_state": true, "label_context": "true", "block_int_ttsplit": false, "retrain_decoder": true, "original_model_name": "models/RNN_trainedmodel_truecontextlabel_numrangeintermingled_retainstate_n0.0_bs1_lr0.0001_ep10_r200_h200_bpl120_trlf0.0_id1342.pth", "modeltype": "aggregate", "train_lesion_freq": 1.0, "batch_size_multi": [1], "lr_multi": [0.001], "batch_size": 1, "test_batch_size": 1, "epochs": 30, "lr": 0.0001, "momentum": 0.9, "no_cuda": false, "seed": 1, "log_interval": 10, "weight_decay": 0.0, "save_model": false, "recurrent_size": 200, "hidden_size": 200, "BPTT_len": 120, "noise_std": 0.0, "model_id": "1342"}}