{"trainingPerformance": [50.980603448275865, 71.30268199233717, 85.55914750957854, 93.2507183908046, 94.06130268199233, 94.31273946360153, 94.40253831417624, 94.45761494252874, 94.48515325670498, 94.42409003831418, 94.23850574712644], "testPerformance": [51.57327586206897, 70.12212643678161, 91.00574712643679, 97.26293103448276, 98.58477011494253, 99.066091954023, 98.441091954023, 97.0617816091954, 98.05316091954023, 99.44683908045977, 99.66954022988506], "args": {"network_style": "recurrent", "create_new_dataset": true, "include_fillers": true, "fileloc": "datasets/", "which_context": 0, "all_fullrange": false, "retain_hidden_state": true, "label_context": "constant", "modeltype": "aggregate", "train_lesion_freq": 0.1, "batch_size_multi": [1], "lr_multi": [0.0001], "batch_size": 1, "test_batch_size": 1, "epochs": 10, "lr": 0.0001, "momentum": 0.9, "no_cuda": false, "seed": 1, "log_interval": 10, "weight_decay": 0.0, "recurrent_size": 200, "hidden_size": 200, "BPTT_len": 120, "noise_std": 0.0, "model_id": 286}}