{"trainingPerformance": [65.94166666666666, 86.325, 95.16666666666667, 98.04166666666667, 99.51666666666667, 99.91666666666667, 99.96666666666667, 100.0, 100.0, 100.0], "testPerformance": [78.2, 92.6, 95.76666666666667, 98.36666666666666, 99.53333333333333, 100.0, 100.0, 100.0, 100.0, 100.0], "args": {"modeltype": "aggregate", "batch_size_multi": [12], "lr_multi": [0.001], "batch_size": 12, "test_batch_size": 12, "epochs": 10, "lr": 0.001, "momentum": 0.9, "no_cuda": false, "seed": 1, "log_interval": 10, "weight_decay": 0.0, "save_model": false}, "model": "recurrent_nocontext"}