{"trainingPerformance": [99.99760536398468, 79.14990421455938, 79.37380268199233, 79.55699233716476, 79.4360632183908, 79.39176245210729, 79.57375478927203, 79.50550766283524, 79.77610153256705, 79.38817049808429, 79.5007183908046, 79.6264367816092, 79.70067049808429, 79.69348659003832, 79.5102969348659, 79.5234674329502, 79.683908045977, 79.66115900383141, 79.6970785440613, 79.72581417624521, 79.56896551724138], "testPerformance": [100.0, 98.92959770114942, 99.87068965517241, 99.99281609195403, 100.0, 100.0, 100.0, 100.0, 100.0, 99.97844827586206, 99.95689655172414, 99.94252873563218, 99.92816091954023, 99.87068965517241, 99.77729885057471, 99.6264367816092, 99.59770114942529, 99.57614942528735, 99.375, 99.30316091954023, 99.13793103448276], "args": {"network_style": "recurrent", "create_new_dataset": true, "include_fillers": true, "which_context": 0, "all_fullrange": false, "retain_hidden_state": true, "label_context": "true", "block_int_ttsplit": false, "retrain_decoder": true, "original_model_name": "models/RNN_trainedmodel_truecontextlabel_numrangeblocked_retainstate_n0.0_bs1_lr0.0001_ep10_r200_h200_bpl120_trlf0.0_id3791.pth", "modeltype": "aggregate", "train_lesion_freq": 0.4, "batch_size_multi": [1], "lr_multi": [0.005], "batch_size": 1, "test_batch_size": 1, "epochs": 20, "lr": 0.0001, "momentum": 0.9, "no_cuda": false, "seed": 1, "log_interval": 10, "weight_decay": 0.0, "save_model": false, "recurrent_size": 200, "hidden_size": 200, "BPTT_len": 120, "noise_std": 0.0, "model_id": "3791"}}