{"trainingPerformance": [51.17816091954023, 76.67744252873563, 98.09985632183908, 99.64319923371647, 99.89822796934865, 99.95569923371647, 99.96886973180077, 99.99281609195403, 99.99521072796935, 99.99880268199233, 100.0], "testPerformance": [51.25, 94.98563218390805, 98.1896551724138, 99.97126436781609, 99.97844827586206, 99.98563218390805, 99.98563218390805, 99.99281609195403, 99.99281609195403, 100.0, 100.0], "args": {"network_style": "recurrent", "create_new_dataset": false, "include_fillers": true, "fileloc": "datasets/", "which_context": 0, "all_fullrange": true, "retain_hidden_state": true, "label_context": "true", "modeltype": "aggregate", "train_lesion_freq": 0.0, "batch_size_multi": [1], "lr_multi": [0.0001], "batch_size": 1, "test_batch_size": 1, "epochs": 10, "lr": 0.0001, "momentum": 0.9, "no_cuda": false, "seed": 1, "log_interval": 10, "weight_decay": 0.0, "recurrent_size": 200, "hidden_size": 200, "BPTT_len": 120, "noise_std": 0.0, "model_id": 432}}