{"trainingPerformance": [50.275, 69.775, 89.675, 96.11666666666666, 98.475, 99.79166666666667, 99.98333333333333, 100.0, 100.0, 100.0, 100.0], "testPerformance": [50.733333333333334, 84.16666666666667, 92.8, 97.03333333333333, 99.76666666666667, 100.0, 100.0, 100.0, 100.0, 100.0, 100.0], "args": {"modeltype": "aggregate", "batch_size_multi": [12], "lr_multi": [0.001], "batch_size": 12, "test_batch_size": 12, "epochs": 10, "lr": 0.001, "momentum": 0.9, "no_cuda": false, "seed": 1, "log_interval": 10, "weight_decay": 0.0, "save_model": false, "recurrent_size": 33, "hidden_size": 60}, "model": "recurrent_randcontext"}