{"trainingPerformance": [71.29166666666667, 90.35833333333333, 95.16666666666667, 98.2, 99.63333333333334, 99.95, 100.0, 100.0, 100.0, 100.0], "testPerformance": [84.73333333333333, 93.8, 96.86666666666666, 98.83333333333333, 99.76666666666667, 100.0, 100.0, 100.0, 100.0, 100.0], "args": {"modeltype": "aggregate", "batch_size_multi": [12], "lr_multi": [0.001], "batch_size": 12, "test_batch_size": 12, "epochs": 10, "lr": 0.001, "momentum": 0.9, "no_cuda": false, "seed": 1, "log_interval": 10, "weight_decay": 0.0, "save_model": false}, "model": "recurrent_withcontext"}