{"trainingPerformance": [49.25833333333333, 69.08333333333333, 87.725, 95.51666666666667, 98.775, 99.81666666666666, 99.98333333333333, 100.0, 100.0, 100.0, 100.0], "testPerformance": [46.96666666666667, 83.16666666666667, 92.26666666666667, 98.13333333333334, 99.76666666666667, 100.0, 100.0, 100.0, 100.0, 100.0, 100.0], "args": {"modeltype": "aggregate", "batch_size_multi": [12], "lr_multi": [0.001], "batch_size": 12, "test_batch_size": 12, "epochs": 10, "lr": 0.001, "momentum": 0.9, "no_cuda": false, "seed": 1, "log_interval": 10, "weight_decay": 0.0, "save_model": false, "recurrent_size": 33, "hidden_size": 60}, "model": "recurrent_randcontext"}