{"trainingPerformance": [43.473419540229884, 68.60272988505747, 80.53280651340997, 88.72246168582376, 89.56417624521073, 90.15924329501915, 90.26939655172414, 90.37236590038314, 90.43462643678161, 90.23587164750958, 90.49209770114942], "testPerformance": [43.599137931034484, 74.77729885057471, 96.35775862068965, 93.15373563218391, 96.73132183908046, 99.33189655172414, 99.60488505747126, 99.71264367816092, 99.78448275862068, 99.23850574712644, 99.691091954023], "args": {"network_style": "recurrent", "create_new_dataset": false, "include_fillers": true, "fileloc": "datasets/", "which_context": 0, "all_fullrange": false, "retain_hidden_state": true, "label_context": "true", "modeltype": "aggregate", "train_lesion_freq": 0.2, "batch_size_multi": [1], "lr_multi": [0.0001], "batch_size": 1, "test_batch_size": 1, "epochs": 10, "lr": 0.0001, "momentum": 0.9, "no_cuda": false, "seed": 1, "log_interval": 10, "weight_decay": 0.0, "save_model": false, "recurrent_size": 200, "hidden_size": 200, "BPTT_len": 120, "noise_std": 0.0, "model_id": 3686}}