{"trainingPerformance": [92.05833333333334, 97.70833333333333, 99.20833333333333, 99.70833333333333, 99.925], "testPerformance": [96.63333333333334, 98.36666666666666, 99.5, 99.6, 99.83333333333333], "args": {"modeltype": "aggregate", "batch_size_multi": [1], "lr_multi": [0.001], "batch_size": 1, "test_batch_size": 1, "epochs": 5, "lr": 0.001, "momentum": 0.9, "no_cuda": false, "seed": 1, "log_interval": 10, "weight_decay": 0.0, "save_model": false}, "model": "recurrent_nocontext"}