{"trainingPerformance": [67.89166666666667, 89.875, 95.425, 98.475, 99.575, 99.91666666666667, 99.98333333333333, 100.0, 100.0, 100.0], "testPerformance": [84.3, 90.13333333333334, 95.83333333333333, 98.16666666666667, 99.9, 100.0, 100.0, 100.0, 100.0, 100.0], "args": {"modeltype": "aggregate", "batch_size_multi": [12], "lr_multi": [0.001], "batch_size": 12, "test_batch_size": 12, "epochs": 10, "lr": 0.001, "momentum": 0.9, "no_cuda": false, "seed": 1, "log_interval": 10, "weight_decay": 0.0, "save_model": false}, "model": "recurrent_nocontext"}