{"trainingPerformance": [54.484375, 97.4140625, 99.9609375, 99.97135416666667, 99.97135416666667, 99.97916666666667], "testPerformance": [54.375, 99.86979166666667, 99.8828125, 99.89583333333333, 99.921875, 99.921875], "args": {"modeltype": "aggregate", "batch_size_multi": [1], "lr_multi": [0.001], "batch_size": 1, "test_batch_size": 1, "epochs": 5, "lr": 0.001, "momentum": 0.9, "no_cuda": false, "seed": 1, "log_interval": 10, "weight_decay": 0.0, "save_model": false, "recurrent_size": 33, "hidden_size": 60}, "model": "recurrent_truecontext"}