{"trainingPerformance": [47.57183908045977, 79.08644636015326, 79.34267241379311, 79.45162835249042, 79.22772988505747, 79.54980842911877, 79.34506704980843, 79.39774904214559, 79.28041187739464, 79.4683908045977, 79.73180076628353, 79.89822796934865, 79.68630268199233, 79.57375478927203, 79.92456896551724, 79.79765325670498, 79.81681034482759, 79.85033524904215, 79.79525862068965, 79.81561302681992, 79.88625478927203], "testPerformance": [48.002873563218394, 99.92816091954023, 99.97126436781609, 99.97844827586206, 99.97844827586206, 99.97844827586206, 99.9353448275862, 99.87787356321839, 99.87787356321839, 99.88505747126437, 99.73419540229885, 99.72701149425288, 99.64080459770115, 99.44683908045977, 99.32471264367815, 99.26005747126437, 99.18103448275862, 99.26724137931035, 99.00862068965517, 99.05172413793103, 98.95833333333333], "args": {"network_style": "recurrent", "create_new_dataset": true, "include_fillers": true, "which_context": 0, "all_fullrange": false, "retain_hidden_state": true, "label_context": "true", "block_int_ttsplit": false, "retrain_decoder": true, "original_model_name": "models/RNN_trainedmodel_truecontextlabel_numrangeblocked_retainstate_n0.0_bs1_lr0.0001_ep10_r200_h200_bpl120_trlf0.0_id1259.pth", "modeltype": "aggregate", "train_lesion_freq": 0.4, "batch_size_multi": [1], "lr_multi": [0.001], "batch_size": 1, "test_batch_size": 1, "epochs": 20, "lr": 0.0001, "momentum": 0.9, "no_cuda": false, "seed": 1, "log_interval": 10, "weight_decay": 0.0, "save_model": false, "recurrent_size": 200, "hidden_size": 200, "BPTT_len": 120, "noise_std": 0.0, "model_id": "1259"}}