{"trainingPerformance": [41.275, 62.1, 87.33333333333333, 95.03333333333333, 98.525, 99.75833333333334, 99.96666666666667, 100.0, 100.0, 100.0, 100.0], "testPerformance": [42.733333333333334, 78.46666666666667, 93.86666666666666, 98.03333333333333, 98.96666666666667, 100.0, 100.0, 100.0, 100.0, 100.0, 100.0], "args": {"modeltype": "aggregate", "batch_size_multi": [12], "lr_multi": [0.001], "batch_size": 12, "test_batch_size": 12, "epochs": 10, "lr": 0.001, "momentum": 0.9, "no_cuda": false, "seed": 1, "log_interval": 10, "weight_decay": 0.0, "save_model": false, "recurrent_size": 33, "hidden_size": 60}, "model": "recurrent_randcontext"}