{"trainingPerformance": [92.14166666666667, 98.675, 99.73333333333333, 99.90833333333333, 99.99166666666666], "testPerformance": [91.8, 99.56666666666666, 99.83333333333333, 99.93333333333334, 99.93333333333334], "args": {"modeltype": "aggregate", "batch_size_multi": [1], "lr_multi": [0.001], "batch_size": 1, "test_batch_size": 1, "epochs": 5, "lr": 0.001, "momentum": 0.9, "no_cuda": false, "seed": 1, "log_interval": 10, "weight_decay": 0.0, "save_model": false}, "model": "recurrent_nocontext"}