{"trainingPerformance": [51.9, 76.33333333333333, 92.34166666666667, 96.175, 98.30833333333334, 99.675, 99.96666666666667, 100.0, 100.0], "testPerformance": [51.53333333333333, 87.66666666666667, 93.66666666666667, 97.0, 99.76666666666667, 100.0, 100.0, 100.0, 100.0], "args": {"modeltype": "aggregate", "batch_size_multi": [12], "lr_multi": [0.001], "batch_size": 12, "test_batch_size": 12, "epochs": 8, "lr": 0.001, "momentum": 0.9, "no_cuda": false, "seed": 1, "log_interval": 10, "weight_decay": 0.0, "save_model": false}, "model": "recurrent_truecontext"}