{"trainingPerformance": [75.20833333333333, 93.825, 96.40833333333333, 98.89166666666667, 99.80833333333334, 99.975, 99.99166666666666, 100.0, 100.0, 100.0], "testPerformance": [89.13333333333334, 94.73333333333333, 98.23333333333333, 99.63333333333334, 100.0, 100.0, 100.0, 100.0, 100.0, 100.0], "args": {"modeltype": "aggregate", "batch_size_multi": [12], "lr_multi": [0.001], "batch_size": 12, "test_batch_size": 12, "epochs": 10, "lr": 0.001, "momentum": 0.9, "no_cuda": false, "seed": 1, "log_interval": 10, "weight_decay": 0.0, "save_model": false}, "model": "recurrent_withcontext"}