{"trainingPerformance": [48.30100574712644, 73.72365900383141, 93.66020114942529, 99.481561302682, 99.8455459770115, 99.94731800766283, 99.96647509578544, 99.98922413793103, 99.99880268199233, 99.99880268199233, 100.0], "testPerformance": [48.2183908045977, 76.4367816091954, 99.24568965517241, 99.87787356321839, 99.94252873563218, 99.98563218390805, 99.99281609195403, 99.99281609195403, 99.99281609195403, 99.99281609195403, 99.99281609195403], "args": {"network_style": "recurrent", "create_new_dataset": true, "include_fillers": true, "fileloc": "datasets/", "which_context": 0, "all_fullrange": false, "retain_hidden_state": true, "label_context": "true", "modeltype": "aggregate", "train_lesion_freq": 0.0, "batch_size_multi": [1], "lr_multi": [0.0001], "batch_size": 1, "test_batch_size": 1, "epochs": 10, "lr": 0.0001, "momentum": 0.9, "no_cuda": false, "seed": 1, "log_interval": 10, "weight_decay": 0.0, "recurrent_size": 200, "hidden_size": 200, "BPTT_len": 120, "noise_std": 0.0, "model_id": 7088}}