{"trainingPerformance": [50.217911877394634, 76.0919540229885, 96.48826628352491, 99.58572796934865, 99.79765325670498, 99.90541187739464, 99.97006704980843, 99.98802681992338, 99.99281609195403, 99.99521072796935, 99.99760536398468], "testPerformance": [50.94109195402299, 79.94971264367815, 99.41091954022988, 99.77011494252874, 99.97844827586206, 100.0, 100.0, 100.0, 100.0, 100.0, 100.0], "args": {"network_style": "recurrent", "create_new_dataset": false, "include_fillers": true, "fileloc": "datasets/", "which_context": 0, "all_fullrange": true, "retain_hidden_state": true, "label_context": "constant", "modeltype": "aggregate", "train_lesion_freq": 0.0, "batch_size_multi": [1], "lr_multi": [0.0001], "batch_size": 1, "test_batch_size": 1, "epochs": 10, "lr": 0.0001, "momentum": 0.9, "no_cuda": false, "seed": 1, "log_interval": 10, "weight_decay": 0.0, "recurrent_size": 200, "hidden_size": 200, "BPTT_len": 120, "noise_std": 0.0, "model_id": 8162}}