{"trainingPerformance": [49.93175287356322, 79.066091954023, 79.10560344827586, 79.29956896551724, 79.21815134099617, 79.3271072796935, 79.49233716475096, 79.2816091954023, 79.31633141762453, 79.44564176245211, 79.48874521072797, 79.34147509578544, 79.37619731800767, 79.69348659003832, 79.54741379310344, 79.43486590038314, 79.86230842911877, 79.69348659003832, 79.55340038314176, 79.72820881226053, 79.48515325670498], "testPerformance": [49.66235632183908, 100.0, 100.0, 100.0, 100.0, 100.0, 100.0, 100.0, 100.0, 99.99281609195403, 99.99281609195403, 99.95689655172414, 99.98563218390805, 99.95689655172414, 99.92097701149426, 99.85632183908046, 99.7485632183908, 99.74137931034483, 99.58333333333333, 99.47557471264368, 99.43247126436782], "args": {"network_style": "recurrent", "create_new_dataset": true, "include_fillers": true, "which_context": 0, "all_fullrange": false, "retain_hidden_state": true, "label_context": "true", "block_int_ttsplit": false, "retrain_decoder": true, "original_model_name": "models/RNN_trainedmodel_truecontextlabel_numrangeblocked_retainstate_n0.0_bs1_lr0.0001_ep10_r200_h200_bpl120_trlf0.0_id3791.pth", "modeltype": "aggregate", "train_lesion_freq": 0.4, "batch_size_multi": [1], "lr_multi": [0.001], "batch_size": 1, "test_batch_size": 1, "epochs": 20, "lr": 0.0001, "momentum": 0.9, "no_cuda": false, "seed": 1, "log_interval": 10, "weight_decay": 0.0, "save_model": false, "recurrent_size": 200, "hidden_size": 200, "BPTT_len": 120, "noise_std": 0.0, "model_id": "3791"}}