{"trainingPerformance": [50.45, 78.025, 94.3, 98.5, 99.8, 99.98333333333333, 100.0, 100.0, 100.0], "testPerformance": [51.5, 90.4, 97.76666666666667, 99.6, 100.0, 100.0, 100.0, 100.0, 100.0], "args": {"modeltype": "aggregate", "batch_size_multi": [12], "lr_multi": [0.001], "batch_size": 12, "test_batch_size": 12, "epochs": 8, "lr": 0.001, "momentum": 0.9, "no_cuda": false, "seed": 1, "log_interval": 10, "weight_decay": 0.0, "save_model": false}, "model": "recurrent_truecontext"}