{"trainingPerformance": [50.22749042145594, 75.50407088122606, 95.89798850574712, 99.58692528735632, 99.88026819923371, 99.95090996168582, 99.98084291187739, 99.99401340996168, 99.99880268199233, 100.0, 100.0], "testPerformance": [50.02873563218391, 76.47270114942529, 95.96982758620689, 99.9066091954023, 99.97126436781609, 99.85632183908046, 99.92097701149426, 99.96408045977012, 99.99281609195403, 100.0, 100.0], "args": {"network_style": "recurrent", "create_new_dataset": true, "include_fillers": true, "fileloc": "datasets/", "which_context": 0, "all_fullrange": true, "retain_hidden_state": true, "label_context": "constant", "modeltype": "aggregate", "train_lesion_freq": 0.0, "batch_size_multi": [1], "lr_multi": [0.0001], "batch_size": 1, "test_batch_size": 1, "epochs": 10, "lr": 0.0001, "momentum": 0.9, "no_cuda": false, "seed": 1, "log_interval": 10, "weight_decay": 0.0, "recurrent_size": 200, "hidden_size": 200, "BPTT_len": 120, "noise_std": 0.0, "model_id": 9082}}