{"trainingPerformance": [53.233333333333334, 75.41666666666667, 92.84166666666667, 96.99166666666666, 99.34166666666667, 99.88333333333334, 100.0, 100.0, 100.0, 100.0, 100.0], "testPerformance": [54.266666666666666, 89.63333333333334, 95.2, 98.63333333333334, 100.0, 100.0, 100.0, 100.0, 100.0, 100.0, 100.0], "args": {"modeltype": "aggregate", "batch_size_multi": [12], "lr_multi": [0.001], "batch_size": 12, "test_batch_size": 12, "epochs": 10, "lr": 0.001, "momentum": 0.9, "no_cuda": false, "seed": 1, "log_interval": 10, "weight_decay": 0.0, "save_model": false, "recurrent_size": 33, "hidden_size": 60}, "model": "recurrent_constantcontext"}