{"trainingPerformance": [72.55833333333334, 90.6, 95.19166666666666, 97.84166666666667, 99.475, 99.95, 99.99166666666666, 100.0, 100.0, 100.0], "testPerformance": [85.73333333333333, 93.76666666666667, 95.7, 98.9, 99.7, 100.0, 100.0, 100.0, 100.0, 100.0], "args": {"modeltype": "aggregate", "batch_size_multi": [12], "lr_multi": [0.001], "batch_size": 12, "test_batch_size": 12, "epochs": 10, "lr": 0.001, "momentum": 0.9, "no_cuda": false, "seed": 1, "log_interval": 10, "weight_decay": 0.0, "save_model": false}, "model": "recurrent_withcontext"}