{"trainingPerformance": [47.417385057471265, 75.67169540229885, 96.9169061302682, 99.62883141762453, 99.88864942528735, 99.9389367816092, 99.96886973180077, 99.99281609195403, 99.99760536398468, 99.99880268199233, 99.99880268199233], "testPerformance": [47.64367816091954, 81.12068965517241, 99.70545977011494, 99.97126436781609, 99.94252873563218, 99.99281609195403, 100.0, 100.0, 100.0, 100.0, 100.0], "args": {"network_style": "recurrent", "create_new_dataset": true, "include_fillers": true, "fileloc": "datasets/", "which_context": 0, "all_fullrange": true, "retain_hidden_state": true, "label_context": "constant", "modeltype": "aggregate", "train_lesion_freq": 0.0, "batch_size_multi": [1], "lr_multi": [0.0001], "batch_size": 1, "test_batch_size": 1, "epochs": 10, "lr": 0.0001, "momentum": 0.9, "no_cuda": false, "seed": 1, "log_interval": 10, "weight_decay": 0.0, "recurrent_size": 200, "hidden_size": 200, "BPTT_len": 120, "noise_std": 0.0, "model_id": 600}}