{"trainingPerformance": [67.65833333333333, 88.875, 95.39166666666667, 98.09166666666667, 99.55833333333334, 99.89166666666667, 100.0, 100.0, 100.0, 100.0], "testPerformance": [81.43333333333334, 95.03333333333333, 94.8, 97.0, 99.43333333333334, 99.8, 100.0, 100.0, 100.0, 100.0], "args": {"modeltype": "aggregate", "batch_size_multi": [12], "lr_multi": [0.001], "batch_size": 12, "test_batch_size": 12, "epochs": 10, "lr": 0.001, "momentum": 0.9, "no_cuda": false, "seed": 1, "log_interval": 10, "weight_decay": 0.0, "save_model": false}, "model": "recurrent_nocontext"}