{"trainingPerformance": [49.54621647509578, 66.143438697318, 74.56297892720306, 83.69731800766283, 84.64080459770115, 85.27777777777777, 85.3603927203065, 85.42983716475096, 85.5639367816092, 85.59027777777777, 85.84650383141762], "testPerformance": [49.0948275862069, 74.71264367816092, 85.86925287356321, 91.29310344827586, 94.82758620689656, 95.51005747126437, 97.60057471264368, 98.6566091954023, 98.86494252873563, 99.52586206896552, 99.23850574712644], "args": {"network_style": "recurrent", "create_new_dataset": false, "include_fillers": true, "fileloc": "datasets/", "which_context": 0, "all_fullrange": false, "retain_hidden_state": true, "label_context": "true", "modeltype": "aggregate", "train_lesion_freq": 0.3, "batch_size_multi": [1], "lr_multi": [0.0001], "batch_size": 1, "test_batch_size": 1, "epochs": 10, "lr": 0.0001, "momentum": 0.9, "no_cuda": false, "seed": 1, "log_interval": 10, "weight_decay": 0.0, "save_model": false, "recurrent_size": 200, "hidden_size": 200, "BPTT_len": 120, "noise_std": 0.0, "model_id": 6163}}