{"trainingPerformance": [50.094588122605366, 73.9463601532567, 89.82040229885058, 99.40493295019157, 99.82399425287356, 99.94971264367815, 99.96527777777777, 99.97964559386973, 99.99401340996168, 100.0, 100.0], "testPerformance": [49.964080459770116, 75.72557471264368, 97.71551724137932, 99.45402298850574, 99.99281609195403, 100.0, 100.0, 100.0, 100.0, 100.0, 100.0], "args": {"network_style": "recurrent", "create_new_dataset": true, "include_fillers": true, "fileloc": "datasets/", "which_context": 0, "all_fullrange": false, "retain_hidden_state": true, "label_context": "true", "modeltype": "aggregate", "train_lesion_freq": 0.0, "batch_size_multi": [1], "lr_multi": [0.0001], "batch_size": 1, "test_batch_size": 1, "epochs": 10, "lr": 0.0001, "momentum": 0.9, "no_cuda": false, "seed": 1, "log_interval": 10, "weight_decay": 0.0, "recurrent_size": 200, "hidden_size": 200, "BPTT_len": 120, "noise_std": 0.0, "model_id": 9}}