{"trainingPerformance": [49.7617337164751, 71.19612068965517, 84.84075670498085, 93.27825670498085, 94.09482758620689, 94.44923371647509, 94.5390325670498, 94.58692528735632, 94.55459770114942, 94.22294061302682, 94.26125478927203], "testPerformance": [49.956896551724135, 70.80459770114942, 94.26005747126437, 98.8433908045977, 99.41810344827586, 99.50431034482759, 99.46120689655173, 99.54022988505747, 99.09482758620689, 99.33189655172414, 99.67672413793103], "args": {"network_style": "recurrent", "create_new_dataset": true, "include_fillers": true, "fileloc": "datasets/", "which_context": 0, "all_fullrange": false, "retain_hidden_state": true, "label_context": "constant", "modeltype": "aggregate", "train_lesion_freq": 0.1, "batch_size_multi": [1], "lr_multi": [0.0001], "batch_size": 1, "test_batch_size": 1, "epochs": 10, "lr": 0.0001, "momentum": 0.9, "no_cuda": false, "seed": 1, "log_interval": 10, "weight_decay": 0.0, "recurrent_size": 200, "hidden_size": 200, "BPTT_len": 120, "noise_std": 0.0, "model_id": 3552}}