{"trainingPerformance": [50.082614942528735, 75.07543103448276, 94.14391762452107, 99.47677203065135, 99.88146551724138, 99.96527777777777, 99.9904214559387, 99.99521072796935, 99.99880268199233, 100.0, 100.0], "testPerformance": [50.22270114942529, 76.37212643678161, 99.20977011494253, 99.30316091954023, 99.5617816091954, 99.88505747126437, 99.97844827586206, 99.99281609195403, 99.99281609195403, 100.0, 100.0], "args": {"network_style": "recurrent", "create_new_dataset": true, "include_fillers": true, "fileloc": "datasets/", "which_context": 0, "all_fullrange": false, "retain_hidden_state": true, "label_context": "true", "modeltype": "aggregate", "train_lesion_freq": 0.0, "batch_size_multi": [1], "lr_multi": [0.0001], "batch_size": 1, "test_batch_size": 1, "epochs": 10, "lr": 0.0001, "momentum": 0.9, "no_cuda": false, "seed": 1, "log_interval": 10, "weight_decay": 0.0, "recurrent_size": 200, "hidden_size": 200, "BPTT_len": 120, "noise_std": 0.0, "model_id": 832}}