{"trainingPerformance": [73.35833333333333, 89.18333333333334, 97.00833333333334, 98.99166666666666, 99.64166666666667, 99.925, 99.975, 100.0, 100.0, 100.0], "testPerformance": [81.96666666666667, 94.63333333333334, 96.56666666666666, 98.4, 99.8, 99.8, 100.0, 100.0, 100.0, 100.0], "args": {"modeltype": "aggregate", "batch_size_multi": [12], "lr_multi": [0.001], "batch_size": 12, "test_batch_size": 12, "epochs": 10, "lr": 0.001, "momentum": 0.9, "no_cuda": false, "seed": 1, "log_interval": 10, "weight_decay": 0.0, "save_model": false}, "model": "recurrent_nocontext"}