{"trainingPerformance": [99.99760536398468, 79.26125478927203, 79.34267241379311, 79.09602490421456, 79.59530651340997, 79.32231800766283, 79.38338122605364, 79.26963601532567, 79.65277777777777, 79.45402298850574, 79.27921455938697, 79.55100574712644, 79.45402298850574, 79.57016283524904, 79.20258620689656, 79.1882183908046, 79.68510536398468, 79.21934865900383, 79.48874521072797, 79.40852490421456, 79.52107279693486], "testPerformance": [100.0, 99.79885057471265, 99.97126436781609, 99.98563218390805, 99.99281609195403, 99.98563218390805, 99.99281609195403, 99.99281609195403, 99.99281609195403, 99.99281609195403, 99.99281609195403, 99.99281609195403, 99.94971264367815, 99.95689655172414, 99.94971264367815, 99.94971264367815, 99.89942528735632, 99.87787356321839, 99.82758620689656, 99.79885057471265, 99.75574712643679], "args": {"network_style": "recurrent", "create_new_dataset": true, "include_fillers": true, "which_context": 0, "all_fullrange": true, "retain_hidden_state": true, "label_context": "true", "block_int_ttsplit": false, "retrain_decoder": true, "original_model_name": "models/RNN_trainedmodel_truecontextlabel_numrangeintermingled_retainstate_n0.0_bs1_lr0.0001_ep10_r200_h200_bpl120_trlf0.0_id1342.pth", "modeltype": "aggregate", "train_lesion_freq": 0.4, "batch_size_multi": [1], "lr_multi": [0.005], "batch_size": 1, "test_batch_size": 1, "epochs": 20, "lr": 0.0001, "momentum": 0.9, "no_cuda": false, "seed": 1, "log_interval": 10, "weight_decay": 0.0, "save_model": false, "recurrent_size": 200, "hidden_size": 200, "BPTT_len": 120, "noise_std": 0.0, "model_id": "1342"}}