{"trainingPerformance": [49.89942528735632, 77.04741379310344, 98.3213601532567, 99.73659003831418], "testPerformance": [50.1867816091954, 96.79956896551724, 99.48275862068965, 99.88864942528735], "args": {"modeltype": "aggregate", "batch_size_multi": [1], "lr_multi": [0.0001], "batch_size": 1, "test_batch_size": 1, "epochs": 3, "lr": 0.0001, "momentum": 0.9, "no_cuda": false, "seed": 1, "log_interval": 10, "weight_decay": 0.0, "save_model": false, "recurrent_size": 200, "hidden_size": 200, "BPTT_len": 120}, "model": "recurrent_truecontext"}