{"trainingPerformance": [50.065852490421456, 74.40852490421456, 88.22437739463602, 99.2397030651341, 99.81681034482759, 99.94013409961686, 99.96767241379311, 99.99161877394636, 99.99760536398468, 99.99880268199233, 99.99880268199233], "testPerformance": [50.1580459770115, 75.95545977011494, 97.80172413793103, 99.48994252873563, 99.89942528735632, 100.0, 100.0, 100.0, 100.0, 100.0, 100.0], "args": {"network_style": "recurrent", "create_new_dataset": false, "include_fillers": true, "fileloc": "datasets/", "which_context": 0, "all_fullrange": false, "retain_hidden_state": true, "label_context": "true", "modeltype": "aggregate", "train_lesion_freq": 0.0, "batch_size_multi": [1], "lr_multi": [0.0001], "batch_size": 1, "test_batch_size": 1, "epochs": 10, "lr": 0.0001, "momentum": 0.9, "no_cuda": false, "seed": 1, "log_interval": 10, "weight_decay": 0.0, "save_model": false, "recurrent_size": 200, "hidden_size": 200, "BPTT_len": 120, "noise_std": 0.0, "model_id": 1069}}