{"trainingPerformance": [90.75833333333334, 98.525, 99.58333333333333, 99.88333333333334, 99.96666666666667], "testPerformance": [96.66666666666667, 98.96666666666667, 99.73333333333333, 99.73333333333333, 99.8], "args": {"modeltype": "aggregate", "batch_size_multi": [1], "lr_multi": [0.001], "batch_size": 1, "test_batch_size": 1, "epochs": 5, "lr": 0.001, "momentum": 0.9, "no_cuda": false, "seed": 1, "log_interval": 10, "weight_decay": 0.0, "save_model": false}, "model": "recurrent_nocontext"}