{"trainingPerformance": [42.769396551724135, 75.06345785440612, 93.50933908045977, 94.71623563218391, 95.27658045977012, 95.37835249042146, 95.60344827586206, 95.74832375478927, 95.61661877394636, 95.81776819923371, 95.73036398467433], "testPerformance": [43.002873563218394, 92.55747126436782, 98.08189655172414, 99.38218390804597, 99.73419540229885, 99.61206896551724, 99.79885057471265, 99.87787356321839, 99.92816091954023, 99.91379310344827, 99.78448275862068], "args": {"network_style": "recurrent", "create_new_dataset": true, "include_fillers": true, "fileloc": "datasets/", "which_context": 0, "all_fullrange": true, "retain_hidden_state": true, "label_context": "true", "modeltype": "aggregate", "train_lesion_freq": 0.1, "batch_size_multi": [1], "lr_multi": [0.0001], "batch_size": 1, "test_batch_size": 1, "epochs": 10, "lr": 0.0001, "momentum": 0.9, "no_cuda": false, "seed": 1, "log_interval": 10, "weight_decay": 0.0, "recurrent_size": 200, "hidden_size": 200, "BPTT_len": 120, "noise_std": 0.0, "model_id": 7547}}