{"trainingPerformance": [99.99760536398468, 79.24090038314176, 79.44085249042146, 79.50431034482759, 79.48395593869732, 79.2588601532567, 79.56058429118774, 79.43726053639847, 79.5426245210728, 79.6036877394636, 79.85033524904215, 79.74497126436782, 79.62763409961686, 79.58333333333333, 79.60129310344827, 79.5749521072797, 79.64319923371647, 79.44803639846744, 79.49712643678161, 79.17983716475096, 79.76412835249042], "testPerformance": [100.0, 99.96408045977012, 100.0, 100.0, 100.0, 100.0, 99.98563218390805, 99.96408045977012, 99.94252873563218, 99.78448275862068, 99.8132183908046, 99.64080459770115, 99.55459770114942, 99.35344827586206, 99.08045977011494, 99.05172413793103, 98.96551724137932, 98.94396551724138, 98.86494252873563, 98.8433908045977, 98.70689655172414], "args": {"network_style": "recurrent", "create_new_dataset": true, "include_fillers": true, "which_context": 0, "all_fullrange": false, "retain_hidden_state": true, "label_context": "true", "block_int_ttsplit": false, "retrain_decoder": true, "original_model_name": "models/RNN_trainedmodel_truecontextlabel_numrangeblocked_retainstate_n0.0_bs1_lr0.0001_ep10_r200_h200_bpl120_trlf0.0_id2498.pth", "modeltype": "aggregate", "train_lesion_freq": 0.4, "batch_size_multi": [1], "lr_multi": [0.005], "batch_size": 1, "test_batch_size": 1, "epochs": 20, "lr": 0.0001, "momentum": 0.9, "no_cuda": false, "seed": 1, "log_interval": 10, "weight_decay": 0.0, "save_model": false, "recurrent_size": 200, "hidden_size": 200, "BPTT_len": 120, "noise_std": 0.0, "model_id": "2498"}}