{"trainingPerformance": [50.10775862068966, 88.30818965517241, 98.22198275862068, 98.77514367816092], "testPerformance": [50.053879310344826, 96.47988505747126, 97.1875, 99.2492816091954], "args": {"modeltype": "aggregate", "batch_size_multi": [1], "lr_multi": [0.001], "batch_size": 1, "test_batch_size": 1, "epochs": 3, "lr": 0.001, "momentum": 0.9, "no_cuda": false, "seed": 1, "log_interval": 10, "weight_decay": 0.0, "save_model": false, "recurrent_size": 200, "hidden_size": 200, "BPTT_len": 120}, "model": "recurrent_truecontext"}