{"trainingPerformance": [94.39655172413794, 74.05771072796935, 74.09722222222223, 74.06489463601532, 74.04813218390805, 74.05771072796935, 74.08524904214559, 74.09123563218391, 74.12476053639847, 74.13314176245211, 74.1558908045977, 74.18223180076629, 74.20019157088123, 74.23611111111111, 74.25047892720306, 74.30435823754789, 74.34506704980843, 74.35704022988506, 74.35823754789271, 74.3845785440613, 74.40972222222223, 74.4300766283525, 74.4360632183908, 74.42887931034483, 74.44324712643679, 74.45761494252874, 74.47318007662835, 74.481561302682, 74.48275862068965, 74.48994252873563, 74.52227011494253], "testPerformance": [94.73419540229885, 99.99281609195403, 99.99281609195403, 99.98563218390805, 99.98563218390805, 99.98563218390805, 99.98563218390805, 99.97844827586206, 99.97844827586206, 99.97844827586206, 99.97844827586206, 99.97844827586206, 99.97844827586206, 99.97844827586206, 99.97844827586206, 99.97126436781609, 99.96408045977012, 99.94252873563218, 99.9066091954023, 99.87787356321839, 99.8419540229885, 99.82040229885058, 99.8132183908046, 99.77729885057471, 99.71982758620689, 99.66235632183908, 99.64080459770115, 99.6264367816092, 99.58333333333333, 99.5617816091954, 99.52586206896552], "args": {"network_style": "recurrent", "create_new_dataset": true, "include_fillers": true, "which_context": 0, "all_fullrange": true, "retain_hidden_state": true, "label_context": "true", "block_int_ttsplit": false, "retrain_decoder": true, "original_model_name": "models/RNN_trainedmodel_truecontextlabel_numrangeintermingled_retainstate_n0.0_bs1_lr0.0001_ep10_r200_h200_bpl120_trlf0.0_id1347.pth", "modeltype": "aggregate", "train_lesion_freq": 1.0, "batch_size_multi": [1], "lr_multi": [0.001], "batch_size": 1, "test_batch_size": 1, "epochs": 30, "lr": 0.0001, "momentum": 0.9, "no_cuda": false, "seed": 1, "log_interval": 10, "weight_decay": 0.0, "save_model": false, "recurrent_size": 200, "hidden_size": 200, "BPTT_len": 120, "noise_std": 0.0, "model_id": "1347"}}