{"trainingPerformance": [99.996408045977, 79.48994252873563, 79.40373563218391, 79.580938697318, 79.38697318007662, 78.98467432950191, 79.33548850574712, 79.40373563218391, 79.36063218390805, 79.28041187739464, 79.58333333333333, 79.61446360153256, 79.53544061302682, 79.37260536398468, 79.34626436781609, 79.63122605363985, 79.47318007662835, 79.83117816091954, 79.10680076628353, 79.58213601532567, 79.54501915708812], "testPerformance": [100.0, 98.9080459770115, 99.89942528735632, 99.96408045977012, 99.97844827586206, 99.97844827586206, 99.98563218390805, 99.97844827586206, 99.98563218390805, 99.98563218390805, 99.97844827586206, 99.98563218390805, 99.9353448275862, 99.92097701149426, 99.9353448275862, 99.84913793103448, 99.86350574712644, 99.8419540229885, 99.78448275862068, 99.78448275862068, 99.7485632183908], "args": {"network_style": "recurrent", "create_new_dataset": true, "include_fillers": true, "which_context": 0, "all_fullrange": true, "retain_hidden_state": true, "label_context": "true", "block_int_ttsplit": false, "retrain_decoder": true, "original_model_name": "models/RNN_trainedmodel_truecontextlabel_numrangeintermingled_retainstate_n0.0_bs1_lr0.0001_ep10_r200_h200_bpl120_trlf0.0_id2922.pth", "modeltype": "aggregate", "train_lesion_freq": 0.4, "batch_size_multi": [1], "lr_multi": [0.005], "batch_size": 1, "test_batch_size": 1, "epochs": 20, "lr": 0.0001, "momentum": 0.9, "no_cuda": false, "seed": 1, "log_interval": 10, "weight_decay": 0.0, "save_model": false, "recurrent_size": 200, "hidden_size": 200, "BPTT_len": 120, "noise_std": 0.0, "model_id": "2922"}}