{"trainingPerformance": [99.99760536398468, 79.14391762452107, 79.43845785440612, 79.17145593869732, 79.22413793103448, 79.3271072796935, 79.32830459770115, 79.35584291187739, 79.3235153256705, 79.38577586206897, 79.03256704980843, 79.04813218390805, 78.9044540229885, 79.77370689655173, 79.28879310344827, 79.69947318007662, 79.09482758620689, 79.27681992337165, 79.2205459770115, 79.58692528735632, 79.37619731800767], "testPerformance": [99.99281609195403, 99.38218390804597, 99.95689655172414, 99.99281609195403, 99.99281609195403, 99.99281609195403, 99.99281609195403, 99.99281609195403, 99.99281609195403, 99.99281609195403, 99.99281609195403, 99.99281609195403, 99.98563218390805, 99.99281609195403, 99.98563218390805, 99.98563218390805, 99.97844827586206, 99.97844827586206, 99.97844827586206, 99.97844827586206, 99.96408045977012], "args": {"network_style": "recurrent", "create_new_dataset": true, "include_fillers": true, "which_context": 0, "all_fullrange": true, "retain_hidden_state": true, "label_context": "true", "block_int_ttsplit": false, "retrain_decoder": true, "original_model_name": "models/RNN_trainedmodel_truecontextlabel_numrangeintermingled_retainstate_n0.0_bs1_lr0.0001_ep10_r200_h200_bpl120_trlf0.0_id3713.pth", "modeltype": "aggregate", "train_lesion_freq": 0.4, "batch_size_multi": [1], "lr_multi": [0.005], "batch_size": 1, "test_batch_size": 1, "epochs": 20, "lr": 0.0001, "momentum": 0.9, "no_cuda": false, "seed": 1, "log_interval": 10, "weight_decay": 0.0, "save_model": false, "recurrent_size": 200, "hidden_size": 200, "BPTT_len": 120, "noise_std": 0.0, "model_id": "3713"}}