{"trainingPerformance": [50.04070881226053, 71.96958812260536, 85.91475095785441, 93.76077586206897, 94.51867816091954, 94.75095785440612, 94.94372605363985, 95.16283524904215, 95.28136973180077, 95.23108237547893, 95.12691570881226], "testPerformance": [50.07183908045977, 75.1580459770115, 97.7514367816092, 98.18247126436782, 98.90086206896552, 99.33908045977012, 99.64080459770115, 99.97126436781609, 99.73419540229885, 99.9066091954023, 99.46120689655173], "args": {"network_style": "recurrent", "create_new_dataset": true, "include_fillers": true, "fileloc": "datasets/", "which_context": 0, "all_fullrange": false, "retain_hidden_state": true, "label_context": "true", "modeltype": "aggregate", "train_lesion_freq": 0.1, "batch_size_multi": [1], "lr_multi": [0.0001], "batch_size": 1, "test_batch_size": 1, "epochs": 10, "lr": 0.0001, "momentum": 0.9, "no_cuda": false, "seed": 1, "log_interval": 10, "weight_decay": 0.0, "save_model": false, "recurrent_size": 200, "hidden_size": 200, "BPTT_len": 120, "noise_std": 0.0, "model_id": 5576}}