{"trainingPerformance": [49.956896551724135, 79.71264367816092, 99.6875, 99.97605363984674], "testPerformance": [49.69109195402299, 96.13864942528735, 99.996408045977, 99.996408045977], "args": {"modeltype": "aggregate", "batch_size_multi": [1], "lr_multi": [0.0001], "batch_size": 1, "test_batch_size": 1, "epochs": 3, "lr": 0.0001, "momentum": 0.9, "no_cuda": false, "seed": 1, "log_interval": 10, "weight_decay": 0.0, "save_model": false, "recurrent_size": 200, "hidden_size": 200, "BPTT_len": 120}, "model": "recurrent_truecontext"}