{"trainingPerformance": [47.96575670498084, 71.14942528735632, 82.27011494252874, 93.2602969348659, 94.02298850574712, 94.17624521072797, 94.33548850574712, 94.33189655172414, 94.55459770114942, 94.29358237547893, 94.24688697318008], "testPerformance": [47.44971264367816, 70.64655172413794, 96.04166666666667, 98.57758620689656, 98.92959770114942, 98.89367816091954, 99.41091954022988, 98.64942528735632, 98.67097701149426, 99.10919540229885, 99.40373563218391], "args": {"network_style": "recurrent", "create_new_dataset": true, "include_fillers": true, "fileloc": "datasets/", "which_context": 0, "all_fullrange": false, "retain_hidden_state": true, "label_context": "constant", "modeltype": "aggregate", "train_lesion_freq": 0.1, "batch_size_multi": [1], "lr_multi": [0.0001], "batch_size": 1, "test_batch_size": 1, "epochs": 10, "lr": 0.0001, "momentum": 0.9, "no_cuda": false, "seed": 1, "log_interval": 10, "weight_decay": 0.0, "recurrent_size": 200, "hidden_size": 200, "BPTT_len": 120, "noise_std": 0.0, "model_id": 8273}}