{"trainingPerformance": [49.99401340996169, 75.5639367816092, 97.71551724137932, 99.60488505747126, 99.87787356321839, 99.95330459770115, 99.97964559386973, 99.98922413793103, 100.0, 100.0, 100.0], "testPerformance": [50.10057471264368, 88.21120689655173, 97.35632183908046, 97.7514367816092, 99.83477011494253, 99.99281609195403, 100.0, 100.0, 100.0, 100.0, 100.0], "args": {"network_style": "recurrent", "create_new_dataset": true, "include_fillers": true, "fileloc": "datasets/", "which_context": 0, "all_fullrange": true, "retain_hidden_state": true, "label_context": "true", "modeltype": "aggregate", "train_lesion_freq": 0.0, "batch_size_multi": [1], "lr_multi": [0.0001], "batch_size": 1, "test_batch_size": 1, "epochs": 10, "lr": 0.0001, "momentum": 0.9, "no_cuda": false, "seed": 1, "log_interval": 10, "weight_decay": 0.0, "recurrent_size": 200, "hidden_size": 200, "BPTT_len": 120, "noise_std": 0.0, "model_id": 1600}}