{"trainingPerformance": [47.26293103448276, 75.76628352490421, 97.40421455938697, 99.54022988505747, 99.8551245210728, 99.9353448275862, 99.98204022988506, 99.99760536398468, 100.0, 100.0, 100.0], "testPerformance": [47.28448275862069, 85.61063218390805, 99.74137931034483, 99.9353448275862, 100.0, 100.0, 100.0, 100.0, 100.0, 100.0, 100.0], "args": {"network_style": "recurrent", "create_new_dataset": true, "include_fillers": true, "fileloc": "datasets/", "which_context": 0, "all_fullrange": true, "retain_hidden_state": true, "label_context": "constant", "modeltype": "aggregate", "train_lesion_freq": 0.0, "batch_size_multi": [1], "lr_multi": [0.0001], "batch_size": 1, "test_batch_size": 1, "epochs": 10, "lr": 0.0001, "momentum": 0.9, "no_cuda": false, "seed": 1, "log_interval": 10, "weight_decay": 0.0, "recurrent_size": 200, "hidden_size": 200, "BPTT_len": 120, "noise_std": 0.0, "model_id": 6931}}