{"trainingPerformance": [50.111350574712645, 75.54477969348659, 95.88481800766283, 99.60009578544062, 99.794061302682, 99.90780651340997, 99.97246168582376, 99.9904214559387, 99.99281609195403, 99.996408045977, 100.0], "testPerformance": [49.367816091954026, 78.48419540229885, 99.13793103448276, 99.64080459770115, 99.99281609195403, 100.0, 100.0, 100.0, 100.0, 100.0, 100.0], "args": {"network_style": "recurrent", "create_new_dataset": false, "include_fillers": true, "fileloc": "datasets/", "which_context": 0, "all_fullrange": true, "retain_hidden_state": true, "label_context": "constant", "modeltype": "aggregate", "train_lesion_freq": 0.0, "batch_size_multi": [1], "lr_multi": [0.0001], "batch_size": 1, "test_batch_size": 1, "epochs": 10, "lr": 0.0001, "momentum": 0.9, "no_cuda": false, "seed": 1, "log_interval": 10, "weight_decay": 0.0, "recurrent_size": 200, "hidden_size": 200, "BPTT_len": 120, "noise_std": 0.0, "model_id": 9943}}