{"trainingPerformance": [49.934147509578544, 71.26197318007662, 88.05316091954023, 93.61590038314176, 94.47198275862068, 94.93175287356321, 95.16522988505747, 95.27777777777777, 95.28975095785441, 95.18797892720306, 95.20354406130268], "testPerformance": [49.8419540229885, 75.54597701149426, 98.24712643678161, 98.53448275862068, 98.2183908045977, 99.64798850574712, 99.13793103448276, 99.73419540229885, 99.97126436781609, 99.82040229885058, 99.74137931034483], "args": {"network_style": "recurrent", "create_new_dataset": false, "include_fillers": true, "fileloc": "datasets/", "which_context": 0, "all_fullrange": false, "retain_hidden_state": true, "label_context": "true", "modeltype": "aggregate", "train_lesion_freq": 0.1, "batch_size_multi": [1], "lr_multi": [0.0001], "batch_size": 1, "test_batch_size": 1, "epochs": 10, "lr": 0.0001, "momentum": 0.9, "no_cuda": false, "seed": 1, "log_interval": 10, "weight_decay": 0.0, "recurrent_size": 200, "hidden_size": 200, "BPTT_len": 120, "noise_std": 0.0}}