{"trainingPerformance": [49.78807471264368, 78.330938697318, 98.54645593869732, 99.69348659003832, 99.8874521072797, 99.93055555555556, 99.96048850574712, 99.98802681992338, 99.99880268199233, 100.0, 100.0], "testPerformance": [49.9066091954023, 97.99568965517241, 99.66954022988506, 99.9353448275862, 100.0, 100.0, 100.0, 100.0, 100.0, 100.0, 100.0], "args": {"network_style": "recurrent", "create_new_dataset": true, "include_fillers": true, "fileloc": "datasets/", "which_context": 0, "all_fullrange": true, "retain_hidden_state": true, "label_context": "constant", "modeltype": "aggregate", "train_lesion_freq": 0.0, "batch_size_multi": [1], "lr_multi": [0.0001], "batch_size": 1, "test_batch_size": 1, "epochs": 10, "lr": 0.0001, "momentum": 0.9, "no_cuda": false, "seed": 1, "log_interval": 10, "weight_decay": 0.0, "recurrent_size": 200, "hidden_size": 200, "BPTT_len": 120, "noise_std": 0.0, "model_id": 5850}}