{"trainingPerformance": [66.725, 87.59166666666667, 94.55833333333334, 97.89166666666667, 99.425, 99.86666666666666, 99.975, 100.0, 100.0, 100.0], "testPerformance": [82.26666666666667, 91.13333333333334, 93.6, 97.2, 99.36666666666666, 99.8, 99.8, 100.0, 100.0, 100.0], "args": {"modeltype": "aggregate", "batch_size_multi": [12], "lr_multi": [0.001], "batch_size": 12, "test_batch_size": 12, "epochs": 10, "lr": 0.001, "momentum": 0.9, "no_cuda": false, "seed": 1, "log_interval": 10, "weight_decay": 0.0, "save_model": false}, "model": "recurrent_nocontext"}