{"trainingPerformance": [46.525, 68.20833333333333, 89.18333333333334, 95.44166666666666, 98.5, 99.59166666666667, 99.875, 99.99166666666666, 100.0, 100.0, 100.0], "testPerformance": [46.666666666666664, 83.63333333333334, 92.23333333333333, 97.93333333333334, 99.23333333333333, 99.83333333333333, 100.0, 100.0, 100.0, 100.0, 100.0], "args": {"modeltype": "aggregate", "batch_size_multi": [12], "lr_multi": [0.001], "batch_size": 12, "test_batch_size": 12, "epochs": 10, "lr": 0.001, "momentum": 0.9, "no_cuda": false, "seed": 1, "log_interval": 10, "weight_decay": 0.0, "save_model": false, "recurrent_size": 33, "hidden_size": 60}, "model": "recurrent_randcontext"}