{"trainingPerformance": [99.99760536398468, 79.5713601532567, 79.47318007662835, 79.47677203065135, 79.35344827586206, 79.82399425287356, 79.66954022988506, 79.74976053639847, 79.8647030651341, 79.98323754789271, 79.74736590038314, 79.96886973180077, 80.08022030651341, 80.14727011494253, 80.01436781609195, 80.43941570881226, 80.01556513409962, 80.11853448275862, 80.30411877394636, 80.03472222222223, 79.85751915708812], "testPerformance": [100.0, 99.82040229885058, 99.97126436781609, 100.0, 99.99281609195403, 99.99281609195403, 99.99281609195403, 99.99281609195403, 99.98563218390805, 99.98563218390805, 99.97844827586206, 99.9353448275862, 99.9066091954023, 99.92097701149426, 99.91379310344827, 99.85632183908046, 99.79166666666667, 99.74137931034483, 99.64798850574712, 99.61925287356321, 99.55459770114942], "args": {"network_style": "recurrent", "create_new_dataset": true, "include_fillers": true, "which_context": 0, "all_fullrange": false, "retain_hidden_state": true, "label_context": "true", "block_int_ttsplit": false, "retrain_decoder": true, "original_model_name": "models/RNN_trainedmodel_truecontextlabel_numrangeblocked_retainstate_n0.0_bs1_lr0.0001_ep10_r200_h200_bpl120_trlf0.0_id832.pth", "modeltype": "aggregate", "train_lesion_freq": 0.4, "batch_size_multi": [1], "lr_multi": [0.005], "batch_size": 1, "test_batch_size": 1, "epochs": 20, "lr": 0.0001, "momentum": 0.9, "no_cuda": false, "seed": 1, "log_interval": 10, "weight_decay": 0.0, "save_model": false, "recurrent_size": 200, "hidden_size": 200, "BPTT_len": 120, "noise_std": 0.0, "model_id": "832"}}