{"trainingPerformance": [47.34166666666667, 92.2, 99.80833333333334, 99.99166666666666, 100.0, 100.0, 100.0, 100.0, 100.0, 100.0, 100.0], "testPerformance": [46.93333333333333, 99.83333333333333, 100.0, 100.0, 100.0, 100.0, 100.0, 100.0, 100.0, 100.0, 100.0], "args": {"modeltype": "aggregate", "batch_size_multi": [1], "lr_multi": [0.001], "batch_size": 1, "test_batch_size": 1, "epochs": 10, "lr": 0.001, "momentum": 0.9, "no_cuda": false, "seed": 1, "log_interval": 10, "weight_decay": 0.0, "save_model": false, "recurrent_size": 33, "hidden_size": 60}, "model": "recurrent_truecontext"}