{"trainingPerformance": [50.07543103448276, 69.17265325670498, 80.34602490421456, 88.76317049808429, 89.57016283524904, 90.19157088122606, 90.51963601532567, 90.28256704980843, 90.65253831417624, 90.39152298850574, 90.38314176245211], "testPerformance": [50.474137931034484, 76.558908045977, 94.00862068965517, 98.53448275862068, 99.20258620689656, 99.29597701149426, 99.10919540229885, 99.01580459770115, 99.49712643678161, 99.77729885057471, 99.61206896551724], "args": {"network_style": "recurrent", "create_new_dataset": true, "include_fillers": true, "fileloc": "datasets/", "which_context": 0, "all_fullrange": false, "retain_hidden_state": true, "label_context": "true", "modeltype": "aggregate", "train_lesion_freq": 0.2, "batch_size_multi": [1], "lr_multi": [0.0001], "batch_size": 1, "test_batch_size": 1, "epochs": 10, "lr": 0.0001, "momentum": 0.9, "no_cuda": false, "seed": 1, "log_interval": 10, "weight_decay": 0.0, "save_model": false, "recurrent_size": 200, "hidden_size": 200, "BPTT_len": 120, "noise_std": 0.0, "model_id": 2691}}