{"trainingPerformance": [69.05833333333334, 89.575, 95.48333333333333, 98.24166666666666, 99.39166666666667, 99.8, 99.95, 100.0, 100.0, 100.0], "testPerformance": [80.96666666666667, 90.36666666666666, 94.6, 97.46666666666667, 99.36666666666666, 99.8, 100.0, 100.0, 100.0, 100.0], "args": {"modeltype": "aggregate", "batch_size_multi": [12], "lr_multi": [0.001], "batch_size": 12, "test_batch_size": 12, "epochs": 10, "lr": 0.001, "momentum": 0.9, "no_cuda": false, "seed": 1, "log_interval": 10, "weight_decay": 0.0, "save_model": false}, "model": "recurrent_nocontext"}