{"trainingPerformance": [99.99760536398468, 79.23251915708812, 79.30435823754789, 79.28999042145594, 79.23850574712644, 79.33548850574712, 79.57375478927203, 79.60488505747126, 79.25047892720306, 79.93055555555556, 79.83117816091954, 79.67313218390805, 79.50909961685824, 79.57734674329502, 79.40014367816092, 79.53424329501915, 79.60967432950191, 79.72701149425288, 79.35464559386973, 79.68989463601532, 79.66355363984674], "testPerformance": [100.0, 99.96408045977012, 100.0, 100.0, 100.0, 100.0, 99.98563218390805, 99.97126436781609, 99.89942528735632, 99.89224137931035, 99.67672413793103, 99.56896551724138, 99.30316091954023, 99.32471264367815, 99.08764367816092, 98.97988505747126, 99.02298850574712, 98.8433908045977, 98.86494252873563, 98.86494252873563, 98.82183908045977], "args": {"network_style": "recurrent", "create_new_dataset": true, "include_fillers": true, "which_context": 0, "all_fullrange": false, "retain_hidden_state": true, "label_context": "true", "block_int_ttsplit": false, "retrain_decoder": true, "original_model_name": "models/RNN_trainedmodel_truecontextlabel_numrangeblocked_retainstate_n0.0_bs1_lr0.0001_ep10_r200_h200_bpl120_trlf0.0_id2498.pth", "modeltype": "aggregate", "train_lesion_freq": 0.4, "batch_size_multi": [1], "lr_multi": [0.005], "batch_size": 1, "test_batch_size": 1, "epochs": 20, "lr": 0.0001, "momentum": 0.9, "no_cuda": false, "seed": 1, "log_interval": 10, "weight_decay": 0.0, "save_model": false, "recurrent_size": 200, "hidden_size": 200, "BPTT_len": 120, "noise_std": 0.0, "model_id": "2498"}}