{"trainingPerformance": [51.29549808429119, 61.867816091954026, 63.162116858237546, 70.87763409961686, 75.0550766283525, 75.32088122605364, 76.00335249042146], "testPerformance": [51.257183908045974, 74.24209770114942, 76.33620689655173, 95.96982758620689, 94.57255747126437, 92.7514367816092, 95.41666666666667], "args": {"network_style": "recurrent", "create_new_dataset": false, "include_fillers": true, "fileloc": "datasets/", "which_context": 0, "all_fullrange": false, "retain_hidden_state": true, "label_context": "true", "modeltype": "aggregate", "train_lesion_freq": 0.5, "batch_size_multi": [1], "lr_multi": [0.0001], "batch_size": 1, "test_batch_size": 1, "epochs": 6, "lr": 0.0001, "momentum": 0.9, "no_cuda": false, "seed": 1, "log_interval": 10, "weight_decay": 0.0, "save_model": false, "recurrent_size": 200, "hidden_size": 200, "BPTT_len": 120, "noise_std": 0.0}}