{"trainingPerformance": [49.98204022988506, 74.23850574712644, 96.00095785440612, 99.43845785440612, 99.87907088122606, 99.97126436781609, 99.98682950191571, 99.99161877394636, 99.99760536398468, 100.0, 100.0], "testPerformance": [49.71264367816092, 79.9066091954023, 98.36206896551724, 99.35344827586206, 99.99281609195403, 99.99281609195403, 99.99281609195403, 99.98563218390805, 100.0, 100.0, 100.0], "args": {"network_style": "recurrent", "create_new_dataset": true, "include_fillers": true, "fileloc": "datasets/", "which_context": 0, "all_fullrange": false, "retain_hidden_state": true, "label_context": "true", "modeltype": "aggregate", "train_lesion_freq": 0.0, "batch_size_multi": [1], "lr_multi": [0.0001], "batch_size": 1, "test_batch_size": 1, "epochs": 10, "lr": 0.0001, "momentum": 0.9, "no_cuda": false, "seed": 1, "log_interval": 10, "weight_decay": 0.0, "recurrent_size": 200, "hidden_size": 200, "BPTT_len": 120, "noise_std": 0.0, "model_id": 3791}}