{"trainingPerformance": [75.59506704980843, 74.0146072796935, 74.08285440613027, 74.13912835249042, 74.16786398467433, 74.26604406130268, 74.41091954022988, 74.50431034482759, 74.60608237547893, 74.75335249042146, 74.82040229885058, 74.94731800766283, 74.96408045977012, 75.01077586206897, 75.0550766283525, 75.07303639846744, 75.13290229885058, 75.14727011494253, 75.18797892720306, 75.23108237547893, 75.24545019157088, 75.27418582375479, 75.30411877394636, 75.31010536398468, 75.32806513409962, 75.35560344827586, 75.36997126436782, 75.36518199233717, 75.38673371647509, 75.39032567049809, 75.4058908045977], "testPerformance": [75.3735632183908, 100.0, 99.99281609195403, 99.98563218390805, 99.98563218390805, 99.98563218390805, 99.94252873563218, 99.92097701149426, 99.91379310344827, 99.83477011494253, 99.72701149425288, 99.6264367816092, 99.54022988505747, 99.38218390804597, 99.24568965517241, 99.13074712643679, 99.066091954023, 99.03017241379311, 98.92959770114942, 98.82183908045977, 98.75718390804597, 98.69971264367815, 98.63505747126437, 98.58477011494253, 98.53448275862068, 98.47701149425288, 98.42672413793103, 98.36925287356321, 98.30459770114942, 98.26867816091954, 98.2183908045977], "args": {"network_style": "recurrent", "create_new_dataset": true, "include_fillers": true, "which_context": 0, "all_fullrange": false, "retain_hidden_state": true, "label_context": "true", "block_int_ttsplit": false, "retrain_decoder": true, "original_model_name": "models/RNN_trainedmodel_truecontextlabel_numrangeblocked_retainstate_n0.0_bs1_lr0.0001_ep10_r200_h200_bpl120_trlf0.0_id9.pth", "modeltype": "aggregate", "train_lesion_freq": 1.0, "batch_size_multi": [1], "lr_multi": [0.001], "batch_size": 1, "test_batch_size": 1, "epochs": 30, "lr": 0.0001, "momentum": 0.9, "no_cuda": false, "seed": 1, "log_interval": 10, "weight_decay": 0.0, "save_model": false, "recurrent_size": 200, "hidden_size": 200, "BPTT_len": 120, "noise_std": 0.0, "model_id": "9"}}