{"trainingPerformance": [46.7816091954023, 63.81226053639847, 66.25239463601532, 77.66882183908046, 79.790469348659, 80.28376436781609, 80.57590996168582, 80.90038314176245, 80.71000957854406, 81.03208812260536, 81.04645593869732], "testPerformance": [46.65229885057471, 74.39655172413794, 78.87931034482759, 93.16810344827586, 92.6867816091954, 96.19252873563218, 98.23275862068965, 99.48275862068965, 97.77298850574712, 99.32471264367815, 98.45545977011494], "args": {"network_style": "recurrent", "create_new_dataset": false, "include_fillers": true, "fileloc": "datasets/", "which_context": 0, "all_fullrange": false, "retain_hidden_state": true, "label_context": "true", "modeltype": "aggregate", "train_lesion_freq": 0.4, "batch_size_multi": [1], "lr_multi": [0.0001], "batch_size": 1, "test_batch_size": 1, "epochs": 10, "lr": 0.0001, "momentum": 0.9, "no_cuda": false, "seed": 1, "log_interval": 10, "weight_decay": 0.0, "save_model": false, "recurrent_size": 200, "hidden_size": 200, "BPTT_len": 120, "noise_std": 0.0, "model_id": 8130}}