{"trainingPerformance": [52.141666666666666, 72.95, 92.10833333333333, 96.75833333333334, 98.88333333333334, 99.75, 99.90833333333333, 99.90833333333333, 99.95833333333333, 99.975, 99.98333333333333], "testPerformance": [52.5, 86.76666666666667, 95.76666666666667, 98.73333333333333, 99.6, 99.83333333333333, 99.83333333333333, 99.83333333333333, 100.0, 100.0, 100.0], "args": {"modeltype": "aggregate", "batch_size_multi": [12], "lr_multi": [0.001], "batch_size": 12, "test_batch_size": 12, "epochs": 10, "lr": 0.001, "momentum": 0.9, "no_cuda": false, "seed": 1, "log_interval": 10, "weight_decay": 0.0, "save_model": false, "recurrent_size": 33, "hidden_size": 60}, "model": "recurrent_truecontext"}