{"trainingPerformance": [69.10833333333333, 85.11666666666666, 96.05833333333334, 98.5, 99.65, 99.99166666666666, 100.0, 100.0, 100.0, 100.0], "testPerformance": [78.86666666666666, 92.13333333333334, 97.26666666666667, 99.53333333333333, 99.7, 100.0, 100.0, 100.0, 100.0, 100.0], "args": {"modeltype": "aggregate", "batch_size_multi": [12], "lr_multi": [0.001], "batch_size": 12, "test_batch_size": 12, "epochs": 10, "lr": 0.001, "momentum": 0.9, "no_cuda": false, "seed": 1, "log_interval": 10, "weight_decay": 0.0, "save_model": false}, "model": "recurrent_withcontext"}