{"trainingPerformance": [88.12978927203065, 79.44803639846744, 79.34985632183908, 79.41570881226053, 79.54501915708812, 79.1235632183908, 79.59889846743295, 79.5749521072797, 79.60727969348659, 79.584530651341, 79.65636973180077, 79.83955938697318, 79.50550766283524, 79.92935823754789, 79.76891762452107, 80.11374521072797, 79.9353448275862, 79.81681034482759, 80.34363026819923, 79.87667624521073, 80.0550766283525], "testPerformance": [88.08189655172414, 99.99281609195403, 99.99281609195403, 99.99281609195403, 100.0, 100.0, 99.99281609195403, 99.99281609195403, 99.99281609195403, 99.99281609195403, 99.98563218390805, 99.97126436781609, 99.94252873563218, 99.92097701149426, 99.9066091954023, 99.82040229885058, 99.72701149425288, 99.71264367816092, 99.67672413793103, 99.6264367816092, 99.55459770114942], "args": {"network_style": "recurrent", "create_new_dataset": true, "include_fillers": true, "which_context": 0, "all_fullrange": false, "retain_hidden_state": true, "label_context": "true", "block_int_ttsplit": false, "retrain_decoder": true, "original_model_name": "models/RNN_trainedmodel_truecontextlabel_numrangeblocked_retainstate_n0.0_bs1_lr0.0001_ep10_r200_h200_bpl120_trlf0.0_id9.pth", "modeltype": "aggregate", "train_lesion_freq": 0.4, "batch_size_multi": [1], "lr_multi": [0.001], "batch_size": 1, "test_batch_size": 1, "epochs": 20, "lr": 0.0001, "momentum": 0.9, "no_cuda": false, "seed": 1, "log_interval": 10, "weight_decay": 0.0, "save_model": false, "recurrent_size": 200, "hidden_size": 200, "BPTT_len": 120, "noise_std": 0.0, "model_id": "9"}}