{"trainingPerformance": [55.59746168582375, 74.39295977011494, 89.5390325670498, 99.27921455938697, 99.82998084291188, 99.9580938697318, 99.98802681992338, 99.99760536398468, 100.0, 100.0, 100.0], "testPerformance": [54.80603448275862, 70.5316091954023, 98.96551724137932, 99.48275862068965, 99.79166666666667, 100.0, 100.0, 100.0, 100.0, 100.0, 100.0], "args": {"network_style": "recurrent", "create_new_dataset": false, "include_fillers": true, "fileloc": "datasets/", "which_context": 0, "all_fullrange": false, "retain_hidden_state": true, "label_context": "constant", "modeltype": "aggregate", "train_lesion_freq": 0.0, "batch_size_multi": [1], "lr_multi": [0.0001], "batch_size": 1, "test_batch_size": 1, "epochs": 10, "lr": 0.0001, "momentum": 0.9, "no_cuda": false, "seed": 1, "log_interval": 10, "weight_decay": 0.0, "recurrent_size": 200, "hidden_size": 200, "BPTT_len": 120, "noise_std": 0.0, "model_id": 4677}}