{"trainingPerformance": [73.83333333333333, 90.84166666666667, 96.25833333333334, 98.84166666666667, 99.64166666666667, 99.93333333333334, 99.96666666666667, 99.98333333333333, 100.0, 100.0], "testPerformance": [85.53333333333333, 93.9, 96.76666666666667, 99.23333333333333, 100.0, 100.0, 100.0, 100.0, 100.0, 100.0], "args": {"modeltype": "aggregate", "batch_size_multi": [12], "lr_multi": [0.001], "batch_size": 12, "test_batch_size": 12, "epochs": 10, "lr": 0.001, "momentum": 0.9, "no_cuda": false, "seed": 1, "log_interval": 10, "weight_decay": 0.0, "save_model": false}, "model": "recurrent_nocontext"}