{"trainingPerformance": [50.65, 76.325, 92.51666666666667, 95.81666666666666, 98.85833333333333, 99.79166666666667, 99.91666666666667, 99.98333333333333, 99.99166666666666, 100.0, 100.0], "testPerformance": [50.96666666666667, 90.03333333333333, 92.8, 96.76666666666667, 98.96666666666667, 100.0, 100.0, 100.0, 100.0, 100.0, 100.0], "args": {"modeltype": "aggregate", "batch_size_multi": [12], "lr_multi": [0.001], "batch_size": 12, "test_batch_size": 12, "epochs": 10, "lr": 0.001, "momentum": 0.9, "no_cuda": false, "seed": 1, "log_interval": 10, "weight_decay": 0.0, "save_model": false}, "model": "recurrent_constantcontext"}