{"trainingPerformance": [99.99880268199233, 79.54382183908046, 79.34027777777777, 79.37619731800767, 79.48395593869732, 79.60967432950191, 79.64439655172414, 79.85991379310344, 79.71384099616859, 79.44564176245211, 79.75933908045977, 79.8227969348659, 79.69468390804597, 79.90780651340997, 80.07543103448276, 79.84434865900383, 79.77849616858238, 79.7353927203065, 79.57375478927203, 79.60967432950191, 79.83477011494253], "testPerformance": [100.0, 98.11781609195403, 99.04454022988506, 99.61206896551724, 99.84913793103448, 99.80603448275862, 99.85632183908046, 99.78448275862068, 99.79885057471265, 99.75574712643679, 99.59051724137932, 99.63362068965517, 99.683908045977, 99.58333333333333, 99.50431034482759, 99.45402298850574, 99.41810344827586, 99.36063218390805, 99.36781609195403, 99.33189655172414, 99.30316091954023], "args": {"network_style": "recurrent", "create_new_dataset": true, "include_fillers": true, "which_context": 0, "all_fullrange": false, "retain_hidden_state": true, "label_context": "true", "block_int_ttsplit": false, "retrain_decoder": true, "original_model_name": "models/RNN_trainedmodel_truecontextlabel_numrangeblocked_retainstate_n0.0_bs1_lr0.0001_ep10_r200_h200_bpl120_trlf0.0_id2289.pth", "modeltype": "aggregate", "train_lesion_freq": 0.4, "batch_size_multi": [1], "lr_multi": [0.005], "batch_size": 1, "test_batch_size": 1, "epochs": 20, "lr": 0.0001, "momentum": 0.9, "no_cuda": false, "seed": 1, "log_interval": 10, "weight_decay": 0.0, "save_model": false, "recurrent_size": 200, "hidden_size": 200, "BPTT_len": 120, "noise_std": 0.0, "model_id": "2289"}}