{"trainingPerformance": [57.531130268199234, 72.95378352490421, 76.50502873563218, 92.65565134099617, 99.38936781609195, 99.8227969348659, 99.93654214559388], "testPerformance": [57.7191091954023, 70.628591954023, 70.22988505747126, 98.18247126436782, 99.13793103448276, 99.46120689655173, 99.71623563218391], "args": {"modeltype": "aggregate", "batch_size_multi": [1], "lr_multi": [5e-05], "batch_size": 1, "test_batch_size": 1, "epochs": 6, "lr": 5e-05, "momentum": 0.9, "no_cuda": false, "seed": 1, "log_interval": 10, "weight_decay": 0.0, "save_model": false, "recurrent_size": 200, "hidden_size": 200, "BPTT_len": 120}, "model": "recurrent_truecontext"}