{"trainingPerformance": [41.57567049808429, 96.18175287356321, 99.40613026819923, 99.64200191570882], "testPerformance": [41.49425287356322, 98.11422413793103, 98.47701149425288, 99.99281609195403], "args": {"modeltype": "aggregate", "batch_size_multi": [1], "lr_multi": [0.001], "batch_size": 1, "test_batch_size": 1, "epochs": 3, "lr": 0.001, "momentum": 0.9, "no_cuda": false, "seed": 1, "log_interval": 10, "weight_decay": 0.0, "save_model": false, "recurrent_size": 200, "hidden_size": 200, "BPTT_len": 120}, "model": "recurrent_truecontext"}