{"trainingPerformance": [50.26580459770115, 73.27705938697318, 90.78184865900383, 94.44444444444444, 94.84075670498085, 94.92576628352491, 95.205938697318, 95.10057471264368, 95.1257183908046, 95.03831417624521, 95.0419061302682], "testPerformance": [50.38793103448276, 77.41379310344827, 98.33333333333333, 99.75574712643679, 99.89942528735632, 99.91379310344827, 99.76293103448276, 99.94971264367815, 99.98563218390805, 99.92097701149426, 99.61925287356321], "args": {"network_style": "recurrent", "create_new_dataset": true, "include_fillers": true, "fileloc": "datasets/", "which_context": 0, "all_fullrange": true, "retain_hidden_state": true, "label_context": "constant", "modeltype": "aggregate", "train_lesion_freq": 0.1, "batch_size_multi": [1], "lr_multi": [0.0001], "batch_size": 1, "test_batch_size": 1, "epochs": 10, "lr": 0.0001, "momentum": 0.9, "no_cuda": false, "seed": 1, "log_interval": 10, "weight_decay": 0.0, "recurrent_size": 200, "hidden_size": 200, "BPTT_len": 120, "noise_std": 0.0, "model_id": 7662}}