{"trainingPerformance": [73.10833333333333, 92.20833333333333, 96.58333333333333, 98.26666666666667, 99.63333333333334, 99.95833333333333, 100.0, 100.0, 100.0, 100.0], "testPerformance": [86.6, 95.3, 97.1, 99.16666666666667, 100.0, 100.0, 100.0, 100.0, 100.0, 100.0], "args": {"modeltype": "aggregate", "batch_size_multi": [12], "lr_multi": [0.001], "batch_size": 12, "test_batch_size": 12, "epochs": 10, "lr": 0.001, "momentum": 0.9, "no_cuda": false, "seed": 1, "log_interval": 10, "weight_decay": 0.0, "save_model": false}, "model": "recurrent_withcontext"}