{"trainingPerformance": [57.416666666666664, 78.325, 91.1, 95.5, 98.59166666666667, 99.66666666666667, 99.84166666666667, 99.90833333333333, 99.96666666666667, 99.99166666666666, 100.0], "testPerformance": [57.3, 87.83333333333333, 92.2, 96.96666666666667, 98.56666666666666, 99.6, 99.6, 100.0, 100.0, 100.0, 100.0], "args": {"modeltype": "aggregate", "batch_size_multi": [12], "lr_multi": [0.001], "batch_size": 12, "test_batch_size": 12, "epochs": 10, "lr": 0.001, "momentum": 0.9, "no_cuda": false, "seed": 1, "log_interval": 10, "weight_decay": 0.0, "save_model": false, "recurrent_size": 33, "hidden_size": 60}, "model": "recurrent_truecontext"}