{"trainingPerformance": [49.934147509578544, 71.71934865900383, 85.11494252873563, 93.81704980842912, 94.41091954022988, 94.8742816091954, 94.98802681992338, 95.22629310344827, 95.32686781609195, 95.25383141762453, 95.2478448275862], "testPerformance": [49.8419540229885, 75.26580459770115, 93.4985632183908, 98.36206896551724, 98.98706896551724, 98.91522988505747, 99.683908045977, 99.67672413793103, 99.99281609195403, 99.95689655172414, 99.683908045977], "args": {"network_style": "recurrent", "create_new_dataset": false, "include_fillers": true, "fileloc": "datasets/", "which_context": 0, "all_fullrange": false, "retain_hidden_state": true, "label_context": "true", "modeltype": "aggregate", "train_lesion_freq": 0.1, "batch_size_multi": [1], "lr_multi": [0.0001], "batch_size": 1, "test_batch_size": 1, "epochs": 10, "lr": 0.0001, "momentum": 0.9, "no_cuda": false, "seed": 1, "log_interval": 10, "weight_decay": 0.0, "save_model": false, "recurrent_size": 200, "hidden_size": 200, "BPTT_len": 120, "noise_std": 0.0, "model_id": 1189}}