{"trainingPerformance": [50.007183908045974, 71.8271072796935, 86.21527777777777, 93.37404214559388, 94.06968390804597, 94.23730842911877, 94.54501915708812, 94.60129310344827, 94.58333333333333, 94.47437739463602, 94.33069923371647], "testPerformance": [50.27298850574713, 70.83333333333333, 95.98419540229885, 98.60632183908046, 99.13074712643679, 99.29597701149426, 99.44683908045977, 99.35344827586206, 98.97270114942529, 98.58477011494253, 98.73563218390805], "args": {"network_style": "recurrent", "create_new_dataset": true, "include_fillers": true, "fileloc": "datasets/", "which_context": 0, "all_fullrange": false, "retain_hidden_state": true, "label_context": "constant", "modeltype": "aggregate", "train_lesion_freq": 0.1, "batch_size_multi": [1], "lr_multi": [0.0001], "batch_size": 1, "test_batch_size": 1, "epochs": 10, "lr": 0.0001, "momentum": 0.9, "no_cuda": false, "seed": 1, "log_interval": 10, "weight_decay": 0.0, "recurrent_size": 200, "hidden_size": 200, "BPTT_len": 120, "noise_std": 0.0, "model_id": 220}}