{"trainingPerformance": [49.525862068965516, 74.16666666666667, 95.79142720306514, 99.4875478927203, 99.85632183908046, 99.95090996168582, 99.98443486590038, 99.99521072796935, 99.99880268199233, 100.0, 100.0], "testPerformance": [49.12356321839081, 82.51436781609195, 98.72844827586206, 99.84913793103448, 99.94252873563218, 99.99281609195403, 99.99281609195403, 100.0, 100.0, 100.0, 100.0], "args": {"network_style": "recurrent", "create_new_dataset": true, "include_fillers": true, "fileloc": "datasets/", "which_context": 0, "all_fullrange": true, "retain_hidden_state": true, "label_context": "true", "modeltype": "aggregate", "train_lesion_freq": 0.0, "batch_size_multi": [1], "lr_multi": [0.0001], "batch_size": 1, "test_batch_size": 1, "epochs": 10, "lr": 0.0001, "momentum": 0.9, "no_cuda": false, "seed": 1, "log_interval": 10, "weight_decay": 0.0, "recurrent_size": 200, "hidden_size": 200, "BPTT_len": 120, "noise_std": 0.0, "model_id": 2922}}