{"trainingPerformance": [46.55, 69.80833333333334, 90.075, 95.10833333333333, 98.41666666666667, 99.75833333333334, 99.83333333333333, 99.89166666666667, 99.925, 99.975, 100.0], "testPerformance": [48.1, 84.43333333333334, 93.86666666666666, 95.7, 99.46666666666667, 99.6, 99.6, 99.83333333333333, 100.0, 100.0, 100.0], "args": {"modeltype": "aggregate", "batch_size_multi": [12], "lr_multi": [0.001], "batch_size": 12, "test_batch_size": 12, "epochs": 10, "lr": 0.001, "momentum": 0.9, "no_cuda": false, "seed": 1, "log_interval": 10, "weight_decay": 0.0, "save_model": false, "recurrent_size": 33, "hidden_size": 60}, "model": "recurrent_truecontext"}