{"trainingPerformance": [50.02394636015325, 74.15349616858238, 74.3235153256705, 74.34626436781609, 74.30316091954023, 74.29956896551724, 74.3235153256705, 74.37021072796935, 74.4396551724138, 74.49353448275862, 74.55100574712644], "testPerformance": [50.12931034482759, 100.0, 100.0, 100.0, 100.0, 99.99281609195403, 99.97844827586206, 99.95689655172414, 99.92816091954023, 99.87787356321839, 99.82040229885058], "args": {"network_style": "recurrent", "create_new_dataset": true, "include_fillers": true, "which_context": 0, "all_fullrange": false, "retain_hidden_state": true, "label_context": "true", "block_int_ttsplit": false, "retrain_decoder": true, "original_model_name": "models/RNN_trainedmodel_truecontextlabel_numrangeblocked_retainstate_n0.0_bs1_lr0.0001_ep10_r200_h200_bpl120_trlf0.0_id7388.pth", "modeltype": "aggregate", "train_lesion_freq": 1.0, "batch_size_multi": [1], "lr_multi": [0.001], "batch_size": 1, "test_batch_size": 1, "epochs": 10, "lr": 0.0001, "momentum": 0.9, "no_cuda": false, "seed": 1, "log_interval": 10, "weight_decay": 0.0, "save_model": false, "recurrent_size": 200, "hidden_size": 200, "BPTT_len": 120, "noise_std": 0.0, "model_id": "7388"}}