{"trainingPerformance": [44.58931992337165, 68.53807471264368, 79.0146072796935, 88.56561302681992, 89.57854406130268, 90.14248084291188, 90.07423371647509, 90.4477969348659, 90.44420498084291, 90.29334291187739, 90.43462643678161], "testPerformance": [44.43247126436781, 75.98419540229885, 94.9353448275862, 97.14798850574712, 96.86781609195403, 98.34770114942529, 97.84482758620689, 98.01005747126437, 98.72126436781609, 99.87068965517241, 99.52586206896552], "args": {"network_style": "recurrent", "create_new_dataset": true, "include_fillers": true, "fileloc": "datasets/", "which_context": 0, "all_fullrange": false, "retain_hidden_state": true, "label_context": "true", "modeltype": "aggregate", "train_lesion_freq": 0.2, "batch_size_multi": [1], "lr_multi": [0.0001], "batch_size": 1, "test_batch_size": 1, "epochs": 10, "lr": 0.0001, "momentum": 0.9, "no_cuda": false, "seed": 1, "log_interval": 10, "weight_decay": 0.0, "recurrent_size": 200, "hidden_size": 200, "BPTT_len": 120, "noise_std": 0.0}}