{"trainingPerformance": [50.076628352490424, 70.96264367816092, 86.14463601532567, 93.52011494252874, 94.54142720306514, 94.86829501915709, 95.0933908045977, 95.40469348659003, 95.29094827586206, 95.24425287356321, 95.0838122605364], "testPerformance": [50.02873563218391, 75.35919540229885, 98.2830459770115, 98.69252873563218, 94.99281609195403, 99.31752873563218, 99.4683908045977, 99.65517241379311, 99.92097701149426, 99.11637931034483, 99.96408045977012], "args": {"network_style": "recurrent", "create_new_dataset": true, "include_fillers": true, "fileloc": "datasets/", "which_context": 0, "all_fullrange": false, "retain_hidden_state": true, "label_context": "true", "modeltype": "aggregate", "train_lesion_freq": 0.1, "batch_size_multi": [1], "lr_multi": [0.0001], "batch_size": 1, "test_batch_size": 1, "epochs": 10, "lr": 0.0001, "momentum": 0.9, "no_cuda": false, "seed": 1, "log_interval": 10, "weight_decay": 0.0, "recurrent_size": 200, "hidden_size": 200, "BPTT_len": 120, "noise_std": 0.0, "model_id": 1260}}