{"trainingPerformance": [50.11666666666667, 69.575, 88.69166666666666, 94.28333333333333, 98.31666666666666, 99.78333333333333, 99.91666666666667, 99.99166666666666, 100.0, 99.98333333333333, 100.0], "testPerformance": [50.63333333333333, 84.7, 92.46666666666667, 97.13333333333334, 99.33333333333333, 99.76666666666667, 99.76666666666667, 100.0, 100.0, 100.0, 100.0], "args": {"modeltype": "aggregate", "batch_size_multi": [12], "lr_multi": [0.001], "batch_size": 12, "test_batch_size": 12, "epochs": 10, "lr": 0.001, "momentum": 0.9, "no_cuda": false, "seed": 1, "log_interval": 10, "weight_decay": 0.0, "save_model": false, "recurrent_size": 33, "hidden_size": 60}, "model": "recurrent_truecontext"}