{"trainingPerformance": [33.57878352490422, 74.04573754789271, 74.1271551724138, 74.24090038314176, 74.38098659003832, 74.481561302682, 74.58931992337165, 74.70067049808429, 74.78328544061303, 74.79765325670498, 74.88864942528735], "testPerformance": [33.793103448275865, 99.99281609195403, 99.99281609195403, 99.97844827586206, 99.95689655172414, 99.91379310344827, 99.87787356321839, 99.8419540229885, 99.82758620689656, 99.79885057471265, 99.77011494252874], "args": {"network_style": "recurrent", "create_new_dataset": true, "include_fillers": true, "which_context": 0, "all_fullrange": false, "retain_hidden_state": true, "label_context": "true", "block_int_ttsplit": false, "retrain_decoder": true, "original_model_name": "models/RNN_trainedmodel_truecontextlabel_numrangeblocked_retainstate_n0.0_bs1_lr0.0001_ep10_r200_h200_bpl120_trlf0.0_id8120.pth", "modeltype": "aggregate", "train_lesion_freq": 1.0, "batch_size_multi": [1], "lr_multi": [0.001], "batch_size": 1, "test_batch_size": 1, "epochs": 10, "lr": 0.0001, "momentum": 0.9, "no_cuda": false, "seed": 1, "log_interval": 10, "weight_decay": 0.0, "save_model": false, "recurrent_size": 200, "hidden_size": 200, "BPTT_len": 120, "noise_std": 0.0, "model_id": "8120"}}