{"trainingPerformance": [57.07255747126437, 72.22701149425288, 89.897030651341, 93.54525862068965, 94.41091954022988, 94.74018199233717, 94.90541187739464, 95.13170498084291, 95.10775862068965, 95.20713601532567, 95.17361111111111], "testPerformance": [56.57327586206897, 76.35775862068965, 91.60201149425288, 96.54454022988506, 96.0632183908046, 98.89367816091954, 99.57614942528735, 98.54885057471265, 99.89942528735632, 99.4683908045977, 99.89224137931035], "args": {"network_style": "recurrent", "create_new_dataset": false, "include_fillers": true, "fileloc": "datasets/", "which_context": 0, "all_fullrange": false, "retain_hidden_state": true, "label_context": "true", "modeltype": "aggregate", "train_lesion_freq": 0.1, "batch_size_multi": [1], "lr_multi": [0.0001], "batch_size": 1, "test_batch_size": 1, "epochs": 10, "lr": 0.0001, "momentum": 0.9, "no_cuda": false, "seed": 1, "log_interval": 10, "weight_decay": 0.0, "recurrent_size": 200, "hidden_size": 200, "BPTT_len": 120, "noise_std": 0.0}}