{"trainingPerformance": [50.46096743295019, 74.70186781609195, 92.36949233716476, 99.268438697318, 99.77011494252874, 99.92337164750958, 99.98563218390805, 99.99401340996168, 99.99880268199233, 100.0, 100.0], "testPerformance": [50.179597701149426, 76.85344827586206, 96.70258620689656, 99.63362068965517, 99.94971264367815, 99.99281609195403, 99.99281609195403, 99.99281609195403, 99.98563218390805, 99.97844827586206, 99.97844827586206], "args": {"network_style": "recurrent", "create_new_dataset": true, "include_fillers": true, "fileloc": "datasets/", "which_context": 0, "all_fullrange": false, "retain_hidden_state": true, "label_context": "true", "modeltype": "aggregate", "train_lesion_freq": 0.0, "batch_size_multi": [1], "lr_multi": [0.0001], "batch_size": 1, "test_batch_size": 1, "epochs": 10, "lr": 0.0001, "momentum": 0.9, "no_cuda": false, "seed": 1, "log_interval": 10, "weight_decay": 0.0, "recurrent_size": 200, "hidden_size": 200, "BPTT_len": 120, "noise_std": 0.0, "model_id": 5637}}