{"trainingPerformance": [63.2, 81.56666666666666, 91.71666666666667, 94.825, 96.6, 97.75833333333334, 98.45, 98.9, 99.175, 99.30833333333334], "testPerformance": [68.9, 83.0, 90.26666666666667, 91.5, 92.13333333333334, 92.0, 91.43333333333334, 91.13333333333334, 91.5, 91.76666666666667], "args": {"modeltype": "aggregate", "batch_size_multi": [12], "lr_multi": [0.001], "batch_size": 12, "test_batch_size": 12, "epochs": 10, "lr": 0.001, "momentum": 0.9, "no_cuda": false, "seed": 1, "log_interval": 10, "weight_decay": 0.0, "save_model": false}, "model": "recurrent_nocontext"}