{"trainingPerformance": [50.89798850574713, 66.22365900383141, 73.45306513409962, 83.8757183908046, 84.9449233716475, 85.28496168582376, 85.628591954023], "testPerformance": [50.804597701149426, 74.16307471264368, 94.50431034482759, 97.60416666666667, 96.47988505747126, 98.746408045977, 96.83189655172414], "args": {"network_style": "recurrent", "create_new_dataset": false, "include_fillers": true, "fileloc": "datasets/", "which_context": 0, "all_fullrange": false, "retain_hidden_state": true, "label_context": "true", "modeltype": "aggregate", "train_lesion_freq": 0.3, "batch_size_multi": [1], "lr_multi": [0.0001], "batch_size": 1, "test_batch_size": 1, "epochs": 6, "lr": 0.0001, "momentum": 0.9, "no_cuda": false, "seed": 1, "log_interval": 10, "weight_decay": 0.0, "save_model": false, "recurrent_size": 200, "hidden_size": 200, "BPTT_len": 120, "noise_std": 0.0}}