{"trainingPerformance": [99.996408045977, 79.50909961685824, 79.481561302682, 79.1463122605364, 79.17265325670498, 79.4588122605364, 79.19420498084291, 79.38697318007662, 79.35704022988506, 79.30555555555556, 79.30914750957854, 79.06010536398468, 79.49832375478927, 79.268438697318, 79.43366858237547, 79.42169540229885, 79.6264367816092, 79.375, 79.30435823754789, 79.14870689655173, 79.28041187739464], "testPerformance": [100.0, 99.99281609195403, 100.0, 100.0, 100.0, 100.0, 100.0, 100.0, 100.0, 100.0, 99.98563218390805, 99.96408045977012, 99.9353448275862, 99.9353448275862, 99.92097701149426, 99.9066091954023, 99.85632183908046, 99.8419540229885, 99.87068965517241, 99.76293103448276, 99.76293103448276], "args": {"network_style": "recurrent", "create_new_dataset": true, "include_fillers": true, "which_context": 0, "all_fullrange": true, "retain_hidden_state": true, "label_context": "true", "block_int_ttsplit": false, "retrain_decoder": true, "original_model_name": "models/RNN_trainedmodel_truecontextlabel_numrangeintermingled_retainstate_n0.0_bs1_lr0.0001_ep10_r200_h200_bpl120_trlf0.0_id8594.pth", "modeltype": "aggregate", "train_lesion_freq": 0.4, "batch_size_multi": [1], "lr_multi": [0.005], "batch_size": 1, "test_batch_size": 1, "epochs": 20, "lr": 0.0001, "momentum": 0.9, "no_cuda": false, "seed": 1, "log_interval": 10, "weight_decay": 0.0, "save_model": false, "recurrent_size": 200, "hidden_size": 200, "BPTT_len": 120, "noise_std": 0.0, "model_id": "8594"}}