{"trainingPerformance": [77.175, 92.98333333333333, 96.99166666666666, 98.525, 99.36666666666666, 99.80833333333334, 99.94166666666666, 99.98333333333333, 99.99166666666666, 100.0], "testPerformance": [89.3, 95.2, 97.53333333333333, 98.93333333333334, 99.9, 99.9, 100.0, 100.0, 100.0, 100.0], "args": {"modeltype": "aggregate", "batch_size_multi": [12], "lr_multi": [0.001], "batch_size": 12, "test_batch_size": 12, "epochs": 10, "lr": 0.001, "momentum": 0.9, "no_cuda": false, "seed": 1, "log_interval": 10, "weight_decay": 0.0, "save_model": false}, "model": "recurrent_withcontext"}