{"trainingPerformance": [50.07303639846743, 66.30986590038314, 72.080938697318, 83.62787356321839, 84.6455938697318, 85.29932950191571, 85.16283524904215, 85.74952107279694, 85.8022030651341, 85.5735153256705, 85.86206896551724], "testPerformance": [49.88505747126437, 74.79166666666667, 90.10775862068965, 98.62068965517241, 98.29741379310344, 97.91666666666667, 99.01580459770115, 99.13793103448276, 98.55603448275862, 98.72126436781609, 97.95258620689656], "args": {"network_style": "recurrent", "create_new_dataset": true, "include_fillers": true, "fileloc": "datasets/", "which_context": 0, "all_fullrange": false, "retain_hidden_state": true, "label_context": "true", "modeltype": "aggregate", "train_lesion_freq": 0.3, "batch_size_multi": [1], "lr_multi": [0.0001], "batch_size": 1, "test_batch_size": 1, "epochs": 10, "lr": 0.0001, "momentum": 0.9, "no_cuda": false, "seed": 1, "log_interval": 10, "weight_decay": 0.0, "save_model": false, "recurrent_size": 200, "hidden_size": 200, "BPTT_len": 120, "noise_std": 0.0, "model_id": 8406}}