{"trainingPerformance": [46.9, 75.35833333333333, 93.46666666666667, 98.60833333333333, 99.625, 100.0, 100.0, 100.0, 100.0, 100.0, 100.0], "testPerformance": [46.7, 88.03333333333333, 95.73333333333333, 98.86666666666666, 100.0, 100.0, 100.0, 100.0, 100.0, 100.0, 100.0], "args": {"modeltype": "aggregate", "batch_size_multi": [12], "lr_multi": [0.001], "batch_size": 12, "test_batch_size": 12, "epochs": 10, "lr": 0.001, "momentum": 0.9, "no_cuda": false, "seed": 1, "log_interval": 10, "weight_decay": 0.0, "save_model": false, "recurrent_size": 33, "hidden_size": 60}, "model": "recurrent_constantcontext"}