{"trainingPerformance": [99.99760536398468, 79.39774904214559, 79.37978927203065, 79.40852490421456, 79.33668582375479, 79.66714559386973, 79.55699233716476, 79.47916666666667, 79.39774904214559, 79.35225095785441, 79.44085249042146, 79.51269157088123, 79.68869731800767, 79.38817049808429, 79.37619731800767, 79.47198275862068, 79.691091954023, 79.55938697318008, 79.49712643678161, 79.76293103448276, 79.46240421455938], "testPerformance": [100.0, 99.97126436781609, 100.0, 100.0, 100.0, 100.0, 100.0, 100.0, 99.99281609195403, 99.99281609195403, 99.99281609195403, 99.99281609195403, 99.99281609195403, 99.98563218390805, 99.97844827586206, 99.97844827586206, 99.97126436781609, 99.97126436781609, 99.97126436781609, 99.97126436781609, 99.97126436781609], "args": {"network_style": "recurrent", "create_new_dataset": true, "include_fillers": true, "which_context": 0, "all_fullrange": true, "retain_hidden_state": true, "label_context": "true", "block_int_ttsplit": false, "retrain_decoder": true, "original_model_name": "models/RNN_trainedmodel_truecontextlabel_numrangeintermingled_retainstate_n0.0_bs1_lr0.0001_ep10_r200_h200_bpl120_trlf0.0_id6213.pth", "modeltype": "aggregate", "train_lesion_freq": 0.4, "batch_size_multi": [1], "lr_multi": [0.005], "batch_size": 1, "test_batch_size": 1, "epochs": 20, "lr": 0.0001, "momentum": 0.9, "no_cuda": false, "seed": 1, "log_interval": 10, "weight_decay": 0.0, "save_model": false, "recurrent_size": 200, "hidden_size": 200, "BPTT_len": 120, "noise_std": 0.0, "model_id": "6213"}}