{"trainingPerformance": [47.434147509578544, 64.09363026819923, 66.07758620689656, 75.39511494252874, 79.96408045977012, 80.52681992337165, 80.82974137931035, 80.73515325670498, 80.91475095785441, 81.03328544061303, 80.8896072796935], "testPerformance": [47.543103448275865, 74.54022988505747, 76.3146551724138, 87.78017241379311, 94.78448275862068, 97.816091954023, 99.20977011494253, 99.26005747126437, 99.39655172413794, 99.56896551724138, 99.73419540229885], "args": {"network_style": "recurrent", "create_new_dataset": false, "include_fillers": true, "fileloc": "datasets/", "which_context": 0, "all_fullrange": false, "retain_hidden_state": true, "label_context": "true", "modeltype": "aggregate", "train_lesion_freq": 0.4, "batch_size_multi": [1], "lr_multi": [0.0001], "batch_size": 1, "test_batch_size": 1, "epochs": 10, "lr": 0.0001, "momentum": 0.9, "no_cuda": false, "seed": 1, "log_interval": 10, "weight_decay": 0.0, "recurrent_size": 200, "hidden_size": 200, "BPTT_len": 120, "noise_std": 0.0}}