{"trainingPerformance": [48.46666666666667, 66.3, 85.65, 92.89166666666667, 97.55, 99.49166666666666, 99.975, 100.0, 100.0, 100.0, 100.0], "testPerformance": [49.06666666666667, 80.0, 88.86666666666666, 95.4, 98.93333333333334, 100.0, 100.0, 100.0, 100.0, 100.0, 100.0], "args": {"modeltype": "aggregate", "batch_size_multi": [12], "lr_multi": [0.001], "batch_size": 12, "test_batch_size": 12, "epochs": 10, "lr": 0.001, "momentum": 0.9, "no_cuda": false, "seed": 1, "log_interval": 10, "weight_decay": 0.0, "save_model": false, "recurrent_size": 33, "hidden_size": 60}, "model": "recurrent_randcontext"}