{"trainingPerformance": [48.65, 67.30833333333334, 89.21666666666667, 94.09166666666667, 97.61666666666666, 99.28333333333333, 99.83333333333333, 99.99166666666666, 100.0], "testPerformance": [47.36666666666667, 83.8, 92.0, 95.96666666666667, 97.76666666666667, 99.46666666666667, 99.83333333333333, 100.0, 100.0], "args": {"modeltype": "aggregate", "batch_size_multi": [12], "lr_multi": [0.001], "batch_size": 12, "test_batch_size": 12, "epochs": 8, "lr": 0.001, "momentum": 0.9, "no_cuda": false, "seed": 1, "log_interval": 10, "weight_decay": 0.0, "save_model": false}, "model": "recurrent_truecontext"}