{"trainingPerformance": [48.65900383141762, 78.99066091954023, 98.42911877394636, 99.6360153256705, 99.88984674329502, 99.97365900383141, 99.99281609195403, 99.99281609195403, 100.0, 100.0, 100.0], "testPerformance": [47.87356321839081, 96.4367816091954, 99.58333333333333, 99.8132183908046, 99.97844827586206, 100.0, 99.99281609195403, 99.99281609195403, 99.99281609195403, 100.0, 100.0], "args": {"network_style": "recurrent", "create_new_dataset": true, "include_fillers": true, "fileloc": "datasets/", "which_context": 0, "all_fullrange": true, "retain_hidden_state": true, "label_context": "true", "modeltype": "aggregate", "train_lesion_freq": 0.0, "batch_size_multi": [1], "lr_multi": [0.0001], "batch_size": 1, "test_batch_size": 1, "epochs": 10, "lr": 0.0001, "momentum": 0.9, "no_cuda": false, "seed": 1, "log_interval": 10, "weight_decay": 0.0, "recurrent_size": 200, "hidden_size": 200, "BPTT_len": 120, "noise_std": 0.0, "model_id": 6108}}