{"trainingPerformance": [99.99521072796935, 79.17385057471265, 79.59051724137932, 79.45641762452107, 79.35464559386973, 79.86949233716476, 79.81441570881226, 79.68031609195403, 80.07782567049809, 79.62045019157088, 79.94372605363985, 79.90421455938697, 79.73060344827586, 80.06345785440612, 79.84075670498085, 80.17361111111111, 80.08860153256705, 80.27418582375479, 79.94612068965517, 80.39391762452107, 79.98922413793103], "testPerformance": [99.99281609195403, 99.66235632183908, 99.99281609195403, 100.0, 100.0, 100.0, 99.99281609195403, 99.99281609195403, 99.99281609195403, 99.96408045977012, 99.94971264367815, 99.92097701149426, 99.82040229885058, 99.82040229885058, 99.72701149425288, 99.66954022988506, 99.65517241379311, 99.57614942528735, 99.57614942528735, 99.50431034482759, 99.375], "args": {"network_style": "recurrent", "create_new_dataset": true, "include_fillers": true, "which_context": 0, "all_fullrange": false, "retain_hidden_state": true, "label_context": "true", "block_int_ttsplit": false, "retrain_decoder": true, "original_model_name": "models/RNN_trainedmodel_truecontextlabel_numrangeblocked_retainstate_n0.0_bs1_lr0.0001_ep10_r200_h200_bpl120_trlf0.0_id9.pth", "modeltype": "aggregate", "train_lesion_freq": 0.4, "batch_size_multi": [1], "lr_multi": [0.005], "batch_size": 1, "test_batch_size": 1, "epochs": 20, "lr": 0.0001, "momentum": 0.9, "no_cuda": false, "seed": 1, "log_interval": 10, "weight_decay": 0.0, "save_model": false, "recurrent_size": 200, "hidden_size": 200, "BPTT_len": 120, "noise_std": 0.0, "model_id": "9"}}