{"trainingPerformance": [50.358333333333334, 69.75, 90.45833333333333, 95.725, 98.30833333333334, 99.625, 99.825, 99.89166666666667, 99.95833333333333, 99.98333333333333, 100.0], "testPerformance": [49.333333333333336, 84.13333333333334, 93.0, 97.6, 99.46666666666667, 99.6, 99.76666666666667, 99.76666666666667, 99.76666666666667, 100.0, 100.0], "args": {"modeltype": "aggregate", "batch_size_multi": [12], "lr_multi": [0.001], "batch_size": 12, "test_batch_size": 12, "epochs": 10, "lr": 0.001, "momentum": 0.9, "no_cuda": false, "seed": 1, "log_interval": 10, "weight_decay": 0.0, "save_model": false, "recurrent_size": 33, "hidden_size": 60}, "model": "recurrent_truecontext"}