{"trainingPerformance": [51.4691091954023, 74.65756704980843, 89.64319923371647, 99.32950191570882, 99.7808908045977, 99.94133141762453, 99.97844827586206, 99.98563218390805, 99.97605363984674, 99.96647509578544, 99.97246168582376], "testPerformance": [50.883620689655174, 75.86925287356321, 98.9080459770115, 98.99425287356321, 99.1235632183908, 99.54741379310344, 99.88505747126437, 99.77729885057471, 99.67672413793103, 99.59770114942529, 99.72701149425288], "args": {"network_style": "recurrent", "create_new_dataset": true, "include_fillers": true, "fileloc": "datasets/", "which_context": 0, "all_fullrange": false, "retain_hidden_state": true, "label_context": "true", "modeltype": "aggregate", "train_lesion_freq": 0.0, "batch_size_multi": [1], "lr_multi": [0.0001], "batch_size": 1, "test_batch_size": 1, "epochs": 10, "lr": 0.0001, "momentum": 0.9, "no_cuda": false, "seed": 1, "log_interval": 10, "weight_decay": 0.0, "recurrent_size": 200, "hidden_size": 200, "BPTT_len": 120, "noise_std": 0.0, "model_id": 1259}}