{"trainingPerformance": [23.873323754789272, 74.05172413793103, 74.22294061302682, 74.17624521072797, 74.23371647509579, 74.3139367816092, 74.45522030651341, 74.50909961685824, 74.57016283524904, 74.62523946360153, 74.73060344827586, 74.82399425287356, 74.8742816091954, 74.97844827586206, 75.06585249042146, 75.12452107279694, 75.22629310344827, 75.308908045977, 75.34003831417624, 75.35201149425288, 75.39870689655173, 75.43462643678161, 75.4705459770115, 75.47533524904215, 75.48251915708812, 75.4897030651341, 75.50287356321839, 75.49449233716476, 75.51125478927203, 75.50526819923371, 75.50646551724138], "testPerformance": [23.254310344827587, 100.0, 100.0, 99.99281609195403, 99.99281609195403, 99.98563218390805, 99.94971264367815, 99.92816091954023, 99.89224137931035, 99.79885057471265, 99.7485632183908, 99.683908045977, 99.56896551724138, 99.49712643678161, 99.40373563218391, 99.33908045977012, 99.25287356321839, 99.16666666666667, 99.08045977011494, 99.01580459770115, 98.97270114942529, 98.89367816091954, 98.85775862068965, 98.8146551724138, 98.75718390804597, 98.70689655172414, 98.67816091954023, 98.62787356321839, 98.5919540229885, 98.52729885057471, 98.48419540229885], "args": {"network_style": "recurrent", "create_new_dataset": true, "include_fillers": true, "which_context": 0, "all_fullrange": false, "retain_hidden_state": true, "label_context": "true", "block_int_ttsplit": false, "retrain_decoder": true, "original_model_name": "models/RNN_trainedmodel_truecontextlabel_numrangeblocked_retainstate_n0.0_bs1_lr0.0001_ep10_r200_h200_bpl120_trlf0.0_id8120.pth", "modeltype": "aggregate", "train_lesion_freq": 1.0, "batch_size_multi": [1], "lr_multi": [0.001], "batch_size": 1, "test_batch_size": 1, "epochs": 30, "lr": 0.0001, "momentum": 0.9, "no_cuda": false, "seed": 1, "log_interval": 10, "weight_decay": 0.0, "save_model": false, "recurrent_size": 200, "hidden_size": 200, "BPTT_len": 120, "noise_std": 0.0, "model_id": "8120"}}