{"trainingPerformance": [64.91666666666667, 88.86666666666666, 95.425, 97.96666666666667, 99.35833333333333, 99.84166666666667, 99.93333333333334, 99.98333333333333, 100.0, 100.0], "testPerformance": [81.33333333333333, 91.0, 94.96666666666667, 98.03333333333333, 99.4, 99.8, 99.8, 100.0, 100.0, 100.0], "args": {"modeltype": "aggregate", "batch_size_multi": [12], "lr_multi": [0.001], "batch_size": 12, "test_batch_size": 12, "epochs": 10, "lr": 0.001, "momentum": 0.9, "no_cuda": false, "seed": 1, "log_interval": 10, "weight_decay": 0.0, "save_model": false}, "model": "recurrent_nocontext"}