{"trainingPerformance": [99.99880268199233, 79.13194444444444, 79.47318007662835, 79.56776819923371, 79.62763409961686, 79.61326628352491, 79.66834291187739, 79.378591954023, 79.63362068965517, 79.74377394636015, 79.74497126436782, 79.80124521072797, 79.61685823754789, 79.65517241379311, 79.39056513409962, 79.70186781609195, 79.83716475095785, 79.61925287356321, 79.72102490421456, 79.8742816091954, 79.80483716475096], "testPerformance": [100.0, 97.9382183908046, 99.17385057471265, 99.82758620689656, 99.83477011494253, 99.86350574712644, 99.82758620689656, 99.75574712643679, 99.71264367816092, 99.71264367816092, 99.69827586206897, 99.61206896551724, 99.5617816091954, 99.48275862068965, 99.4683908045977, 99.4683908045977, 99.4683908045977, 99.36063218390805, 99.33189655172414, 99.36781609195403, 99.33189655172414], "args": {"network_style": "recurrent", "create_new_dataset": true, "include_fillers": true, "which_context": 0, "all_fullrange": false, "retain_hidden_state": true, "label_context": "true", "block_int_ttsplit": false, "retrain_decoder": true, "original_model_name": "models/RNN_trainedmodel_truecontextlabel_numrangeblocked_retainstate_n0.0_bs1_lr0.0001_ep10_r200_h200_bpl120_trlf0.0_id2289.pth", "modeltype": "aggregate", "train_lesion_freq": 0.4, "batch_size_multi": [1], "lr_multi": [0.005], "batch_size": 1, "test_batch_size": 1, "epochs": 20, "lr": 0.0001, "momentum": 0.9, "no_cuda": false, "seed": 1, "log_interval": 10, "weight_decay": 0.0, "save_model": false, "recurrent_size": 200, "hidden_size": 200, "BPTT_len": 120, "noise_std": 0.0, "model_id": "2289"}}