{"trainingPerformance": [68.725, 89.7, 95.98333333333333, 98.71666666666667, 99.65, 99.91666666666667, 100.0, 100.0, 100.0, 100.0], "testPerformance": [84.43333333333334, 92.8, 95.73333333333333, 98.06666666666666, 99.9, 100.0, 100.0, 100.0, 100.0, 100.0], "args": {"modeltype": "aggregate", "batch_size_multi": [12], "lr_multi": [0.001], "batch_size": 12, "test_batch_size": 12, "epochs": 10, "lr": 0.001, "momentum": 0.9, "no_cuda": false, "seed": 1, "log_interval": 10, "weight_decay": 0.0, "save_model": false}, "model": "recurrent_nocontext"}