{"trainingPerformance": [49.93175287356322, 73.90565134099617, 74.07088122605364, 74.07567049808429, 74.08285440613027, 74.11278735632185, 74.13074712643679, 74.13912835249042, 74.13673371647509, 74.11518199233717, 74.1463122605364, 74.14870689655173, 74.165469348659, 74.15948275862068, 74.1750478927203, 74.22174329501915, 74.22174329501915, 74.24090038314176, 74.24568965517241, 74.22892720306514, 74.24329501915709, 74.2492816091954, 74.24329501915709, 74.24449233716476, 74.27801724137932, 74.30316091954023, 74.3139367816092, 74.32950191570882, 74.35584291187739, 74.35943486590038, 74.38338122605364], "testPerformance": [49.66235632183908, 100.0, 100.0, 100.0, 100.0, 100.0, 100.0, 100.0, 99.99281609195403, 99.98563218390805, 99.98563218390805, 99.97126436781609, 99.95689655172414, 99.92816091954023, 99.89942528735632, 99.87068965517241, 99.83477011494253, 99.80603448275862, 99.79166666666667, 99.78448275862068, 99.76293103448276, 99.7485632183908, 99.73419540229885, 99.71982758620689, 99.71982758620689, 99.691091954023, 99.67672413793103, 99.65517241379311, 99.64798850574712, 99.63362068965517, 99.61206896551724], "args": {"network_style": "recurrent", "create_new_dataset": true, "include_fillers": true, "which_context": 0, "all_fullrange": true, "retain_hidden_state": true, "label_context": "true", "block_int_ttsplit": false, "retrain_decoder": true, "original_model_name": "models/RNN_trainedmodel_truecontextlabel_numrangeintermingled_retainstate_n0.0_bs1_lr0.0001_ep10_r200_h200_bpl120_trlf0.0_id585.pth", "modeltype": "aggregate", "train_lesion_freq": 1.0, "batch_size_multi": [1], "lr_multi": [0.001], "batch_size": 1, "test_batch_size": 1, "epochs": 30, "lr": 0.0001, "momentum": 0.9, "no_cuda": false, "seed": 1, "log_interval": 10, "weight_decay": 0.0, "save_model": false, "recurrent_size": 200, "hidden_size": 200, "BPTT_len": 120, "noise_std": 0.0, "model_id": "585"}}