{"trainingPerformance": [50.18199233716475, 79.93175287356321, 99.64679118773947, 99.97485632183908], "testPerformance": [49.820402298850574, 98.45905172413794, 99.996408045977, 99.996408045977], "args": {"modeltype": "aggregate", "batch_size_multi": [1], "lr_multi": [0.0001], "batch_size": 1, "test_batch_size": 1, "epochs": 3, "lr": 0.0001, "momentum": 0.9, "no_cuda": false, "seed": 1, "log_interval": 10, "weight_decay": 0.0, "save_model": false, "recurrent_size": 200, "hidden_size": 200, "BPTT_len": 120}, "model": "recurrent_truecontext"}