{"trainingPerformance": [49.9066091954023, 77.54909003831418, 98.45186781609195, 99.71264367816092], "testPerformance": [49.83477011494253, 96.17816091954023, 99.78807471264368, 99.85272988505747], "args": {"modeltype": "aggregate", "batch_size_multi": [1], "lr_multi": [0.0001], "batch_size": 1, "test_batch_size": 1, "epochs": 3, "lr": 0.0001, "momentum": 0.9, "no_cuda": false, "seed": 1, "log_interval": 10, "weight_decay": 0.0, "save_model": false, "recurrent_size": 200, "hidden_size": 200, "BPTT_len": 120}, "model": "recurrent_truecontext"}