{"trainingPerformance": [50.361590038314176, 58.984674329501914, 60.16522988505747, 60.72677203065134, 66.29070881226053, 70.55914750957854, 70.44420498084291], "testPerformance": [50.298132183908045, 73.1860632183908, 75.54238505747126, 76.04166666666667, 95.308908045977, 94.91738505747126, 98.57040229885058], "args": {"network_style": "recurrent", "create_new_dataset": false, "include_fillers": true, "fileloc": "datasets/", "which_context": 0, "all_fullrange": false, "retain_hidden_state": true, "label_context": "true", "modeltype": "aggregate", "train_lesion_freq": 0.6, "batch_size_multi": [1], "lr_multi": [0.0001], "batch_size": 1, "test_batch_size": 1, "epochs": 6, "lr": 0.0001, "momentum": 0.9, "no_cuda": false, "seed": 1, "log_interval": 10, "weight_decay": 0.0, "save_model": false, "recurrent_size": 200, "hidden_size": 200, "BPTT_len": 120, "noise_std": 0.0}}