{"trainingPerformance": [50.065852490421456, 66.24401340996168, 69.7485632183908, 82.83884099616859, 84.8419540229885, 85.19157088122606, 85.43582375478927, 85.20833333333333, 85.91355363984674, 85.94348659003832, 85.7411398467433], "testPerformance": [50.1580459770115, 74.74137931034483, 83.62787356321839, 92.22701149425288, 95.57471264367815, 96.86063218390805, 99.23132183908046, 99.5617816091954, 99.05172413793103, 99.29597701149426, 99.29597701149426], "args": {"network_style": "recurrent", "create_new_dataset": false, "include_fillers": true, "fileloc": "datasets/", "which_context": 0, "all_fullrange": false, "retain_hidden_state": true, "label_context": "true", "modeltype": "aggregate", "train_lesion_freq": 0.3, "batch_size_multi": [1], "lr_multi": [0.0001], "batch_size": 1, "test_batch_size": 1, "epochs": 10, "lr": 0.0001, "momentum": 0.9, "no_cuda": false, "seed": 1, "log_interval": 10, "weight_decay": 0.0, "save_model": false, "recurrent_size": 200, "hidden_size": 200, "BPTT_len": 120, "noise_std": 0.0, "model_id": 5475}}