{"trainingPerformance": [50.009578544061306, 71.3852969348659, 76.89415708812261, 90.10416666666667, 99.268438697318, 99.78328544061303, 99.90181992337165], "testPerformance": [50.12931034482759, 74.33548850574712, 77.496408045977, 95.13649425287356, 98.17169540229885, 99.2816091954023, 99.83477011494253], "args": {"modeltype": "aggregate", "batch_size_multi": [1], "lr_multi": [5e-05], "batch_size": 1, "test_batch_size": 1, "epochs": 6, "lr": 5e-05, "momentum": 0.9, "no_cuda": false, "seed": 1, "log_interval": 10, "weight_decay": 0.0, "save_model": false, "recurrent_size": 200, "hidden_size": 200, "BPTT_len": 120}, "model": "recurrent_truecontext"}