{"trainingPerformance": [5.682471264367816, 73.97749042145594, 74.10919540229885, 74.27322796934865, 74.33908045977012, 74.45282567049809, 74.58572796934865, 74.79765325670498, 74.89942528735632, 75.01795977011494, 75.07064176245211], "testPerformance": [5.790229885057471, 100.0, 100.0, 99.97844827586206, 99.97126436781609, 99.95689655172414, 99.91379310344827, 99.88505747126437, 99.8419540229885, 99.74137931034483, 99.69827586206897], "args": {"network_style": "recurrent", "create_new_dataset": true, "include_fillers": true, "which_context": 0, "all_fullrange": false, "retain_hidden_state": true, "label_context": "true", "block_int_ttsplit": false, "retrain_decoder": true, "original_model_name": "models/RNN_trainedmodel_truecontextlabel_numrangeblocked_retainstate_n0.0_bs1_lr0.0001_ep10_r200_h200_bpl120_trlf0.0_id9.pth", "modeltype": "aggregate", "train_lesion_freq": 1.0, "batch_size_multi": [1], "lr_multi": [0.001], "batch_size": 1, "test_batch_size": 1, "epochs": 10, "lr": 0.0001, "momentum": 0.9, "no_cuda": false, "seed": 1, "log_interval": 10, "weight_decay": 0.0, "save_model": false, "recurrent_size": 200, "hidden_size": 200, "BPTT_len": 120, "noise_std": 0.0, "model_id": "9"}}