{"trainingPerformance": [46.145833333333336, 63.72605363984675, 65.98778735632185, 75.415469348659, 79.67073754789271, 80.18797892720306, 80.64774904214559, 80.61901340996168, 80.7183908045977, 80.79501915708812, 81.0021551724138], "testPerformance": [46.84626436781609, 74.63362068965517, 76.69540229885058, 92.27729885057471, 98.18247126436782, 95.76867816091954, 98.80747126436782, 97.10488505747126, 98.35488505747126, 98.73563218390805, 98.59913793103448], "args": {"network_style": "recurrent", "create_new_dataset": true, "include_fillers": true, "fileloc": "datasets/", "which_context": 0, "all_fullrange": false, "retain_hidden_state": true, "label_context": "true", "modeltype": "aggregate", "train_lesion_freq": 0.4, "batch_size_multi": [1], "lr_multi": [0.0001], "batch_size": 1, "test_batch_size": 1, "epochs": 10, "lr": 0.0001, "momentum": 0.9, "no_cuda": false, "seed": 1, "log_interval": 10, "weight_decay": 0.0, "save_model": false, "recurrent_size": 200, "hidden_size": 200, "BPTT_len": 120, "noise_std": 0.0, "model_id": 968}}