{"trainingPerformance": [50.475, 79.15833333333333, 94.2, 98.625, 99.76666666666667, 99.99166666666666, 100.0, 100.0, 100.0, 100.0, 100.0], "testPerformance": [50.333333333333336, 88.86666666666666, 97.03333333333333, 99.23333333333333, 100.0, 100.0, 100.0, 100.0, 100.0, 100.0, 100.0], "args": {"modeltype": "aggregate", "batch_size_multi": [12], "lr_multi": [0.001], "batch_size": 12, "test_batch_size": 12, "epochs": 10, "lr": 0.001, "momentum": 0.9, "no_cuda": false, "seed": 1, "log_interval": 10, "weight_decay": 0.0, "save_model": false, "recurrent_size": 33, "hidden_size": 60}, "model": "recurrent_constantcontext"}