{"trainingPerformance": [54.128352490421456, 73.80747126436782, 94.50670498084291, 99.51149425287356, 99.86829501915709, 99.97006704980843, 99.9904214559387, 99.996408045977, 99.99880268199233, 100.0, 100.0], "testPerformance": [55.10775862068966, 71.22126436781609, 99.47557471264368, 99.9353448275862, 99.99281609195403, 99.99281609195403, 99.99281609195403, 99.99281609195403, 99.99281609195403, 99.99281609195403, 99.99281609195403], "args": {"network_style": "recurrent", "create_new_dataset": true, "include_fillers": true, "fileloc": "datasets/", "which_context": 0, "all_fullrange": false, "retain_hidden_state": true, "label_context": "constant", "modeltype": "aggregate", "train_lesion_freq": 0.0, "batch_size_multi": [1], "lr_multi": [0.0001], "batch_size": 1, "test_batch_size": 1, "epochs": 10, "lr": 0.0001, "momentum": 0.9, "no_cuda": false, "seed": 1, "log_interval": 10, "weight_decay": 0.0, "recurrent_size": 200, "hidden_size": 200, "BPTT_len": 120, "noise_std": 0.0, "model_id": 1190}}