{"trainingPerformance": [50.09099616858238, 74.07806513409962, 78.32734674329502, 97.39224137931035, 99.49233716475096, 99.78807471264368, 99.90301724137932], "testPerformance": [49.9066091954023, 77.183908045977, 88.53807471264368, 99.75933908045977, 99.97844827586206, 100.0, 100.0], "args": {"modeltype": "aggregate", "batch_size_multi": [1], "lr_multi": [5e-05], "batch_size": 1, "test_batch_size": 1, "epochs": 6, "lr": 5e-05, "momentum": 0.9, "no_cuda": false, "seed": 1, "log_interval": 10, "weight_decay": 0.0, "save_model": false, "recurrent_size": 200, "hidden_size": 200, "BPTT_len": 120}, "model": "recurrent_truecontext"}