{"trainingPerformance": [49.95569923371647, 70.90277777777777, 83.39080459770115, 93.21599616858238, 93.96551724137932, 94.3330938697318, 94.36901340996168, 94.3654214559387, 94.55699233716476, 94.46360153256705, 94.33668582375479], "testPerformance": [50.1867816091954, 70.55316091954023, 96.08477011494253, 97.98850574712644, 99.03735632183908, 98.85775862068965, 99.40373563218391, 99.64798850574712, 99.48275862068965, 98.8433908045977, 99.26724137931035], "args": {"network_style": "recurrent", "create_new_dataset": true, "include_fillers": true, "fileloc": "datasets/", "which_context": 0, "all_fullrange": false, "retain_hidden_state": true, "label_context": "constant", "modeltype": "aggregate", "train_lesion_freq": 0.1, "batch_size_multi": [1], "lr_multi": [0.0001], "batch_size": 1, "test_batch_size": 1, "epochs": 10, "lr": 0.0001, "momentum": 0.9, "no_cuda": false, "seed": 1, "log_interval": 10, "weight_decay": 0.0, "recurrent_size": 200, "hidden_size": 200, "BPTT_len": 120, "noise_std": 0.0, "model_id": 7627}}