{"trainingPerformance": [53.71666666666667, 71.73333333333333, 91.475, 97.3, 98.88333333333334, 99.75833333333334, 99.84166666666667, 99.925, 99.99166666666666], "testPerformance": [53.06666666666667, 87.3, 94.73333333333333, 97.66666666666667, 99.36666666666666, 99.76666666666667, 100.0, 100.0, 100.0], "args": {"modeltype": "aggregate", "batch_size_multi": [12], "lr_multi": [0.001], "batch_size": 12, "test_batch_size": 12, "epochs": 8, "lr": 0.001, "momentum": 0.9, "no_cuda": false, "seed": 1, "log_interval": 10, "weight_decay": 0.0, "save_model": false}, "model": "recurrent_truecontext"}