{"trainingPerformance": [49.93654214559387, 72.29765325670498, 90.7890325670498, 94.29477969348659, 94.78927203065135, 95.02993295019157, 95.01077586206897, 94.95689655172414, 95.12452107279694, 94.99521072796935, 94.93654214559388], "testPerformance": [49.935344827586206, 78.01724137931035, 99.50431034482759, 99.94971264367815, 98.77155172413794, 99.94252873563218, 99.95689655172414, 99.87068965517241, 99.89224137931035, 99.89942528735632, 99.85632183908046], "args": {"network_style": "recurrent", "create_new_dataset": true, "include_fillers": true, "fileloc": "datasets/", "which_context": 0, "all_fullrange": true, "retain_hidden_state": true, "label_context": "constant", "modeltype": "aggregate", "train_lesion_freq": 0.1, "batch_size_multi": [1], "lr_multi": [0.0001], "batch_size": 1, "test_batch_size": 1, "epochs": 10, "lr": 0.0001, "momentum": 0.9, "no_cuda": false, "seed": 1, "log_interval": 10, "weight_decay": 0.0, "recurrent_size": 200, "hidden_size": 200, "BPTT_len": 120, "noise_std": 0.0, "model_id": 8039}}