{"trainingPerformance": [69.99166666666666, 89.925, 97.2, 98.61666666666666, 99.65833333333333, 99.95833333333333, 100.0, 100.0, 100.0, 100.0], "testPerformance": [83.13333333333334, 94.46666666666667, 95.76666666666667, 97.9, 99.6, 100.0, 100.0, 100.0, 100.0, 100.0], "args": {"modeltype": "aggregate", "batch_size_multi": [12], "lr_multi": [0.001], "batch_size": 12, "test_batch_size": 12, "epochs": 10, "lr": 0.001, "momentum": 0.9, "no_cuda": false, "seed": 1, "log_interval": 10, "weight_decay": 0.0, "save_model": false}, "model": "recurrent_nocontext"}