{"trainingPerformance": [75.69166666666666, 90.925, 96.44166666666666, 98.95833333333333, 99.75, 99.9, 99.91666666666667, 99.93333333333334, 99.93333333333334, 99.94166666666666], "testPerformance": [86.9, 93.76666666666667, 97.8, 99.9, 99.9, 99.9, 99.9, 99.9, 100.0, 100.0], "args": {"modeltype": "aggregate", "batch_size_multi": [12], "lr_multi": [0.001], "batch_size": 12, "test_batch_size": 12, "epochs": 10, "lr": 0.001, "momentum": 0.9, "no_cuda": false, "seed": 1, "log_interval": 10, "weight_decay": 0.0, "save_model": false}, "model": "recurrent_withcontext"}