{"trainingPerformance": [50.46096743295019, 76.64870689655173, 98.10704022988506, 99.52107279693486, 99.8838601532567, 99.97964559386973, 99.99281609195403, 99.996408045977, 99.99880268199233, 99.99880268199233, 99.99880268199233], "testPerformance": [50.229885057471265, 95.69683908045977, 99.683908045977, 99.65517241379311, 99.88505747126437, 99.95689655172414, 100.0, 100.0, 100.0, 100.0, 100.0], "args": {"network_style": "recurrent", "create_new_dataset": true, "include_fillers": true, "fileloc": "datasets/", "which_context": 0, "all_fullrange": true, "retain_hidden_state": true, "label_context": "true", "modeltype": "aggregate", "train_lesion_freq": 0.0, "batch_size_multi": [1], "lr_multi": [0.0001], "batch_size": 1, "test_batch_size": 1, "epochs": 10, "lr": 0.0001, "momentum": 0.9, "no_cuda": false, "seed": 1, "log_interval": 10, "weight_decay": 0.0, "recurrent_size": 200, "hidden_size": 200, "BPTT_len": 120, "noise_std": 0.0, "model_id": 6363}}