{"trainingPerformance": [49.950909961685824, 74.1044061302682, 94.6360153256705, 99.44923371647509, 99.8838601532567, 99.97246168582376, 99.99281609195403, 100.0, 100.0, 100.0, 100.0], "testPerformance": [49.798850574712645, 70.83333333333333, 99.08764367816092, 99.79166666666667, 99.98563218390805, 100.0, 100.0, 100.0, 99.99281609195403, 99.99281609195403, 99.99281609195403], "args": {"network_style": "recurrent", "create_new_dataset": false, "include_fillers": true, "fileloc": "datasets/", "which_context": 0, "all_fullrange": false, "retain_hidden_state": true, "label_context": "constant", "modeltype": "aggregate", "train_lesion_freq": 0.0, "batch_size_multi": [1], "lr_multi": [0.0001], "batch_size": 1, "test_batch_size": 1, "epochs": 10, "lr": 0.0001, "momentum": 0.9, "no_cuda": false, "seed": 1, "log_interval": 10, "weight_decay": 0.0, "recurrent_size": 200, "hidden_size": 200, "BPTT_len": 120, "noise_std": 0.0, "model_id": 9368}}