{"trainingPerformance": [50.36757662835249, 77.8675766283525, 98.54885057471265, 99.62763409961686, 99.84674329501915, 99.95689655172414, 99.98084291187739, 99.99281609195403, 99.99521072796935, 99.99760536398468, 100.0], "testPerformance": [51.020114942528735, 97.62212643678161, 99.40373563218391, 99.94252873563218, 99.99281609195403, 99.99281609195403, 100.0, 100.0, 100.0, 100.0, 100.0], "args": {"network_style": "recurrent", "create_new_dataset": false, "include_fillers": true, "fileloc": "datasets/", "which_context": 0, "all_fullrange": true, "retain_hidden_state": true, "label_context": "constant", "modeltype": "aggregate", "train_lesion_freq": 0.0, "batch_size_multi": [1], "lr_multi": [0.0001], "batch_size": 1, "test_batch_size": 1, "epochs": 10, "lr": 0.0001, "momentum": 0.9, "no_cuda": false, "seed": 1, "log_interval": 10, "weight_decay": 0.0, "recurrent_size": 200, "hidden_size": 200, "BPTT_len": 120, "noise_std": 0.0, "model_id": 728}}