{"trainingPerformance": [47.673611111111114, 74.37978927203065, 81.44396551724138, 97.99209770114942, 99.32950191570882, 99.67313218390805], "testPerformance": [47.72629310344828, 76.9396551724138, 93.62787356321839, 99.71623563218391, 99.7808908045977, 99.51508620689656], "args": {"modeltype": "aggregate", "batch_size_multi": [1], "lr_multi": [5e-05], "batch_size": 1, "test_batch_size": 1, "epochs": 5, "lr": 5e-05, "momentum": 0.9, "no_cuda": false, "seed": 1, "log_interval": 10, "weight_decay": 0.0, "save_model": false, "recurrent_size": 200, "hidden_size": 200, "BPTT_len": 120}, "model": "recurrent_truecontext"}