{"trainingPerformance": [51.53256704980843, 74.8647030651341, 97.20306513409962, 99.48275862068965, 99.83955938697318, 99.92816091954023, 99.97126436781609, 99.98802681992338, 99.99760536398468, 99.99880268199233, 100.0], "testPerformance": [51.616379310344826, 86.38649425287356, 97.86637931034483, 99.83477011494253, 99.98563218390805, 99.98563218390805, 99.98563218390805, 99.98563218390805, 99.98563218390805, 99.99281609195403, 99.99281609195403], "args": {"network_style": "recurrent", "create_new_dataset": true, "include_fillers": true, "fileloc": "datasets/", "which_context": 0, "all_fullrange": true, "retain_hidden_state": true, "label_context": "true", "modeltype": "aggregate", "train_lesion_freq": 0.0, "batch_size_multi": [1], "lr_multi": [0.0001], "batch_size": 1, "test_batch_size": 1, "epochs": 10, "lr": 0.0001, "momentum": 0.9, "no_cuda": false, "seed": 1, "log_interval": 10, "weight_decay": 0.0, "recurrent_size": 200, "hidden_size": 200, "BPTT_len": 120, "noise_std": 0.0, "model_id": 1209}}