{"trainingPerformance": [47.577825670498086, 73.50694444444444, 89.19061302681992, 99.19540229885058, 99.82878352490421, 99.95689655172414, 99.98443486590038, 99.996408045977, 99.99760536398468, 99.99880268199233, 100.0], "testPerformance": [47.57183908045977, 70.83333333333333, 98.91522988505747, 99.49712643678161, 99.77729885057471, 99.94971264367815, 100.0, 100.0, 100.0, 100.0, 100.0], "args": {"network_style": "recurrent", "create_new_dataset": false, "include_fillers": true, "fileloc": "datasets/", "which_context": 0, "all_fullrange": false, "retain_hidden_state": true, "label_context": "constant", "modeltype": "aggregate", "train_lesion_freq": 0.0, "batch_size_multi": [1], "lr_multi": [0.0001], "batch_size": 1, "test_batch_size": 1, "epochs": 10, "lr": 0.0001, "momentum": 0.9, "no_cuda": false, "seed": 1, "log_interval": 10, "weight_decay": 0.0, "recurrent_size": 200, "hidden_size": 200, "BPTT_len": 120, "noise_std": 0.0, "model_id": 1709}}