{"trainingPerformance": [49.8132183908046, 71.78041187739464, 83.82543103448276, 93.59434865900383, 94.169061302682, 94.77250957854406, 94.95929118773947, 95.15205938697318, 95.34602490421456, 95.22629310344827, 95.24545019157088], "testPerformance": [49.89224137931034, 76.63074712643679, 95.4382183908046, 95.625, 97.97413793103448, 98.92241379310344, 98.49137931034483, 99.28879310344827, 99.80603448275862, 99.92097701149426, 99.92816091954023], "args": {"network_style": "recurrent", "create_new_dataset": true, "include_fillers": true, "fileloc": "datasets/", "which_context": 0, "all_fullrange": false, "retain_hidden_state": true, "label_context": "true", "modeltype": "aggregate", "train_lesion_freq": 0.1, "batch_size_multi": [1], "lr_multi": [0.0001], "batch_size": 1, "test_batch_size": 1, "epochs": 10, "lr": 0.0001, "momentum": 0.9, "no_cuda": false, "seed": 1, "log_interval": 10, "weight_decay": 0.0, "save_model": false, "recurrent_size": 200, "hidden_size": 200, "BPTT_len": 120, "noise_std": 0.0, "model_id": 4087}}