{"trainingPerformance": [48.09985632183908, 73.50335249042146, 92.4580938697318, 94.31872605363985, 94.86590038314176, 95.12691570881226, 95.16044061302682, 95.17480842911877, 95.19276819923371, 95.01436781609195, 94.91858237547893], "testPerformance": [48.25431034482759, 83.85057471264368, 99.48275862068965, 99.71982758620689, 98.72844827586206, 99.8132183908046, 99.683908045977, 99.98563218390805, 99.97844827586206, 99.92816091954023, 99.96408045977012], "args": {"network_style": "recurrent", "create_new_dataset": true, "include_fillers": true, "fileloc": "datasets/", "which_context": 0, "all_fullrange": true, "retain_hidden_state": true, "label_context": "constant", "modeltype": "aggregate", "train_lesion_freq": 0.1, "batch_size_multi": [1], "lr_multi": [0.0001], "batch_size": 1, "test_batch_size": 1, "epochs": 10, "lr": 0.0001, "momentum": 0.9, "no_cuda": false, "seed": 1, "log_interval": 10, "weight_decay": 0.0, "recurrent_size": 200, "hidden_size": 200, "BPTT_len": 120, "noise_std": 0.0, "model_id": 6578}}