{"trainingPerformance": [51.43797892720306, 74.09602490421456, 93.18486590038314, 99.5198754789272, 99.86709770114942, 99.94971264367815, 99.99401340996168, 99.99880268199233, 99.99880268199233, 99.99880268199233, 99.99880268199233], "testPerformance": [51.285919540229884, 76.03448275862068, 98.87212643678161, 99.92816091954023, 99.99281609195403, 99.99281609195403, 99.97126436781609, 99.97126436781609, 99.98563218390805, 100.0, 100.0], "args": {"network_style": "recurrent", "create_new_dataset": false, "include_fillers": true, "fileloc": "datasets/", "which_context": 0, "all_fullrange": false, "retain_hidden_state": true, "label_context": "true", "modeltype": "aggregate", "train_lesion_freq": 0.0, "batch_size_multi": [1], "lr_multi": [0.0001], "batch_size": 1, "test_batch_size": 1, "epochs": 10, "lr": 0.0001, "momentum": 0.9, "no_cuda": false, "seed": 1, "log_interval": 10, "weight_decay": 0.0, "recurrent_size": 200, "hidden_size": 200, "BPTT_len": 120, "noise_std": 0.0, "model_id": 7154}}