{"trainingPerformance": [44.56417624521073, 79.19300766283524, 79.29477969348659, 79.48395593869732, 79.60608237547893, 79.58572796934865, 79.47916666666667, 79.55340038314176, 79.66954022988506, 79.67432950191571, 80.08860153256705, 79.9066091954023, 79.78927203065135, 80.14248084291188, 80.1640325670498, 79.94731800766283, 80.11733716475096, 79.91499042145594, 79.90301724137932, 80.102969348659, 80.04669540229885], "testPerformance": [44.71264367816092, 99.99281609195403, 100.0, 99.99281609195403, 99.99281609195403, 99.99281609195403, 99.99281609195403, 99.99281609195403, 99.99281609195403, 99.99281609195403, 99.97844827586206, 99.97844827586206, 99.95689655172414, 99.96408045977012, 99.9353448275862, 99.89942528735632, 99.87068965517241, 99.85632183908046, 99.74137931034483, 99.683908045977, 99.66235632183908], "args": {"network_style": "recurrent", "create_new_dataset": true, "include_fillers": true, "which_context": 0, "all_fullrange": false, "retain_hidden_state": true, "label_context": "true", "block_int_ttsplit": false, "retrain_decoder": true, "original_model_name": "models/RNN_trainedmodel_truecontextlabel_numrangeblocked_retainstate_n0.0_bs1_lr0.0001_ep10_r200_h200_bpl120_trlf0.0_id832.pth", "modeltype": "aggregate", "train_lesion_freq": 0.4, "batch_size_multi": [1], "lr_multi": [0.001], "batch_size": 1, "test_batch_size": 1, "epochs": 20, "lr": 0.0001, "momentum": 0.9, "no_cuda": false, "seed": 1, "log_interval": 10, "weight_decay": 0.0, "save_model": false, "recurrent_size": 200, "hidden_size": 200, "BPTT_len": 120, "noise_std": 0.0, "model_id": "832"}}