{"trainingPerformance": [50.02873563218391, 73.27705938697318, 91.32543103448276, 94.33788314176245, 94.73778735632185, 95.1448754789272, 95.10775862068965, 95.12452107279694, 94.97365900383141, 95.04430076628353, 95.04310344827586], "testPerformance": [50.07902298850575, 77.36350574712644, 99.20258620689656, 99.85632183908046, 99.87787356321839, 99.97844827586206, 99.97844827586206, 99.89224137931035, 99.96408045977012, 99.98563218390805, 99.92097701149426], "args": {"network_style": "recurrent", "create_new_dataset": true, "include_fillers": true, "fileloc": "datasets/", "which_context": 0, "all_fullrange": true, "retain_hidden_state": true, "label_context": "constant", "modeltype": "aggregate", "train_lesion_freq": 0.1, "batch_size_multi": [1], "lr_multi": [0.0001], "batch_size": 1, "test_batch_size": 1, "epochs": 10, "lr": 0.0001, "momentum": 0.9, "no_cuda": false, "seed": 1, "log_interval": 10, "weight_decay": 0.0, "recurrent_size": 200, "hidden_size": 200, "BPTT_len": 120, "noise_std": 0.0, "model_id": 1775}}