{"trainingPerformance": [81.29166666666667, 95.13333333333334, 98.10833333333333, 99.475, 99.89166666666667, 100.0, 100.0, 100.0, 100.0, 100.0], "testPerformance": [91.76666666666667, 96.6, 99.06666666666666, 99.46666666666667, 100.0, 100.0, 100.0, 100.0, 100.0, 100.0], "args": {"modeltype": "aggregate", "batch_size_multi": [12], "lr_multi": [0.001], "batch_size": 12, "test_batch_size": 12, "epochs": 10, "lr": 0.001, "momentum": 0.9, "no_cuda": false, "seed": 1, "log_interval": 10, "weight_decay": 0.0, "save_model": false}, "model": "recurrent_withcontext"}