{"trainingPerformance": [45.43333333333333, 72.1, 92.8, 97.41666666666667, 99.50833333333334, 100.0, 100.0, 100.0, 100.0, 100.0, 100.0], "testPerformance": [45.93333333333333, 87.03333333333333, 96.8, 98.9, 100.0, 100.0, 100.0, 100.0, 100.0, 100.0, 100.0], "args": {"modeltype": "aggregate", "batch_size_multi": [12], "lr_multi": [0.001], "batch_size": 12, "test_batch_size": 12, "epochs": 10, "lr": 0.001, "momentum": 0.9, "no_cuda": false, "seed": 1, "log_interval": 10, "weight_decay": 0.0, "save_model": false, "recurrent_size": 33, "hidden_size": 60}, "model": "recurrent_constantcontext"}