{"trainingPerformance": [50.065852490421456, 74.63721264367815, 93.77873563218391, 99.55340038314176, 99.897030651341, 99.96886973180077, 99.99281609195403, 99.99760536398468, 99.99880268199233, 99.99880268199233, 99.99880268199233], "testPerformance": [50.1580459770115, 76.16379310344827, 97.70833333333333, 99.79885057471265, 99.97126436781609, 99.95689655172414, 99.9353448275862, 99.9353448275862, 99.99281609195403, 99.99281609195403, 99.99281609195403], "args": {"network_style": "recurrent", "create_new_dataset": false, "include_fillers": true, "fileloc": "datasets/", "which_context": 0, "all_fullrange": false, "retain_hidden_state": true, "label_context": "true", "modeltype": "aggregate", "train_lesion_freq": 0.0, "batch_size_multi": [1], "lr_multi": [0.0001], "batch_size": 1, "test_batch_size": 1, "epochs": 10, "lr": 0.0001, "momentum": 0.9, "no_cuda": false, "seed": 1, "log_interval": 10, "weight_decay": 0.0, "recurrent_size": 200, "hidden_size": 200, "BPTT_len": 120, "noise_std": 0.0, "model_id": 1507}}