{"trainingPerformance": [68.96666666666667, 88.34166666666667, 95.075, 98.09166666666667, 99.4, 99.91666666666667, 99.975, 100.0, 100.0, 100.0], "testPerformance": [83.36666666666666, 91.4, 95.63333333333334, 97.76666666666667, 98.93333333333334, 99.8, 100.0, 100.0, 100.0, 100.0], "args": {"modeltype": "aggregate", "batch_size_multi": [12], "lr_multi": [0.001], "batch_size": 12, "test_batch_size": 12, "epochs": 10, "lr": 0.001, "momentum": 0.9, "no_cuda": false, "seed": 1, "log_interval": 10, "weight_decay": 0.0, "save_model": false}, "model": "recurrent_nocontext"}