{"trainingPerformance": [43.60871647509578, 66.49664750957854, 71.94324712643679, 83.34650383141762, 84.63481800766283, 85.07902298850574, 85.30172413793103, 85.4897030651341, 85.67049808429118, 85.52801724137932, 85.92552681992338], "testPerformance": [43.75, 75.50287356321839, 87.45689655172414, 95.27298850574712, 97.70833333333333, 94.79166666666667, 98.39080459770115, 98.73563218390805, 99.2816091954023, 99.48994252873563, 99.48994252873563], "args": {"network_style": "recurrent", "create_new_dataset": true, "include_fillers": true, "fileloc": "datasets/", "which_context": 0, "all_fullrange": false, "retain_hidden_state": true, "label_context": "true", "modeltype": "aggregate", "train_lesion_freq": 0.3, "batch_size_multi": [1], "lr_multi": [0.0001], "batch_size": 1, "test_batch_size": 1, "epochs": 10, "lr": 0.0001, "momentum": 0.9, "no_cuda": false, "seed": 1, "log_interval": 10, "weight_decay": 0.0, "save_model": false, "recurrent_size": 200, "hidden_size": 200, "BPTT_len": 120, "noise_std": 0.0, "model_id": 3532}}