{"trainingPerformance": [51.633141762452105, 75.55316091954023, 78.74521072796935, 97.79693486590038, 99.5294540229885, 99.80962643678161, 99.91139846743295], "testPerformance": [51.440373563218394, 76.54813218390805, 88.5632183908046, 96.96479885057471, 97.69037356321839, 98.26149425287356, 98.99066091954023], "args": {"modeltype": "aggregate", "batch_size_multi": [1], "lr_multi": [5e-05], "batch_size": 1, "test_batch_size": 1, "epochs": 6, "lr": 5e-05, "momentum": 0.9, "no_cuda": false, "seed": 1, "log_interval": 10, "weight_decay": 0.0, "save_model": false, "recurrent_size": 200, "hidden_size": 200, "BPTT_len": 120}, "model": "recurrent_truecontext"}