{"trainingPerformance": [48.833333333333336, 72.89166666666667, 91.26666666666667, 97.13333333333334, 99.4, 99.93333333333334, 100.0, 100.0, 100.0], "testPerformance": [48.4, 86.66666666666667, 95.16666666666667, 99.56666666666666, 99.73333333333333, 100.0, 100.0, 100.0, 100.0], "args": {"modeltype": "aggregate", "batch_size_multi": [12], "lr_multi": [0.001], "batch_size": 12, "test_batch_size": 12, "epochs": 8, "lr": 0.001, "momentum": 0.9, "no_cuda": false, "seed": 1, "log_interval": 10, "weight_decay": 0.0, "save_model": false}, "model": "recurrent_randcontext"}