{"trainingPerformance": [49.59650383141762, 74.14032567049809, 93.21000957854406, 94.5749521072797, 94.99521072796935, 95.23587164750958, 95.62380268199233, 95.65613026819923, 95.75670498084291, 95.73395593869732, 95.84171455938697], "testPerformance": [49.12356321839081, 91.01293103448276, 97.78735632183908, 98.76436781609195, 99.74137931034483, 99.0014367816092, 99.54022988505747, 99.75574712643679, 98.69252873563218, 99.8419540229885, 99.88505747126437], "args": {"network_style": "recurrent", "create_new_dataset": true, "include_fillers": true, "fileloc": "datasets/", "which_context": 0, "all_fullrange": true, "retain_hidden_state": true, "label_context": "true", "modeltype": "aggregate", "train_lesion_freq": 0.1, "batch_size_multi": [1], "lr_multi": [0.0001], "batch_size": 1, "test_batch_size": 1, "epochs": 10, "lr": 0.0001, "momentum": 0.9, "no_cuda": false, "seed": 1, "log_interval": 10, "weight_decay": 0.0, "recurrent_size": 200, "hidden_size": 200, "BPTT_len": 120, "noise_std": 0.0, "model_id": 344}}