{"trainingPerformance": [50.05866858237548, 73.94396551724138, 92.75023946360153, 94.69588122605364, 95.00478927203065, 95.28136973180077, 95.5316091954023, 95.75191570881226, 95.76269157088123, 95.85249042145594, 95.77825670498085], "testPerformance": [50.52442528735632, 86.45833333333333, 98.77873563218391, 98.95833333333333, 99.49712643678161, 99.77011494252874, 99.72701149425288, 99.96408045977012, 99.97126436781609, 99.89224137931035, 99.82758620689656], "args": {"network_style": "recurrent", "create_new_dataset": true, "include_fillers": true, "fileloc": "datasets/", "which_context": 0, "all_fullrange": true, "retain_hidden_state": true, "label_context": "true", "modeltype": "aggregate", "train_lesion_freq": 0.1, "batch_size_multi": [1], "lr_multi": [0.0001], "batch_size": 1, "test_batch_size": 1, "epochs": 10, "lr": 0.0001, "momentum": 0.9, "no_cuda": false, "seed": 1, "log_interval": 10, "weight_decay": 0.0, "recurrent_size": 200, "hidden_size": 200, "BPTT_len": 120, "noise_std": 0.0, "model_id": 6349}}