{"trainingPerformance": [50.1867816091954, 66.62116858237547, 74.70545977011494, 84.03136973180077, 84.78927203065135, 85.26580459770115, 85.51604406130268, 85.61063218390805, 85.7926245210728, 85.61302681992338, 85.30531609195403], "testPerformance": [49.956896551724135, 74.83477011494253, 95.625, 97.35632183908046, 97.47844827586206, 97.54310344827586, 99.33908045977012, 99.38936781609195, 99.09482758620689, 99.2169540229885, 99.38218390804597], "args": {"network_style": "recurrent", "create_new_dataset": true, "include_fillers": true, "fileloc": "datasets/", "which_context": 0, "all_fullrange": false, "retain_hidden_state": true, "label_context": "true", "modeltype": "aggregate", "train_lesion_freq": 0.3, "batch_size_multi": [1], "lr_multi": [0.0001], "batch_size": 1, "test_batch_size": 1, "epochs": 10, "lr": 0.0001, "momentum": 0.9, "no_cuda": false, "seed": 1, "log_interval": 10, "weight_decay": 0.0, "recurrent_size": 200, "hidden_size": 200, "BPTT_len": 120, "noise_std": 0.0}}