{"trainingPerformance": [50.053879310344826, 74.49952107279694, 89.32590996168582, 99.21934865900383, 99.82159961685824, 99.9353448275862, 99.98204022988506, 99.99161877394636, 99.99760536398468, 100.0, 100.0], "testPerformance": [49.75574712643678, 70.20114942528735, 99.13074712643679, 99.83477011494253, 99.98563218390805, 99.96408045977012, 99.97844827586206, 99.99281609195403, 100.0, 100.0, 100.0], "args": {"network_style": "recurrent", "create_new_dataset": true, "include_fillers": true, "fileloc": "datasets/", "which_context": 0, "all_fullrange": false, "retain_hidden_state": true, "label_context": "constant", "modeltype": "aggregate", "train_lesion_freq": 0.0, "batch_size_multi": [1], "lr_multi": [0.0001], "batch_size": 1, "test_batch_size": 1, "epochs": 10, "lr": 0.0001, "momentum": 0.9, "no_cuda": false, "seed": 1, "log_interval": 10, "weight_decay": 0.0, "recurrent_size": 200, "hidden_size": 200, "BPTT_len": 120, "noise_std": 0.0, "model_id": 1511}}