{"trainingPerformance": [50.132902298850574, 74.80483716475096, 93.53927203065135, 94.51748084291188, 95.13170498084291, 95.38194444444444, 95.67049808429118, 95.76269157088123, 95.76628352490421, 95.77107279693486, 95.834530651341], "testPerformance": [50.08620689655172, 91.12068965517241, 97.39224137931035, 99.07327586206897, 99.40373563218391, 99.79166666666667, 99.91379310344827, 99.89224137931035, 99.96408045977012, 99.34626436781609, 99.98563218390805], "args": {"network_style": "recurrent", "create_new_dataset": true, "include_fillers": true, "fileloc": "datasets/", "which_context": 0, "all_fullrange": true, "retain_hidden_state": true, "label_context": "true", "modeltype": "aggregate", "train_lesion_freq": 0.1, "batch_size_multi": [1], "lr_multi": [0.0001], "batch_size": 1, "test_batch_size": 1, "epochs": 10, "lr": 0.0001, "momentum": 0.9, "no_cuda": false, "seed": 1, "log_interval": 10, "weight_decay": 0.0, "recurrent_size": 200, "hidden_size": 200, "BPTT_len": 120, "noise_std": 0.0, "model_id": 4021}}