{"trainingPerformance": [50.065852490421456, 66.6235632183908, 76.10033524904215, 84.06010536398468, 85.06585249042146, 85.1676245210728, 85.54717432950191, 85.50287356321839, 85.60823754789271, 85.58668582375479, 85.64295977011494], "testPerformance": [50.1580459770115, 74.78448275862068, 93.9367816091954, 96.23563218390805, 99.16666666666667, 99.08764367816092, 98.99425287356321, 98.47701149425288, 97.92385057471265, 99.15948275862068, 99.61925287356321], "args": {"network_style": "recurrent", "create_new_dataset": false, "include_fillers": true, "fileloc": "datasets/", "which_context": 0, "all_fullrange": false, "retain_hidden_state": true, "label_context": "true", "modeltype": "aggregate", "train_lesion_freq": 0.3, "batch_size_multi": [1], "lr_multi": [0.0001], "batch_size": 1, "test_batch_size": 1, "epochs": 10, "lr": 0.0001, "momentum": 0.9, "no_cuda": false, "seed": 1, "log_interval": 10, "weight_decay": 0.0, "save_model": false, "recurrent_size": 200, "hidden_size": 200, "BPTT_len": 120, "noise_std": 0.0, "model_id": 2447}}