{"trainingPerformance": [49.422892720306514, 71.41642720306514, 86.02011494252874, 93.50335249042146, 94.12116858237547, 94.35704022988506, 94.41091954022988, 94.63362068965517, 94.64918582375479, 94.61206896551724, 94.6264367816092], "testPerformance": [48.99425287356322, 70.10775862068965, 97.04022988505747, 98.433908045977, 99.24568965517241, 99.08045977011494, 99.57614942528735, 99.51149425287356, 99.18103448275862, 99.28879310344827, 99.49712643678161], "args": {"network_style": "recurrent", "create_new_dataset": true, "include_fillers": true, "fileloc": "datasets/", "which_context": 0, "all_fullrange": false, "retain_hidden_state": true, "label_context": "constant", "modeltype": "aggregate", "train_lesion_freq": 0.1, "batch_size_multi": [1], "lr_multi": [0.0001], "batch_size": 1, "test_batch_size": 1, "epochs": 10, "lr": 0.0001, "momentum": 0.9, "no_cuda": false, "seed": 1, "log_interval": 10, "weight_decay": 0.0, "recurrent_size": 200, "hidden_size": 200, "BPTT_len": 120, "noise_std": 0.0, "model_id": 6411}}