{"trainingPerformance": [75.39166666666667, 93.375, 96.825, 98.925, 99.61666666666666, 99.99166666666666, 100.0, 100.0, 100.0, 100.0], "testPerformance": [90.16666666666667, 95.33333333333333, 98.3, 99.16666666666667, 100.0, 100.0, 100.0, 100.0, 100.0, 100.0], "args": {"modeltype": "aggregate", "batch_size_multi": [12], "lr_multi": [0.001], "batch_size": 12, "test_batch_size": 12, "epochs": 10, "lr": 0.001, "momentum": 0.9, "no_cuda": false, "seed": 1, "log_interval": 10, "weight_decay": 0.0, "save_model": false}, "model": "recurrent_withcontext"}