{"trainingPerformance": [54.530651340996165, 77.39224137931035, 98.27705938697318, 99.65038314176245, 99.87547892720306, 99.94133141762453, 99.97126436781609, 99.98922413793103, 99.99760536398468, 100.0, 100.0], "testPerformance": [54.62643678160919, 95.51005747126437, 98.83620689655173, 100.0, 99.98563218390805, 99.99281609195403, 99.99281609195403, 99.99281609195403, 99.99281609195403, 99.99281609195403, 99.99281609195403], "args": {"network_style": "recurrent", "create_new_dataset": false, "include_fillers": true, "fileloc": "datasets/", "which_context": 0, "all_fullrange": true, "retain_hidden_state": true, "label_context": "true", "modeltype": "aggregate", "train_lesion_freq": 0.0, "batch_size_multi": [1], "lr_multi": [0.0001], "batch_size": 1, "test_batch_size": 1, "epochs": 10, "lr": 0.0001, "momentum": 0.9, "no_cuda": false, "seed": 1, "log_interval": 10, "weight_decay": 0.0, "recurrent_size": 200, "hidden_size": 200, "BPTT_len": 120, "noise_std": 0.0, "model_id": 94}}