{"trainingPerformance": [53.41954022988506, 74.3103448275862, 93.55124521072797, 99.40852490421456, 99.8419540229885, 99.94372605363985, 99.97725095785441, 99.9904214559387, 99.99760536398468, 100.0, 100.0], "testPerformance": [53.58477011494253, 76.58764367816092, 99.16666666666667, 99.87787356321839, 99.30316091954023, 99.5617816091954, 99.82758620689656, 99.91379310344827, 99.92097701149426, 99.91379310344827, 99.91379310344827], "args": {"network_style": "recurrent", "create_new_dataset": true, "include_fillers": true, "fileloc": "datasets/", "which_context": 0, "all_fullrange": false, "retain_hidden_state": true, "label_context": "true", "modeltype": "aggregate", "train_lesion_freq": 0.0, "batch_size_multi": [1], "lr_multi": [0.0001], "batch_size": 1, "test_batch_size": 1, "epochs": 10, "lr": 0.0001, "momentum": 0.9, "no_cuda": false, "seed": 1, "log_interval": 10, "weight_decay": 0.0, "recurrent_size": 200, "hidden_size": 200, "BPTT_len": 120, "noise_std": 0.0, "model_id": 1033}}