{"trainingPerformance": [49.838362068965516, 74.75814176245211, 91.46072796934865, 99.30196360153256, 99.84794061302682, 99.96527777777777, 99.9904214559387, 99.99880268199233, 100.0, 100.0, 100.0], "testPerformance": [49.87068965517241, 76.25, 97.808908045977, 99.80603448275862, 99.9353448275862, 100.0, 100.0, 100.0, 100.0, 100.0, 100.0], "args": {"network_style": "recurrent", "create_new_dataset": true, "include_fillers": true, "fileloc": "datasets/", "which_context": 0, "all_fullrange": false, "retain_hidden_state": true, "label_context": "true", "modeltype": "aggregate", "train_lesion_freq": 0.0, "batch_size_multi": [1], "lr_multi": [0.0001], "batch_size": 1, "test_batch_size": 1, "epochs": 10, "lr": 0.0001, "momentum": 0.9, "no_cuda": false, "seed": 1, "log_interval": 10, "weight_decay": 0.0, "recurrent_size": 200, "hidden_size": 200, "BPTT_len": 120, "noise_std": 0.0, "model_id": 2498}}