{"trainingPerformance": [51.09166666666667, 72.075, 89.94166666666666, 96.31666666666666, 99.06666666666666, 99.8, 99.96666666666667, 100.0, 100.0], "testPerformance": [50.9, 84.03333333333333, 94.76666666666667, 98.13333333333334, 99.43333333333334, 100.0, 100.0, 100.0, 100.0], "args": {"modeltype": "aggregate", "batch_size_multi": [12], "lr_multi": [0.001], "batch_size": 12, "test_batch_size": 12, "epochs": 8, "lr": 0.001, "momentum": 0.9, "no_cuda": false, "seed": 1, "log_interval": 10, "weight_decay": 0.0, "save_model": false}, "model": "recurrent_randcontext"}