{"trainingPerformance": [50.29573754789272, 69.27322796934865, 76.59961685823755, 88.30938697318008, 89.30076628352491, 90.1161398467433, 90.22270114942529, 90.43103448275862, 90.51963601532567, 90.77586206896552, 90.41427203065135], "testPerformance": [49.9066091954023, 74.89942528735632, 92.85201149425288, 95.34482758620689, 94.15948275862068, 97.89511494252874, 98.13218390804597, 99.41091954022988, 99.52586206896552, 99.66235632183908, 99.59770114942529], "args": {"network_style": "recurrent", "create_new_dataset": false, "include_fillers": true, "fileloc": "datasets/", "which_context": 0, "all_fullrange": false, "retain_hidden_state": true, "label_context": "true", "modeltype": "aggregate", "train_lesion_freq": 0.2, "batch_size_multi": [1], "lr_multi": [0.0001], "batch_size": 1, "test_batch_size": 1, "epochs": 10, "lr": 0.0001, "momentum": 0.9, "no_cuda": false, "seed": 1, "log_interval": 10, "weight_decay": 0.0, "recurrent_size": 200, "hidden_size": 200, "BPTT_len": 120, "noise_std": 0.0}}