{"trainingPerformance": [47.74166666666667, 74.4, 94.16666666666667, 98.125, 99.48333333333333, 99.88333333333334, 100.0, 100.0, 100.0, 100.0, 100.0], "testPerformance": [48.833333333333336, 86.6, 96.86666666666666, 99.5, 100.0, 100.0, 100.0, 100.0, 100.0, 100.0, 100.0], "args": {"modeltype": "aggregate", "batch_size_multi": [12], "lr_multi": [0.001], "batch_size": 12, "test_batch_size": 12, "epochs": 10, "lr": 0.001, "momentum": 0.9, "no_cuda": false, "seed": 1, "log_interval": 10, "weight_decay": 0.0, "save_model": false, "recurrent_size": 33, "hidden_size": 60}, "model": "recurrent_constantcontext"}