{"trainingPerformance": [50.375, 66.46666666666667, 85.10833333333333, 94.59166666666667, 98.10833333333333, 99.65, 100.0, 100.0, 100.0], "testPerformance": [50.166666666666664, 76.66666666666667, 92.06666666666666, 97.46666666666667, 99.5, 100.0, 100.0, 100.0, 100.0], "args": {"modeltype": "aggregate", "batch_size_multi": [12], "lr_multi": [0.001], "batch_size": 12, "test_batch_size": 12, "epochs": 8, "lr": 0.001, "momentum": 0.9, "no_cuda": false, "seed": 1, "log_interval": 10, "weight_decay": 0.0, "save_model": false}, "model": "recurrent_randcontext"}