{"trainingPerformance": [50.0419061302682, 91.35177203065135, 98.31657088122606, 98.88409961685824], "testPerformance": [50.22270114942529, 98.5021551724138, 98.25431034482759, 99.55459770114942], "args": {"modeltype": "aggregate", "batch_size_multi": [1], "lr_multi": [0.001], "batch_size": 1, "test_batch_size": 1, "epochs": 3, "lr": 0.001, "momentum": 0.9, "no_cuda": false, "seed": 1, "log_interval": 10, "weight_decay": 0.0, "save_model": false, "recurrent_size": 200, "hidden_size": 200, "BPTT_len": 120}, "model": "recurrent_truecontext"}