{"trainingPerformance": [54.275, 73.06666666666666, 92.89166666666667, 96.55, 98.55833333333334, 99.58333333333333, 99.9, 99.99166666666666, 99.99166666666666, 100.0, 100.0], "testPerformance": [53.6, 88.63333333333334, 95.56666666666666, 98.03333333333333, 99.4, 99.6, 100.0, 100.0, 100.0, 100.0, 100.0], "args": {"modeltype": "aggregate", "batch_size_multi": [12], "lr_multi": [0.001], "batch_size": 12, "test_batch_size": 12, "epochs": 10, "lr": 0.001, "momentum": 0.9, "no_cuda": false, "seed": 1, "log_interval": 10, "weight_decay": 0.0, "save_model": false, "recurrent_size": 33, "hidden_size": 60}, "model": "recurrent_truecontext"}