{"trainingPerformance": [45.395114942528735, 74.37260536398468, 90.49329501915709, 99.31752873563218, 99.82399425287356, 99.95929118773947, 99.98323754789271, 99.996408045977, 99.99880268199233, 99.99880268199233, 99.99880268199233], "testPerformance": [45.19396551724138, 75.99137931034483, 98.13936781609195, 99.61206896551724, 99.99281609195403, 100.0, 100.0, 100.0, 100.0, 100.0, 100.0], "args": {"network_style": "recurrent", "create_new_dataset": false, "include_fillers": true, "fileloc": "datasets/", "which_context": 0, "all_fullrange": false, "retain_hidden_state": true, "label_context": "true", "modeltype": "aggregate", "train_lesion_freq": 0.0, "batch_size_multi": [1], "lr_multi": [0.0001], "batch_size": 1, "test_batch_size": 1, "epochs": 10, "lr": 0.0001, "momentum": 0.9, "no_cuda": false, "seed": 1, "log_interval": 10, "weight_decay": 0.0, "save_model": false, "recurrent_size": 200, "hidden_size": 200, "BPTT_len": 120, "noise_std": 0.0, "model_id": 4257}}