{"trainingPerformance": [47.97653256704981, 71.85704022988506, 87.89391762452107, 93.71288314176245, 94.62164750957854, 94.95689655172414, 95.07303639846744, 95.02873563218391, 95.14367816091954, 95.09937739463602, 95.2574233716475], "testPerformance": [48.19683908045977, 76.76724137931035, 97.95258620689656, 96.45114942528735, 98.80028735632185, 98.9080459770115, 98.92959770114942, 99.33189655172414, 99.87068965517241, 99.683908045977, 99.79166666666667], "args": {"network_style": "recurrent", "create_new_dataset": true, "include_fillers": true, "fileloc": "datasets/", "which_context": 0, "all_fullrange": false, "retain_hidden_state": true, "label_context": "true", "modeltype": "aggregate", "train_lesion_freq": 0.1, "batch_size_multi": [1], "lr_multi": [0.0001], "batch_size": 1, "test_batch_size": 1, "epochs": 10, "lr": 0.0001, "momentum": 0.9, "no_cuda": false, "seed": 1, "log_interval": 10, "weight_decay": 0.0, "save_model": false, "recurrent_size": 200, "hidden_size": 200, "BPTT_len": 120, "noise_std": 0.0, "model_id": 7050}}