{"trainingPerformance": [67.9, 89.9, 95.825, 98.19166666666666, 99.40833333333333, 99.89166666666667, 99.96666666666667, 100.0, 100.0, 100.0], "testPerformance": [79.16666666666667, 93.5, 95.63333333333334, 97.8, 99.66666666666667, 99.66666666666667, 100.0, 100.0, 100.0, 100.0], "args": {"modeltype": "aggregate", "batch_size_multi": [12], "lr_multi": [0.001], "batch_size": 12, "test_batch_size": 12, "epochs": 10, "lr": 0.001, "momentum": 0.9, "no_cuda": false, "seed": 1, "log_interval": 10, "weight_decay": 0.0, "save_model": false}, "model": "recurrent_nocontext"}