{"trainingPerformance": [49.43366858237548, 73.83022030651341, 93.99066091954023, 99.52586206896552, 99.8515325670498, 99.96048850574712, 99.99521072796935, 99.99880268199233, 99.99880268199233, 100.0, 100.0], "testPerformance": [49.547413793103445, 76.74568965517241, 97.70833333333333, 99.49712643678161, 99.41091954022988, 99.65517241379311, 99.94252873563218, 99.97126436781609, 99.98563218390805, 99.99281609195403, 100.0], "args": {"network_style": "recurrent", "create_new_dataset": true, "include_fillers": true, "fileloc": "datasets/", "which_context": 0, "all_fullrange": false, "retain_hidden_state": true, "label_context": "true", "modeltype": "aggregate", "train_lesion_freq": 0.0, "batch_size_multi": [1], "lr_multi": [0.0001], "batch_size": 1, "test_batch_size": 1, "epochs": 10, "lr": 0.0001, "momentum": 0.9, "no_cuda": false, "seed": 1, "log_interval": 10, "weight_decay": 0.0, "recurrent_size": 200, "hidden_size": 200, "BPTT_len": 120, "noise_std": 0.0, "model_id": 7214}}