{"trainingPerformance": [52.858333333333334, 92.01666666666667, 98.45833333333333, 99.35833333333333, 99.55833333333334, 99.83333333333333], "testPerformance": [52.46666666666667, 95.56666666666666, 98.86666666666666, 99.46666666666667, 99.46666666666667, 99.5], "args": {"modeltype": "aggregate", "batch_size_multi": [1], "lr_multi": [0.001], "batch_size": 1, "test_batch_size": 1, "epochs": 5, "lr": 0.001, "momentum": 0.9, "no_cuda": false, "seed": 1, "log_interval": 10, "weight_decay": 0.0, "save_model": false}, "model": "recurrent_nocontext"}