{"trainingPerformance": [74.525, 89.44166666666666, 96.04166666666667, 98.76666666666667, 99.71666666666667, 99.925, 99.95833333333333, 99.98333333333333, 99.99166666666666, 100.0], "testPerformance": [84.83333333333333, 93.56666666666666, 98.03333333333333, 99.4, 99.9, 99.9, 100.0, 100.0, 100.0, 100.0], "args": {"modeltype": "aggregate", "batch_size_multi": [12], "lr_multi": [0.001], "batch_size": 12, "test_batch_size": 12, "epochs": 10, "lr": 0.001, "momentum": 0.9, "no_cuda": false, "seed": 1, "log_interval": 10, "weight_decay": 0.0, "save_model": false}, "model": "recurrent_withcontext"}