{"trainingPerformance": [50.06824712643678, 73.82303639846744, 73.98227969348659, 74.02418582375479, 74.01819923371647, 73.97988505747126, 73.95234674329502, 73.9367816091954, 73.94755747126437, 73.92121647509579, 73.94276819923371, 73.97389846743295, 73.99185823754789, 74.00622605363985, 74.01700191570882, 74.04094827586206, 74.02897509578544, 74.03615900383141, 74.03256704980843, 74.03136973180077, 74.02658045977012, 74.02777777777777, 74.02658045977012, 74.01939655172414, 74.01819923371647, 74.01700191570882, 74.03615900383141, 74.04932950191571, 74.06130268199233, 74.066091954023, 74.06728927203065], "testPerformance": [50.33764367816092, 99.99281609195403, 99.99281609195403, 99.99281609195403, 99.99281609195403, 100.0, 100.0, 99.99281609195403, 99.96408045977012, 99.94252873563218, 99.89224137931035, 99.87068965517241, 99.82040229885058, 99.78448275862068, 99.74137931034483, 99.691091954023, 99.59051724137932, 99.45402298850574, 99.34626436781609, 99.28879310344827, 99.19540229885058, 99.13074712643679, 99.08764367816092, 99.07327586206897, 99.02298850574712, 98.97988505747126, 98.92241379310344, 98.9080459770115, 98.88649425287356, 98.85057471264368, 98.83620689655173], "args": {"network_style": "recurrent", "create_new_dataset": true, "include_fillers": true, "which_context": 0, "all_fullrange": true, "retain_hidden_state": true, "label_context": "true", "block_int_ttsplit": false, "retrain_decoder": true, "original_model_name": "models/RNN_trainedmodel_truecontextlabel_numrangeintermingled_retainstate_n0.0_bs1_lr0.0001_ep10_r200_h200_bpl120_trlf0.0_id1600.pth", "modeltype": "aggregate", "train_lesion_freq": 1.0, "batch_size_multi": [1], "lr_multi": [0.001], "batch_size": 1, "test_batch_size": 1, "epochs": 30, "lr": 0.0001, "momentum": 0.9, "no_cuda": false, "seed": 1, "log_interval": 10, "weight_decay": 0.0, "save_model": false, "recurrent_size": 200, "hidden_size": 200, "BPTT_len": 120, "noise_std": 0.0, "model_id": "1600"}}