{"trainingPerformance": [49.83357279693487, 74.55818965517241, 81.12907088122606, 98.51532567049809, 99.59770114942529, 99.84674329501915, 99.91379310344827], "testPerformance": [49.71264367816092, 76.69899425287356, 97.05818965517241, 99.91738505747126, 99.996408045977, 99.98563218390805, 99.98922413793103], "args": {"modeltype": "aggregate", "batch_size_multi": [1], "lr_multi": [5e-05], "batch_size": 1, "test_batch_size": 1, "epochs": 6, "lr": 5e-05, "momentum": 0.9, "no_cuda": false, "seed": 1, "log_interval": 10, "weight_decay": 0.0, "save_model": false, "recurrent_size": 200, "hidden_size": 200, "BPTT_len": 120}, "model": "recurrent_truecontext"}