{"trainingPerformance": [49.099616858237546, 75.31010536398468, 97.05818965517241, 99.60129310344827, 99.87068965517241, 99.95330459770115, 99.98682950191571, 99.99760536398468, 99.99880268199233, 100.0, 100.0], "testPerformance": [49.18103448275862, 79.92097701149426, 99.38936781609195, 99.97126436781609, 99.97844827586206, 99.97126436781609, 99.99281609195403, 99.99281609195403, 100.0, 100.0, 100.0], "args": {"network_style": "recurrent", "create_new_dataset": true, "include_fillers": true, "fileloc": "datasets/", "which_context": 0, "all_fullrange": false, "retain_hidden_state": true, "label_context": "true", "modeltype": "aggregate", "train_lesion_freq": 0.0, "batch_size_multi": [1], "lr_multi": [0.0001], "batch_size": 1, "test_batch_size": 1, "epochs": 10, "lr": 0.0001, "momentum": 0.9, "no_cuda": false, "seed": 1, "log_interval": 10, "weight_decay": 0.0, "recurrent_size": 200, "hidden_size": 200, "BPTT_len": 120, "noise_std": 0.0, "model_id": 2289}}