{"trainingPerformance": [49.950909961685824, 74.24808429118774, 89.98682950191571, 99.36781609195403, 99.87547892720306, 99.97365900383141, 99.99281609195403, 99.99760536398468, 100.0, 100.0, 100.0], "testPerformance": [49.798850574712645, 70.86925287356321, 98.80747126436782, 99.71982758620689, 99.97844827586206, 99.98563218390805, 100.0, 100.0, 100.0, 100.0, 100.0], "args": {"network_style": "recurrent", "create_new_dataset": false, "include_fillers": true, "fileloc": "datasets/", "which_context": 0, "all_fullrange": false, "retain_hidden_state": true, "label_context": "constant", "modeltype": "aggregate", "train_lesion_freq": 0.0, "batch_size_multi": [1], "lr_multi": [0.0001], "batch_size": 1, "test_batch_size": 1, "epochs": 10, "lr": 0.0001, "momentum": 0.9, "no_cuda": false, "seed": 1, "log_interval": 10, "weight_decay": 0.0, "recurrent_size": 200, "hidden_size": 200, "BPTT_len": 120, "noise_std": 0.0, "model_id": 2498}}