{"trainingPerformance": [49.93175287356322, 73.92840038314176, 74.09961685823755, 74.12476053639847, 74.12835249042146, 74.12835249042146, 74.12476053639847, 74.10201149425288, 74.1103927203065, 74.1271551724138, 74.14391762452107, 74.13793103448276, 74.1463122605364, 74.17385057471265, 74.1786398467433, 74.16187739463602, 74.17624521072797, 74.16786398467433, 74.1750478927203, 74.17983716475096, 74.18702107279694, 74.21575670498085, 74.24209770114942, 74.25287356321839, 74.27083333333333, 74.2911877394636, 74.3271072796935, 74.33908045977012, 74.35225095785441, 74.3845785440613, 74.39535440613027], "testPerformance": [49.66235632183908, 100.0, 99.97844827586206, 99.96408045977012, 99.9353448275862, 99.88505747126437, 99.85632183908046, 99.83477011494253, 99.77011494252874, 99.683908045977, 99.63362068965517, 99.56896551724138, 99.49712643678161, 99.42528735632185, 99.375, 99.2816091954023, 99.26005747126437, 99.20977011494253, 99.20258620689656, 99.1882183908046, 99.15948275862068, 99.13793103448276, 99.1235632183908, 99.1235632183908, 99.10201149425288, 99.09482758620689, 99.066091954023, 99.05172413793103, 99.03017241379311, 99.02298850574712, 99.00862068965517], "args": {"network_style": "recurrent", "create_new_dataset": true, "include_fillers": true, "which_context": 0, "all_fullrange": true, "retain_hidden_state": true, "label_context": "true", "block_int_ttsplit": false, "retrain_decoder": true, "original_model_name": "models/RNN_trainedmodel_truecontextlabel_numrangeintermingled_retainstate_n0.0_bs1_lr0.0001_ep10_r200_h200_bpl120_trlf0.0_id2922.pth", "modeltype": "aggregate", "train_lesion_freq": 1.0, "batch_size_multi": [1], "lr_multi": [0.001], "batch_size": 1, "test_batch_size": 1, "epochs": 30, "lr": 0.0001, "momentum": 0.9, "no_cuda": false, "seed": 1, "log_interval": 10, "weight_decay": 0.0, "save_model": false, "recurrent_size": 200, "hidden_size": 200, "BPTT_len": 120, "noise_std": 0.0, "model_id": "2922"}}