{"trainingPerformance": [54.45, 71.53333333333333, 87.25833333333334, 95.68333333333334, 98.7, 99.81666666666666, 99.99166666666666, 100.0, 100.0], "testPerformance": [54.93333333333333, 80.66666666666667, 92.63333333333334, 97.1, 99.9, 100.0, 100.0, 100.0, 100.0], "args": {"modeltype": "aggregate", "batch_size_multi": [12], "lr_multi": [0.001], "batch_size": 12, "test_batch_size": 12, "epochs": 8, "lr": 0.001, "momentum": 0.9, "no_cuda": false, "seed": 1, "log_interval": 10, "weight_decay": 0.0, "save_model": false}, "model": "recurrent_randcontext"}