{"trainingPerformance": [72.44166666666666, 91.225, 94.93333333333334, 98.14166666666667, 99.58333333333333, 99.94166666666666, 100.0, 100.0, 100.0, 100.0], "testPerformance": [88.66666666666667, 93.46666666666667, 97.0, 99.6, 100.0, 100.0, 100.0, 100.0, 100.0, 100.0], "args": {"modeltype": "aggregate", "batch_size_multi": [12], "lr_multi": [0.001], "batch_size": 12, "test_batch_size": 12, "epochs": 10, "lr": 0.001, "momentum": 0.9, "no_cuda": false, "seed": 1, "log_interval": 10, "weight_decay": 0.0, "save_model": false}, "model": "recurrent_withcontext"}