{"trainingPerformance": [79.94166666666666, 93.0, 97.11666666666666, 98.88333333333334, 99.79166666666667, 99.975, 100.0, 100.0, 100.0, 100.0], "testPerformance": [90.23333333333333, 95.96666666666667, 98.1, 99.36666666666666, 99.7, 100.0, 100.0, 100.0, 100.0, 100.0], "args": {"modeltype": "aggregate", "batch_size_multi": [12], "lr_multi": [0.001], "batch_size": 12, "test_batch_size": 12, "epochs": 10, "lr": 0.001, "momentum": 0.9, "no_cuda": false, "seed": 1, "log_interval": 10, "weight_decay": 0.0, "save_model": false}, "model": "recurrent_withcontext"}