{"trainingPerformance": [32.161159003831415, 73.97270114942529, 74.11997126436782, 74.23611111111111, 74.31273946360153, 74.39295977011494, 74.51149425287356, 74.5713601532567, 74.62045019157088, 74.71503831417624, 74.78927203065135, 74.8419540229885, 74.91738505747126, 74.94971264367815, 75.01197318007662, 75.01676245210729, 75.09698275862068, 75.11973180076629, 75.11853448275862, 75.17480842911877, 75.22509578544062, 75.25862068965517, 75.28136973180077, 75.31728927203065, 75.37595785440612, 75.39990421455938, 75.415469348659, 75.43941570881226, 75.44899425287356, 75.47413793103448, 75.49808429118774], "testPerformance": [31.889367816091955, 100.0, 100.0, 99.99281609195403, 99.97844827586206, 99.95689655172414, 99.92097701149426, 99.88505747126437, 99.8419540229885, 99.80603448275862, 99.7485632183908, 99.61925287356321, 99.46120689655173, 99.38218390804597, 99.23132183908046, 99.11637931034483, 99.0014367816092, 98.87212643678161, 98.80028735632185, 98.67816091954023, 98.59913793103448, 98.54166666666667, 98.45545977011494, 98.35488505747126, 98.29022988505747, 98.2183908045977, 98.09626436781609, 98.03879310344827, 97.98132183908046, 97.92385057471265, 97.89511494252874], "args": {"network_style": "recurrent", "create_new_dataset": true, "include_fillers": true, "which_context": 0, "all_fullrange": false, "retain_hidden_state": true, "label_context": "true", "block_int_ttsplit": false, "retrain_decoder": true, "original_model_name": "models/RNN_trainedmodel_truecontextlabel_numrangeblocked_retainstate_n0.0_bs1_lr0.0001_ep10_r200_h200_bpl120_trlf0.0_id6196.pth", "modeltype": "aggregate", "train_lesion_freq": 1.0, "batch_size_multi": [1], "lr_multi": [0.001], "batch_size": 1, "test_batch_size": 1, "epochs": 30, "lr": 0.0001, "momentum": 0.9, "no_cuda": false, "seed": 1, "log_interval": 10, "weight_decay": 0.0, "save_model": false, "recurrent_size": 200, "hidden_size": 200, "BPTT_len": 120, "noise_std": 0.0, "model_id": "6196"}}