{"trainingPerformance": [55.33524904214559, 72.89870689655173, 86.95402298850574, 98.66379310344827, 99.62164750957854, 99.86949233716476, 99.93654214559388], "testPerformance": [55.33405172413793, 76.05962643678161, 98.08548850574712, 99.71982758620689, 99.92456896551724, 99.97126436781609, 99.98563218390805], "args": {"modeltype": "aggregate", "batch_size_multi": [1], "lr_multi": [5e-05], "batch_size": 1, "test_batch_size": 1, "epochs": 6, "lr": 5e-05, "momentum": 0.9, "no_cuda": false, "seed": 1, "log_interval": 10, "weight_decay": 0.0, "save_model": false, "recurrent_size": 200, "hidden_size": 200, "BPTT_len": 120}, "model": "recurrent_truecontext"}