{"trainingPerformance": [56.46072796934866, 67.00311302681992, 74.73659003831418, 84.01340996168582, 85.12092911877394, 84.9353448275862, 85.46934865900383, 85.85009578544062, 85.72318007662835, 85.66091954022988, 85.63338122605364], "testPerformance": [56.17816091954023, 74.75574712643679, 90.8117816091954, 98.47701149425288, 96.27873563218391, 98.62787356321839, 99.38218390804597, 98.75718390804597, 98.94396551724138, 99.46120689655173, 99.35344827586206], "args": {"network_style": "recurrent", "create_new_dataset": false, "include_fillers": true, "fileloc": "datasets/", "which_context": 0, "all_fullrange": false, "retain_hidden_state": true, "label_context": "true", "modeltype": "aggregate", "train_lesion_freq": 0.3, "batch_size_multi": [1], "lr_multi": [0.0001], "batch_size": 1, "test_batch_size": 1, "epochs": 10, "lr": 0.0001, "momentum": 0.9, "no_cuda": false, "seed": 1, "log_interval": 10, "weight_decay": 0.0, "save_model": false, "recurrent_size": 200, "hidden_size": 200, "BPTT_len": 120, "noise_std": 0.0, "model_id": 2396}}