{"trainingPerformance": [55.082614942528735, 72.18151340996168, 82.52993295019157, 93.36805555555556, 94.21336206896552, 94.6779214559387, 94.96408045977012], "testPerformance": [54.809626436781606, 75.75790229885058, 93.55244252873563, 96.9396551724138, 96.51221264367815, 98.47701149425288, 97.66163793103448], "args": {"network_style": "recurrent", "create_new_dataset": false, "include_fillers": true, "fileloc": "datasets/", "which_context": 0, "all_fullrange": false, "retain_hidden_state": true, "label_context": "true", "modeltype": "aggregate", "train_lesion_freq": 0.1, "batch_size_multi": [1], "lr_multi": [0.0001], "batch_size": 1, "test_batch_size": 1, "epochs": 6, "lr": 0.0001, "momentum": 0.9, "no_cuda": false, "seed": 1, "log_interval": 10, "weight_decay": 0.0, "save_model": false, "recurrent_size": 200, "hidden_size": 200, "BPTT_len": 120, "noise_std": 0.0}}