{"trainingPerformance": [74.09166666666667, 90.26666666666667, 96.26666666666667, 98.70833333333333, 99.76666666666667, 99.98333333333333, 100.0, 100.0, 100.0, 100.0], "testPerformance": [87.2, 93.06666666666666, 98.26666666666667, 99.56666666666666, 100.0, 100.0, 100.0, 100.0, 100.0, 100.0], "args": {"modeltype": "aggregate", "batch_size_multi": [12], "lr_multi": [0.001], "batch_size": 12, "test_batch_size": 12, "epochs": 10, "lr": 0.001, "momentum": 0.9, "no_cuda": false, "seed": 1, "log_interval": 10, "weight_decay": 0.0, "save_model": false}, "model": "recurrent_withcontext"}