{"trainingPerformance": [44.11666666666667, 74.98333333333333, 91.725, 95.65833333333333, 98.85, 99.85833333333333, 99.99166666666666, 100.0, 100.0, 100.0, 100.0], "testPerformance": [43.766666666666666, 88.93333333333334, 94.83333333333333, 97.43333333333334, 99.66666666666667, 99.83333333333333, 100.0, 100.0, 100.0, 100.0, 100.0], "args": {"modeltype": "aggregate", "batch_size_multi": [12], "lr_multi": [0.001], "batch_size": 12, "test_batch_size": 12, "epochs": 10, "lr": 0.001, "momentum": 0.9, "no_cuda": false, "seed": 1, "log_interval": 10, "weight_decay": 0.0, "save_model": false, "recurrent_size": 33, "hidden_size": 60}, "model": "recurrent_truecontext"}