{"trainingPerformance": [46.787595785440615, 66.14463601532567, 70.96743295019157, 83.82423371647509, 84.96767241379311, 85.17121647509579, 85.4897030651341, 85.70761494252874, 85.48850574712644, 85.81297892720306, 85.80699233716476], "testPerformance": [45.991379310344826, 75.20114942528735, 91.00574712643679, 97.44252873563218, 98.35488505747126, 97.42097701149426, 99.22413793103448, 96.30028735632185, 98.98706896551724, 97.9382183908046, 97.91666666666667], "args": {"network_style": "recurrent", "create_new_dataset": true, "include_fillers": true, "fileloc": "datasets/", "which_context": 0, "all_fullrange": false, "retain_hidden_state": true, "label_context": "true", "modeltype": "aggregate", "train_lesion_freq": 0.3, "batch_size_multi": [1], "lr_multi": [0.0001], "batch_size": 1, "test_batch_size": 1, "epochs": 10, "lr": 0.0001, "momentum": 0.9, "no_cuda": false, "seed": 1, "log_interval": 10, "weight_decay": 0.0, "save_model": false, "recurrent_size": 200, "hidden_size": 200, "BPTT_len": 120, "noise_std": 0.0, "model_id": 452}}