{"trainingPerformance": [50.070641762452105, 73.24473180076629, 92.51197318007662, 94.23611111111111, 94.74616858237547, 95.1257183908046, 94.98084291187739, 95.03352490421456, 95.25622605363985, 95.00718390804597, 94.99401340996168], "testPerformance": [49.69109195402299, 82.41379310344827, 98.95114942528735, 99.30316091954023, 99.88505747126437, 99.92097701149426, 99.99281609195403, 99.96408045977012, 99.96408045977012, 99.95689655172414, 99.9066091954023], "args": {"network_style": "recurrent", "create_new_dataset": true, "include_fillers": true, "fileloc": "datasets/", "which_context": 0, "all_fullrange": true, "retain_hidden_state": true, "label_context": "constant", "modeltype": "aggregate", "train_lesion_freq": 0.1, "batch_size_multi": [1], "lr_multi": [0.0001], "batch_size": 1, "test_batch_size": 1, "epochs": 10, "lr": 0.0001, "momentum": 0.9, "no_cuda": false, "seed": 1, "log_interval": 10, "weight_decay": 0.0, "recurrent_size": 200, "hidden_size": 200, "BPTT_len": 120, "noise_std": 0.0, "model_id": 3037}}