{"trainingPerformance": [68.30833333333334, 88.93333333333334, 95.58333333333333, 98.64166666666667, 99.55833333333334, 99.89166666666667, 99.98333333333333, 100.0, 100.0, 100.0], "testPerformance": [80.8, 90.8, 96.46666666666667, 97.76666666666667, 99.7, 100.0, 100.0, 100.0, 100.0, 100.0], "args": {"modeltype": "aggregate", "batch_size_multi": [12], "lr_multi": [0.001], "batch_size": 12, "test_batch_size": 12, "epochs": 10, "lr": 0.001, "momentum": 0.9, "no_cuda": false, "seed": 1, "log_interval": 10, "weight_decay": 0.0, "save_model": false}, "model": "recurrent_nocontext"}