{"trainingPerformance": [50.85, 71.76666666666667, 90.70833333333333, 97.40833333333333, 99.66666666666667, 99.94166666666666, 100.0, 100.0, 100.0, 100.0, 100.0], "testPerformance": [52.03333333333333, 85.16666666666667, 95.9, 99.46666666666667, 100.0, 100.0, 100.0, 100.0, 100.0, 100.0, 100.0], "args": {"modeltype": "aggregate", "batch_size_multi": [12], "lr_multi": [0.001], "batch_size": 12, "test_batch_size": 12, "epochs": 10, "lr": 0.001, "momentum": 0.9, "no_cuda": false, "seed": 1, "log_interval": 10, "weight_decay": 0.0, "save_model": false, "recurrent_size": 33, "hidden_size": 60}, "model": "recurrent_constantcontext"}