{"trainingPerformance": [71.29166666666667, 89.33333333333333, 95.48333333333333, 98.31666666666666, 99.45, 99.86666666666666, 99.98333333333333, 100.0, 100.0, 100.0], "testPerformance": [85.46666666666667, 89.96666666666667, 95.06666666666666, 98.2, 99.66666666666667, 100.0, 100.0, 100.0, 100.0, 100.0], "args": {"modeltype": "aggregate", "batch_size_multi": [12], "lr_multi": [0.001], "batch_size": 12, "test_batch_size": 12, "epochs": 10, "lr": 0.001, "momentum": 0.9, "no_cuda": false, "seed": 1, "log_interval": 10, "weight_decay": 0.0, "save_model": false}, "model": "recurrent_nocontext"}