{"trainingPerformance": [99.99161877394636, 79.29358237547893, 79.42887931034483, 79.37978927203065, 79.4264846743295, 79.25407088122606, 79.33788314176245, 79.42049808429118, 79.2301245210728, 79.54501915708812, 79.53663793103448, 79.5234674329502, 79.61685823754789, 79.481561302682, 79.56297892720306, 79.46479885057471, 79.45641762452107, 79.61206896551724, 79.87068965517241, 79.28400383141762, 79.62404214559388], "testPerformance": [99.98563218390805, 99.84913793103448, 99.98563218390805, 99.99281609195403, 100.0, 100.0, 100.0, 99.99281609195403, 99.99281609195403, 99.98563218390805, 99.98563218390805, 99.98563218390805, 99.98563218390805, 99.98563218390805, 99.97844827586206, 99.97126436781609, 99.96408045977012, 99.95689655172414, 99.96408045977012, 99.94252873563218, 99.9353448275862], "args": {"network_style": "recurrent", "create_new_dataset": true, "include_fillers": true, "which_context": 0, "all_fullrange": true, "retain_hidden_state": true, "label_context": "true", "block_int_ttsplit": false, "retrain_decoder": true, "original_model_name": "models/RNN_trainedmodel_truecontextlabel_numrangeintermingled_retainstate_n0.0_bs1_lr0.0001_ep10_r200_h200_bpl120_trlf0.0_id3865.pth", "modeltype": "aggregate", "train_lesion_freq": 0.4, "batch_size_multi": [1], "lr_multi": [0.005], "batch_size": 1, "test_batch_size": 1, "epochs": 20, "lr": 0.0001, "momentum": 0.9, "no_cuda": false, "seed": 1, "log_interval": 10, "weight_decay": 0.0, "save_model": false, "recurrent_size": 200, "hidden_size": 200, "BPTT_len": 120, "noise_std": 0.0, "model_id": "3865"}}