{"trainingPerformance": [52.06666666666667, 91.0, 97.7, 98.90833333333333, 99.74166666666666, 99.9], "testPerformance": [52.666666666666664, 91.5, 98.26666666666667, 99.63333333333334, 99.7, 99.73333333333333], "args": {"modeltype": "aggregate", "batch_size_multi": [1], "lr_multi": [0.001], "batch_size": 1, "test_batch_size": 1, "epochs": 5, "lr": 0.001, "momentum": 0.9, "no_cuda": false, "seed": 1, "log_interval": 10, "weight_decay": 0.0, "save_model": false}, "model": "recurrent_nocontext"}