{"trainingPerformance": [49.97126436781609, 73.45306513409962, 94.19540229885058, 99.54022988505747, 99.8515325670498, 99.93654214559388, 99.97844827586206, 99.99521072796935, 99.99880268199233, 100.0, 100.0], "testPerformance": [50.28735632183908, 71.04166666666667, 99.14511494252874, 99.79166666666667, 99.95689655172414, 99.99281609195403, 100.0, 100.0, 100.0, 100.0, 100.0], "args": {"network_style": "recurrent", "create_new_dataset": true, "include_fillers": true, "fileloc": "datasets/", "which_context": 0, "all_fullrange": false, "retain_hidden_state": true, "label_context": "constant", "modeltype": "aggregate", "train_lesion_freq": 0.0, "batch_size_multi": [1], "lr_multi": [0.0001], "batch_size": 1, "test_batch_size": 1, "epochs": 10, "lr": 0.0001, "momentum": 0.9, "no_cuda": false, "seed": 1, "log_interval": 10, "weight_decay": 0.0, "recurrent_size": 200, "hidden_size": 200, "BPTT_len": 120, "noise_std": 0.0, "model_id": 2455}}