{"trainingPerformance": [49.99161877394636, 73.9978448275862, 90.4609674329502, 99.43247126436782, 99.85751915708812, 99.94731800766283, 99.98682950191571, 99.99401340996168, 100.0, 99.99880268199233, 99.99880268199233], "testPerformance": [50.51724137931034, 76.77442528735632, 98.18247126436782, 99.47557471264368, 99.87787356321839, 99.98563218390805, 99.99281609195403, 99.99281609195403, 100.0, 100.0, 100.0], "args": {"network_style": "recurrent", "create_new_dataset": true, "include_fillers": true, "fileloc": "datasets/", "which_context": 0, "all_fullrange": false, "retain_hidden_state": true, "label_context": "true", "modeltype": "aggregate", "train_lesion_freq": 0.0, "batch_size_multi": [1], "lr_multi": [0.0001], "batch_size": 1, "test_batch_size": 1, "epochs": 10, "lr": 0.0001, "momentum": 0.9, "no_cuda": false, "seed": 1, "log_interval": 10, "weight_decay": 0.0, "recurrent_size": 200, "hidden_size": 200, "BPTT_len": 120, "noise_std": 0.0, "model_id": 6196}}