{"trainingPerformance": [50.102969348659, 76.12308429118774, 97.97174329501915, 99.63122605363985, 99.87667624521073, 99.94971264367815, 99.97246168582376, 99.98563218390805, 99.99760536398468, 100.0, 100.0], "testPerformance": [49.92816091954023, 95.23706896551724, 99.75574712643679, 99.8132183908046, 99.94971264367815, 99.94971264367815, 99.97126436781609, 100.0, 100.0, 100.0, 100.0], "args": {"network_style": "recurrent", "create_new_dataset": true, "include_fillers": true, "fileloc": "datasets/", "which_context": 0, "all_fullrange": true, "retain_hidden_state": true, "label_context": "true", "modeltype": "aggregate", "train_lesion_freq": 0.0, "batch_size_multi": [1], "lr_multi": [0.0001], "batch_size": 1, "test_batch_size": 1, "epochs": 10, "lr": 0.0001, "momentum": 0.9, "no_cuda": false, "seed": 1, "log_interval": 10, "weight_decay": 0.0, "recurrent_size": 200, "hidden_size": 200, "BPTT_len": 120, "noise_std": 0.0, "model_id": 585}}