{"trainingPerformance": [50.149664750957854, 73.82303639846744, 89.72581417624521, 99.44204980842912, 99.84913793103448, 99.95569923371647, 99.97844827586206, 99.996408045977, 100.0, 100.0, 100.0], "testPerformance": [50.452586206896555, 70.69683908045977, 97.67241379310344, 99.24568965517241, 99.70545977011494, 99.99281609195403, 100.0, 100.0, 100.0, 100.0, 100.0], "args": {"network_style": "recurrent", "create_new_dataset": true, "include_fillers": true, "fileloc": "datasets/", "which_context": 0, "all_fullrange": false, "retain_hidden_state": true, "label_context": "constant", "modeltype": "aggregate", "train_lesion_freq": 0.0, "batch_size_multi": [1], "lr_multi": [0.0001], "batch_size": 1, "test_batch_size": 1, "epochs": 10, "lr": 0.0001, "momentum": 0.9, "no_cuda": false, "seed": 1, "log_interval": 10, "weight_decay": 0.0, "recurrent_size": 200, "hidden_size": 200, "BPTT_len": 120, "noise_std": 0.0, "model_id": 9504}}