{"trainingPerformance": [49.93654214559387, 63.25191570881226, 65.81657088122606, 74.65876436781609, 79.8647030651341, 80.11853448275862, 80.4250478927203, 80.66451149425288, 80.79022988505747, 80.9470785440613, 80.81058429118774], "testPerformance": [49.80603448275862, 75.10057471264368, 77.48563218390805, 96.83189655172414, 98.80747126436782, 98.82183908045977, 99.17385057471265, 97.89511494252874, 98.71408045977012, 99.23850574712644, 99.73419540229885], "args": {"network_style": "recurrent", "create_new_dataset": true, "include_fillers": true, "fileloc": "datasets/", "which_context": 0, "all_fullrange": false, "retain_hidden_state": true, "label_context": "true", "modeltype": "aggregate", "train_lesion_freq": 0.4, "batch_size_multi": [1], "lr_multi": [0.0001], "batch_size": 1, "test_batch_size": 1, "epochs": 10, "lr": 0.0001, "momentum": 0.9, "no_cuda": false, "seed": 1, "log_interval": 10, "weight_decay": 0.0, "save_model": false, "recurrent_size": 200, "hidden_size": 200, "BPTT_len": 120, "noise_std": 0.0, "model_id": 6758}}