{"trainingPerformance": [47.083333333333336, 71.55, 92.29166666666667, 95.26666666666667, 98.125, 99.64166666666667, 99.925, 99.99166666666666, 100.0], "testPerformance": [46.86666666666667, 86.63333333333334, 93.13333333333334, 96.23333333333333, 98.93333333333334, 99.9, 100.0, 100.0, 100.0], "args": {"modeltype": "aggregate", "batch_size_multi": [12], "lr_multi": [0.001], "batch_size": 12, "test_batch_size": 12, "epochs": 8, "lr": 0.001, "momentum": 0.9, "no_cuda": false, "seed": 1, "log_interval": 10, "weight_decay": 0.0, "save_model": false}, "model": "recurrent_truecontext"}