{"trainingPerformance": [42.97892720306513, 73.84937739463602, 74.07686781609195, 74.16427203065135, 74.25047892720306, 74.35823754789271, 74.47437739463602, 74.52227011494253, 74.60727969348659, 74.65517241379311, 74.73060344827586], "testPerformance": [43.09626436781609, 99.95689655172414, 99.9353448275862, 99.88505747126437, 99.8132183908046, 99.7485632183908, 99.60488505747126, 99.48275862068965, 99.39655172413794, 99.26724137931035, 99.20977011494253], "args": {"network_style": "recurrent", "create_new_dataset": true, "include_fillers": true, "which_context": 0, "all_fullrange": false, "retain_hidden_state": true, "label_context": "true", "block_int_ttsplit": false, "retrain_decoder": true, "original_model_name": "models/RNN_trainedmodel_truecontextlabel_numrangeblocked_retainstate_n0.0_bs1_lr0.0001_ep10_r200_h200_bpl120_trlf0.0_id2289.pth", "modeltype": "aggregate", "train_lesion_freq": 1.0, "batch_size_multi": [1], "lr_multi": [0.001], "batch_size": 1, "test_batch_size": 1, "epochs": 10, "lr": 0.0001, "momentum": 0.9, "no_cuda": false, "seed": 1, "log_interval": 10, "weight_decay": 0.0, "save_model": false, "recurrent_size": 200, "hidden_size": 200, "BPTT_len": 120, "noise_std": 0.0, "model_id": "2289"}}