{"trainingPerformance": [74.26666666666667, 91.325, 95.99166666666666, 98.8, 99.75833333333334, 99.95833333333333, 99.975, 99.99166666666666, 100.0, 100.0], "testPerformance": [88.36666666666666, 92.33333333333333, 96.1, 98.63333333333334, 99.4, 99.66666666666667, 100.0, 100.0, 100.0, 100.0], "args": {"modeltype": "aggregate", "batch_size_multi": [12], "lr_multi": [0.001], "batch_size": 12, "test_batch_size": 12, "epochs": 10, "lr": 0.001, "momentum": 0.9, "no_cuda": false, "seed": 1, "log_interval": 10, "weight_decay": 0.0, "save_model": false}, "model": "recurrent_nocontext"}