{"trainingPerformance": [49.950909961685824, 74.55340038314176, 97.30842911877394, 99.51388888888889, 99.85392720306514, 99.95450191570882, 99.99161877394636, 99.99521072796935, 99.99880268199233, 100.0, 100.0], "testPerformance": [49.798850574712645, 81.30028735632185, 99.35344827586206, 99.84913793103448, 100.0, 100.0, 100.0, 100.0, 100.0, 100.0, 100.0], "args": {"network_style": "recurrent", "create_new_dataset": false, "include_fillers": true, "fileloc": "datasets/", "which_context": 0, "all_fullrange": false, "retain_hidden_state": true, "label_context": "constant", "modeltype": "aggregate", "train_lesion_freq": 0.0, "batch_size_multi": [1], "lr_multi": [0.0001], "batch_size": 1, "test_batch_size": 1, "epochs": 10, "lr": 0.0001, "momentum": 0.9, "no_cuda": false, "seed": 1, "log_interval": 10, "weight_decay": 0.0, "recurrent_size": 200, "hidden_size": 200, "BPTT_len": 120, "noise_std": 0.0, "model_id": 9023}}