{"trainingPerformance": [49.57854406130268, 74.30316091954023, 74.35823754789271, 74.41091954022988, 74.4875478927203, 74.54501915708812, 74.6036877394636, 74.66235632183908, 74.73180076628353, 74.74616858237547, 74.76532567049809, 74.80244252873563, 74.85272988505747, 74.86829501915709, 74.92217432950191, 74.96168582375479, 75.0, 75.01795977011494, 75.02394636015326, 75.02753831417624, 75.0610632183908, 75.09818007662835, 75.11135057471265, 75.13170498084291, 75.14727011494253, 75.19396551724138, 75.2191091954023, 75.20114942528735, 75.21072796934865, 75.20234674329502, 75.23587164750958], "testPerformance": [49.85632183908046, 100.0, 100.0, 100.0, 100.0, 99.98563218390805, 99.97844827586206, 99.97126436781609, 99.96408045977012, 99.96408045977012, 99.96408045977012, 99.94252873563218, 99.92097701149426, 99.89224137931035, 99.87068965517241, 99.82758620689656, 99.78448275862068, 99.71982758620689, 99.65517241379311, 99.60488505747126, 99.57614942528735, 99.5330459770115, 99.51149425287356, 99.48994252873563, 99.4683908045977, 99.46120689655173, 99.41091954022988, 99.40373563218391, 99.38218390804597, 99.35344827586206, 99.33189655172414], "args": {"network_style": "recurrent", "create_new_dataset": true, "include_fillers": true, "which_context": 0, "all_fullrange": true, "retain_hidden_state": true, "label_context": "true", "block_int_ttsplit": false, "retrain_decoder": true, "original_model_name": "models/RNN_trainedmodel_truecontextlabel_numrangeintermingled_retainstate_n0.0_bs1_lr0.0001_ep10_r200_h200_bpl120_trlf0.0_id5219.pth", "modeltype": "aggregate", "train_lesion_freq": 1.0, "batch_size_multi": [1], "lr_multi": [0.001], "batch_size": 1, "test_batch_size": 1, "epochs": 30, "lr": 0.0001, "momentum": 0.9, "no_cuda": false, "seed": 1, "log_interval": 10, "weight_decay": 0.0, "save_model": false, "recurrent_size": 200, "hidden_size": 200, "BPTT_len": 120, "noise_std": 0.0, "model_id": "5219"}}