{"trainingPerformance": [50.06824712643678, 73.94396551724138, 74.14870689655173, 74.29358237547893, 74.35823754789271, 74.45402298850574, 74.53783524904215, 74.60847701149426, 74.66954022988506, 74.71503831417624, 74.76652298850574, 74.794061302682, 74.81441570881226, 74.85871647509579, 74.9066091954023, 74.97365900383141, 75.03113026819923, 75.04669540229885, 75.09818007662835, 75.17840038314176, 75.23347701149426, 75.26819923371647, 75.29813218390805, 75.31728927203065, 75.31728927203065, 75.33764367816092, 75.36278735632185, 75.33764367816092, 75.33165708812261, 75.3639846743295, 75.37476053639847], "testPerformance": [50.33764367816092, 99.92816091954023, 99.80603448275862, 99.57614942528735, 99.4396551724138, 99.26724137931035, 99.15229885057471, 99.03017241379311, 98.94396551724138, 98.89367816091954, 98.85775862068965, 98.76436781609195, 98.6853448275862, 98.58477011494253, 98.52011494252874, 98.50574712643679, 98.44827586206897, 98.34051724137932, 98.26867816091954, 98.23275862068965, 98.17528735632185, 98.08908045977012, 97.9382183908046, 97.816091954023, 97.73706896551724, 97.6867816091954, 97.62212643678161, 97.54310344827586, 97.49281609195403, 97.44252873563218, 97.42816091954023], "args": {"network_style": "recurrent", "create_new_dataset": true, "include_fillers": true, "which_context": 0, "all_fullrange": false, "retain_hidden_state": true, "label_context": "true", "block_int_ttsplit": false, "retrain_decoder": true, "original_model_name": "models/RNN_trainedmodel_truecontextlabel_numrangeblocked_retainstate_n0.0_bs1_lr0.0001_ep10_r200_h200_bpl120_trlf0.0_id2289.pth", "modeltype": "aggregate", "train_lesion_freq": 1.0, "batch_size_multi": [1], "lr_multi": [0.001], "batch_size": 1, "test_batch_size": 1, "epochs": 30, "lr": 0.0001, "momentum": 0.9, "no_cuda": false, "seed": 1, "log_interval": 10, "weight_decay": 0.0, "save_model": false, "recurrent_size": 200, "hidden_size": 200, "BPTT_len": 120, "noise_std": 0.0, "model_id": "2289"}}