{"trainingPerformance": [49.85751915708812, 72.61733716475096, 77.0713601532567, 93.99305555555556, 99.29238505747126, 99.75694444444444, 99.893438697318], "testPerformance": [50.07543103448276, 75.31968390804597, 78.92959770114942, 97.26293103448276, 99.67313218390805, 99.51508620689656, 99.56537356321839], "args": {"modeltype": "aggregate", "batch_size_multi": [1], "lr_multi": [5e-05], "batch_size": 1, "test_batch_size": 1, "epochs": 6, "lr": 5e-05, "momentum": 0.9, "no_cuda": false, "seed": 1, "log_interval": 10, "weight_decay": 0.0, "save_model": false, "recurrent_size": 200, "hidden_size": 200, "BPTT_len": 120}, "model": "recurrent_truecontext"}