{"trainingPerformance": [52.075, 76.6, 93.55, 97.48333333333333, 99.65, 99.975, 100.0, 100.0, 100.0, 100.0, 100.0], "testPerformance": [52.06666666666667, 91.23333333333333, 95.16666666666667, 99.53333333333333, 100.0, 100.0, 100.0, 100.0, 100.0, 100.0, 100.0], "args": {"modeltype": "aggregate", "batch_size_multi": [12], "lr_multi": [0.001], "batch_size": 12, "test_batch_size": 12, "epochs": 10, "lr": 0.001, "momentum": 0.9, "no_cuda": false, "seed": 1, "log_interval": 10, "weight_decay": 0.0, "save_model": false, "recurrent_size": 33, "hidden_size": 60}, "model": "recurrent_constantcontext"}