{"trainingPerformance": [4.373802681992337, 73.99185823754789, 74.18582375478927, 74.25047892720306, 74.28759578544062, 74.41091954022988, 74.53783524904215, 74.63002873563218, 74.74497126436782, 74.77370689655173, 74.78208812260536], "testPerformance": [4.418103448275862, 100.0, 100.0, 100.0, 100.0, 100.0, 99.91379310344827, 99.74137931034483, 99.49712643678161, 99.33908045977012, 99.00862068965517], "args": {"network_style": "recurrent", "create_new_dataset": true, "include_fillers": true, "which_context": 0, "all_fullrange": false, "retain_hidden_state": true, "label_context": "true", "block_int_ttsplit": false, "retrain_decoder": true, "original_model_name": "models/RNN_trainedmodel_truecontextlabel_numrangeblocked_retainstate_n0.0_bs1_lr0.0001_ep10_r200_h200_bpl120_trlf0.0_id2498.pth", "modeltype": "aggregate", "train_lesion_freq": 1.0, "batch_size_multi": [1], "lr_multi": [0.001], "batch_size": 1, "test_batch_size": 1, "epochs": 10, "lr": 0.0001, "momentum": 0.9, "no_cuda": false, "seed": 1, "log_interval": 10, "weight_decay": 0.0, "save_model": false, "recurrent_size": 200, "hidden_size": 200, "BPTT_len": 120, "noise_std": 0.0, "model_id": "2498"}}