{"trainingPerformance": [49.92456896551724, 73.86374521072797, 93.05914750957854, 94.62164750957854, 95.23467432950191, 95.49209770114942, 95.53400383141762, 95.54477969348659, 95.63697318007662, 95.8117816091954, 95.73635057471265], "testPerformance": [50.014367816091955, 88.15373563218391, 98.21120689655173, 99.4396551724138, 99.60488505747126, 99.65517241379311, 99.92816091954023, 99.87068965517241, 99.80603448275862, 99.88505747126437, 99.79166666666667], "args": {"network_style": "recurrent", "create_new_dataset": true, "include_fillers": true, "fileloc": "datasets/", "which_context": 0, "all_fullrange": true, "retain_hidden_state": true, "label_context": "true", "modeltype": "aggregate", "train_lesion_freq": 0.1, "batch_size_multi": [1], "lr_multi": [0.0001], "batch_size": 1, "test_batch_size": 1, "epochs": 10, "lr": 0.0001, "momentum": 0.9, "no_cuda": false, "seed": 1, "log_interval": 10, "weight_decay": 0.0, "recurrent_size": 200, "hidden_size": 200, "BPTT_len": 120, "noise_std": 0.0, "model_id": 6769}}