{"trainingPerformance": [99.99760536398468, 79.55818965517241, 79.07926245210729, 79.27562260536398, 79.30435823754789, 79.30555555555556, 79.43726053639847, 79.40732758620689, 79.54501915708812, 79.26724137931035, 79.378591954023, 79.47198275862068, 79.37260536398468, 79.51867816091954, 79.580938697318, 79.37021072796935, 79.4264846743295, 79.34746168582376, 79.41331417624521, 79.6455938697318, 79.4169061302682], "testPerformance": [99.99281609195403, 99.20977011494253, 99.91379310344827, 99.98563218390805, 99.99281609195403, 99.99281609195403, 99.99281609195403, 99.99281609195403, 99.99281609195403, 99.99281609195403, 99.99281609195403, 99.99281609195403, 99.99281609195403, 99.99281609195403, 99.99281609195403, 99.98563218390805, 99.98563218390805, 99.98563218390805, 99.98563218390805, 99.98563218390805, 99.98563218390805], "args": {"network_style": "recurrent", "create_new_dataset": true, "include_fillers": true, "which_context": 0, "all_fullrange": true, "retain_hidden_state": true, "label_context": "true", "block_int_ttsplit": false, "retrain_decoder": true, "original_model_name": "models/RNN_trainedmodel_truecontextlabel_numrangeintermingled_retainstate_n0.0_bs1_lr0.0001_ep10_r200_h200_bpl120_trlf0.0_id1347.pth", "modeltype": "aggregate", "train_lesion_freq": 0.4, "batch_size_multi": [1], "lr_multi": [0.005], "batch_size": 1, "test_batch_size": 1, "epochs": 20, "lr": 0.0001, "momentum": 0.9, "no_cuda": false, "seed": 1, "log_interval": 10, "weight_decay": 0.0, "save_model": false, "recurrent_size": 200, "hidden_size": 200, "BPTT_len": 120, "noise_std": 0.0, "model_id": "1347"}}