{"trainingPerformance": [45.75670498084291, 72.15038314176245, 77.01628352490421, 91.39367816091954, 98.92121647509579, 99.71982758620689], "testPerformance": [45.82255747126437, 75.45617816091954, 79.4360632183908, 91.16379310344827, 98.00646551724138, 99.10560344827586], "args": {"modeltype": "aggregate", "batch_size_multi": [1], "lr_multi": [5e-05], "batch_size": 1, "test_batch_size": 1, "epochs": 5, "lr": 5e-05, "momentum": 0.9, "no_cuda": false, "seed": 1, "log_interval": 10, "weight_decay": 0.0, "save_model": false, "recurrent_size": 200, "hidden_size": 200, "BPTT_len": 120}, "model": "recurrent_truecontext"}