{"trainingPerformance": [92.59219348659003, 74.08884099616859, 74.09841954022988, 74.10560344827586, 74.12116858237547, 74.169061302682, 74.18342911877394, 74.18941570881226, 74.18941570881226, 74.21575670498085, 74.24808429118774, 74.26963601532567, 74.2816091954023, 74.27681992337165, 74.30316091954023, 74.33429118773947, 74.37021072796935, 74.40134099616859, 74.4228927203065, 74.43366858237547, 74.43366858237547, 74.44923371647509, 74.44444444444444, 74.4264846743295, 74.45043103448276, 74.47557471264368, 74.49473180076629, 74.50790229885058, 74.51867816091954, 74.54142720306514, 74.55699233716476], "testPerformance": [92.15517241379311, 99.99281609195403, 99.99281609195403, 99.99281609195403, 99.99281609195403, 99.99281609195403, 99.99281609195403, 99.99281609195403, 99.99281609195403, 99.99281609195403, 99.97844827586206, 99.97126436781609, 99.96408045977012, 99.94971264367815, 99.88505747126437, 99.84913793103448, 99.79166666666667, 99.75574712643679, 99.72701149425288, 99.683908045977, 99.64080459770115, 99.61206896551724, 99.57614942528735, 99.54022988505747, 99.49712643678161, 99.47557471264368, 99.40373563218391, 99.33189655172414, 99.27442528735632, 99.20977011494253, 99.16666666666667], "args": {"network_style": "recurrent", "create_new_dataset": true, "include_fillers": true, "which_context": 0, "all_fullrange": true, "retain_hidden_state": true, "label_context": "true", "block_int_ttsplit": false, "retrain_decoder": true, "original_model_name": "models/RNN_trainedmodel_truecontextlabel_numrangeintermingled_retainstate_n0.0_bs1_lr0.0001_ep10_r200_h200_bpl120_trlf0.0_id3713.pth", "modeltype": "aggregate", "train_lesion_freq": 1.0, "batch_size_multi": [1], "lr_multi": [0.001], "batch_size": 1, "test_batch_size": 1, "epochs": 30, "lr": 0.0001, "momentum": 0.9, "no_cuda": false, "seed": 1, "log_interval": 10, "weight_decay": 0.0, "save_model": false, "recurrent_size": 200, "hidden_size": 200, "BPTT_len": 120, "noise_std": 0.0, "model_id": "3713"}}