{"trainingPerformance": [71.725, 93.63333333333334, 97.15833333333333, 98.85833333333333, 99.90833333333333, 100.0, 100.0, 100.0, 100.0, 100.0], "testPerformance": [87.43333333333334, 96.26666666666667, 97.1, 99.7, 100.0, 100.0, 100.0, 100.0, 100.0, 100.0], "args": {"modeltype": "aggregate", "batch_size_multi": [12], "lr_multi": [0.001], "batch_size": 12, "test_batch_size": 12, "epochs": 10, "lr": 0.001, "momentum": 0.9, "no_cuda": false, "seed": 1, "log_interval": 10, "weight_decay": 0.0, "save_model": false}, "model": "recurrent_withcontext"}