{"trainingPerformance": [54.990421455938694, 73.78711685823755, 91.94923371647509, 94.46360153256705, 94.72461685823755, 95.1352969348659, 94.95330459770115, 95.2514367816092, 95.16044061302682, 94.99281609195403, 94.96168582375479], "testPerformance": [54.418103448275865, 80.92672413793103, 98.96551724137932, 99.9353448275862, 99.89224137931035, 99.97126436781609, 99.91379310344827, 99.91379310344827, 99.99281609195403, 100.0, 99.98563218390805], "args": {"network_style": "recurrent", "create_new_dataset": true, "include_fillers": true, "fileloc": "datasets/", "which_context": 0, "all_fullrange": true, "retain_hidden_state": true, "label_context": "constant", "modeltype": "aggregate", "train_lesion_freq": 0.1, "batch_size_multi": [1], "lr_multi": [0.0001], "batch_size": 1, "test_batch_size": 1, "epochs": 10, "lr": 0.0001, "momentum": 0.9, "no_cuda": false, "seed": 1, "log_interval": 10, "weight_decay": 0.0, "recurrent_size": 200, "hidden_size": 200, "BPTT_len": 120, "noise_std": 0.0, "model_id": 5415}}