{"trainingPerformance": [50.102969348659, 73.94516283524904, 94.35584291187739, 99.49952107279694, 99.87547892720306, 99.94372605363985, 99.98084291187739, 99.996408045977, 99.99760536398468, 99.99880268199233, 100.0], "testPerformance": [49.72701149425287, 70.07183908045977, 99.0014367816092, 99.40373563218391, 99.71264367816092, 99.98563218390805, 100.0, 100.0, 100.0, 100.0, 100.0], "args": {"network_style": "recurrent", "create_new_dataset": true, "include_fillers": true, "fileloc": "datasets/", "which_context": 0, "all_fullrange": false, "retain_hidden_state": true, "label_context": "constant", "modeltype": "aggregate", "train_lesion_freq": 0.0, "batch_size_multi": [1], "lr_multi": [0.0001], "batch_size": 1, "test_batch_size": 1, "epochs": 10, "lr": 0.0001, "momentum": 0.9, "no_cuda": false, "seed": 1, "log_interval": 10, "weight_decay": 0.0, "recurrent_size": 200, "hidden_size": 200, "BPTT_len": 120, "noise_std": 0.0, "model_id": 3107}}