{"trainingPerformance": [54.25, 72.05833333333334, 88.78333333333333, 95.20833333333333, 98.20833333333333, 99.63333333333334, 99.85, 99.90833333333333, 99.98333333333333], "testPerformance": [53.5, 84.3, 94.36666666666666, 96.43333333333334, 99.13333333333334, 99.9, 99.9, 100.0, 100.0], "args": {"modeltype": "aggregate", "batch_size_multi": [12], "lr_multi": [0.001], "batch_size": 12, "test_batch_size": 12, "epochs": 8, "lr": 0.001, "momentum": 0.9, "no_cuda": false, "seed": 1, "log_interval": 10, "weight_decay": 0.0, "save_model": false}, "model": "recurrent_truecontext"}