{"trainingPerformance": [50.19995210727969, 69.08405172413794, 80.1257183908046, 88.76436781609195, 89.5426245210728, 90.102969348659, 90.34722222222223, 90.29932950191571, 90.3963122605364, 90.38793103448276, 90.48251915708812], "testPerformance": [50.007183908045974, 76.19971264367815, 90.45977011494253, 94.75574712643679, 96.42241379310344, 97.11925287356321, 97.07614942528735, 98.09626436781609, 97.75862068965517, 97.61494252873563, 99.76293103448276], "args": {"network_style": "recurrent", "create_new_dataset": true, "include_fillers": true, "fileloc": "datasets/", "which_context": 0, "all_fullrange": false, "retain_hidden_state": true, "label_context": "true", "modeltype": "aggregate", "train_lesion_freq": 0.2, "batch_size_multi": [1], "lr_multi": [0.0001], "batch_size": 1, "test_batch_size": 1, "epochs": 10, "lr": 0.0001, "momentum": 0.9, "no_cuda": false, "seed": 1, "log_interval": 10, "weight_decay": 0.0, "save_model": false, "recurrent_size": 200, "hidden_size": 200, "BPTT_len": 120, "noise_std": 0.0, "model_id": 4685}}