{"trainingPerformance": [50.10536398467433, 74.06130268199233, 77.02227011494253, 93.69612068965517, 99.33069923371647, 99.73419540229885, 99.84794061302682], "testPerformance": [50.1257183908046, 76.78520114942529, 79.59051724137932, 98.63146551724138, 99.35344827586206, 99.77729885057471, 99.91738505747126], "args": {"modeltype": "aggregate", "batch_size_multi": [1], "lr_multi": [5e-05], "batch_size": 1, "test_batch_size": 1, "epochs": 6, "lr": 5e-05, "momentum": 0.9, "no_cuda": false, "seed": 1, "log_interval": 10, "weight_decay": 0.0, "save_model": false, "recurrent_size": 200, "hidden_size": 200, "BPTT_len": 120}, "model": "recurrent_truecontext"}