{"trainingPerformance": [50.06226053639847, 63.5727969348659, 65.68247126436782, 75.08500957854406, 79.7353927203065, 80.40948275862068, 80.55196360153256], "testPerformance": [50.02514367816092, 74.29956896551724, 76.36494252873563, 95.23706896551724, 96.4691091954023, 97.7514367816092, 96.558908045977], "args": {"network_style": "recurrent", "create_new_dataset": false, "include_fillers": true, "fileloc": "datasets/", "which_context": 0, "all_fullrange": false, "retain_hidden_state": true, "label_context": "true", "modeltype": "aggregate", "train_lesion_freq": 0.4, "batch_size_multi": [1], "lr_multi": [0.0001], "batch_size": 1, "test_batch_size": 1, "epochs": 6, "lr": 0.0001, "momentum": 0.9, "no_cuda": false, "seed": 1, "log_interval": 10, "weight_decay": 0.0, "save_model": false, "recurrent_size": 200, "hidden_size": 200, "BPTT_len": 120, "noise_std": 0.0}}