{"trainingPerformance": [50.08141762452107, 69.04693486590038, 82.41139846743295, 89.13194444444444, 89.66714559386973, 90.09458812260536, 90.47533524904215], "testPerformance": [50.035919540229884, 76.25718390804597, 93.89008620689656, 95.32686781609195, 97.05100574712644, 96.90373563218391, 98.77514367816092], "args": {"network_style": "recurrent", "create_new_dataset": false, "include_fillers": true, "fileloc": "datasets/", "which_context": 0, "all_fullrange": false, "retain_hidden_state": true, "label_context": "true", "modeltype": "aggregate", "train_lesion_freq": 0.2, "batch_size_multi": [1], "lr_multi": [0.0001], "batch_size": 1, "test_batch_size": 1, "epochs": 6, "lr": 0.0001, "momentum": 0.9, "no_cuda": false, "seed": 1, "log_interval": 10, "weight_decay": 0.0, "save_model": false, "recurrent_size": 200, "hidden_size": 200, "BPTT_len": 120, "noise_std": 0.0}}