{"trainingPerformance": [47.189894636015325, 73.76556513409962, 91.62236590038314, 99.28639846743295, 99.8455459770115, 99.96288314176245, 99.98922413793103, 99.99760536398468, 100.0, 100.0, 100.0], "testPerformance": [47.17672413793103, 70.38074712643679, 99.03017241379311, 99.64798850574712, 99.67672413793103, 99.92097701149426, 100.0, 100.0, 100.0, 100.0, 99.99281609195403], "args": {"network_style": "recurrent", "create_new_dataset": true, "include_fillers": true, "fileloc": "datasets/", "which_context": 0, "all_fullrange": false, "retain_hidden_state": true, "label_context": "constant", "modeltype": "aggregate", "train_lesion_freq": 0.0, "batch_size_multi": [1], "lr_multi": [0.0001], "batch_size": 1, "test_batch_size": 1, "epochs": 10, "lr": 0.0001, "momentum": 0.9, "no_cuda": false, "seed": 1, "log_interval": 10, "weight_decay": 0.0, "recurrent_size": 200, "hidden_size": 200, "BPTT_len": 120, "noise_std": 0.0, "model_id": 7737}}