{"trainingPerformance": [74.73333333333333, 94.23333333333333, 96.725, 98.95, 99.875, 99.95833333333333, 99.96666666666667, 100.0, 100.0, 100.0], "testPerformance": [91.7, 95.16666666666667, 97.53333333333333, 99.9, 99.9, 100.0, 100.0, 100.0, 100.0, 100.0], "args": {"modeltype": "aggregate", "batch_size_multi": [12], "lr_multi": [0.001], "batch_size": 12, "test_batch_size": 12, "epochs": 10, "lr": 0.001, "momentum": 0.9, "no_cuda": false, "seed": 1, "log_interval": 10, "weight_decay": 0.0, "save_model": false}, "model": "recurrent_withcontext"}