{"trainingPerformance": [50.06824712643678, 73.99904214559388, 74.12595785440612, 74.17385057471265, 74.20378352490421, 74.21815134099617, 74.19181034482759, 74.22413793103448, 74.24209770114942, 74.2205459770115, 74.20857279693486, 74.20498084291188, 74.21455938697318, 74.21455938697318, 74.21455938697318, 74.23132183908046, 74.21934865900383, 74.21455938697318, 74.2205459770115, 74.24449233716476, 74.2205459770115, 74.20977011494253, 74.18582375478927, 74.18582375478927, 74.16427203065135, 74.18223180076629, 74.20138888888889, 74.22174329501915, 74.23611111111111, 74.24449233716476, 74.24568965517241], "testPerformance": [50.33764367816092, 100.0, 100.0, 100.0, 99.99281609195403, 99.99281609195403, 99.97844827586206, 99.97126436781609, 99.95689655172414, 99.9353448275862, 99.91379310344827, 99.87787356321839, 99.84913793103448, 99.79166666666667, 99.72701149425288, 99.70545977011494, 99.683908045977, 99.61925287356321, 99.56896551724138, 99.50431034482759, 99.47557471264368, 99.375, 99.32471264367815, 99.30316091954023, 99.24568965517241, 99.20977011494253, 99.15229885057471, 99.13793103448276, 99.066091954023, 99.01580459770115, 98.97988505747126], "args": {"network_style": "recurrent", "create_new_dataset": true, "include_fillers": true, "which_context": 0, "all_fullrange": true, "retain_hidden_state": true, "label_context": "true", "block_int_ttsplit": false, "retrain_decoder": true, "original_model_name": "models/RNN_trainedmodel_truecontextlabel_numrangeintermingled_retainstate_n0.0_bs1_lr0.0001_ep10_r200_h200_bpl120_trlf0.0_id8594.pth", "modeltype": "aggregate", "train_lesion_freq": 1.0, "batch_size_multi": [1], "lr_multi": [0.001], "batch_size": 1, "test_batch_size": 1, "epochs": 30, "lr": 0.0001, "momentum": 0.9, "no_cuda": false, "seed": 1, "log_interval": 10, "weight_decay": 0.0, "save_model": false, "recurrent_size": 200, "hidden_size": 200, "BPTT_len": 120, "noise_std": 0.0, "model_id": "8594"}}