{"trainingPerformance": [52.733333333333334, 69.775, 89.33333333333333, 97.2, 99.21666666666667, 99.84166666666667, 99.9, 99.94166666666666, 99.98333333333333, 100.0, 100.0], "testPerformance": [52.0, 82.9, 95.13333333333334, 98.63333333333334, 99.93333333333334, 99.93333333333334, 100.0, 100.0, 100.0, 100.0, 100.0], "args": {"modeltype": "aggregate", "batch_size_multi": [12], "lr_multi": [0.001], "batch_size": 12, "test_batch_size": 12, "epochs": 10, "lr": 0.001, "momentum": 0.9, "no_cuda": false, "seed": 1, "log_interval": 10, "weight_decay": 0.0, "save_model": false, "recurrent_size": 33, "hidden_size": 60}, "model": "recurrent_randcontext"}