{"trainingPerformance": [49.888649425287355, 76.54573754789271, 98.28065134099617, 99.60608237547893, 99.8359674329502, 99.94971264367815, 99.98682950191571, 99.9904214559387, 99.99760536398468, 99.99760536398468, 99.99880268199233], "testPerformance": [50.632183908045974, 95.17959770114942, 99.691091954023, 99.99281609195403, 100.0, 99.98563218390805, 99.98563218390805, 100.0, 100.0, 100.0, 100.0], "args": {"network_style": "recurrent", "create_new_dataset": false, "include_fillers": true, "fileloc": "datasets/", "which_context": 0, "all_fullrange": true, "retain_hidden_state": true, "label_context": "constant", "modeltype": "aggregate", "train_lesion_freq": 0.0, "batch_size_multi": [1], "lr_multi": [0.0001], "batch_size": 1, "test_batch_size": 1, "epochs": 10, "lr": 0.0001, "momentum": 0.9, "no_cuda": false, "seed": 1, "log_interval": 10, "weight_decay": 0.0, "recurrent_size": 200, "hidden_size": 200, "BPTT_len": 120, "noise_std": 0.0, "model_id": 1256}}