{"trainingPerformance": [41.33620689655172, 79.44564176245211, 79.50909961685824, 79.54382183908046, 79.28639846743295, 79.61206896551724, 79.3654214559387, 79.60608237547893, 79.75933908045977, 79.5007183908046, 79.91259578544062, 79.96767241379311, 79.86350574712644, 79.92935823754789, 79.79885057471265, 79.95689655172414, 80.02394636015326, 80.10775862068965, 79.9904214559387, 80.20474137931035, 80.0478927203065], "testPerformance": [41.35057471264368, 100.0, 100.0, 100.0, 100.0, 99.99281609195403, 99.99281609195403, 99.99281609195403, 99.99281609195403, 99.97844827586206, 99.97844827586206, 99.95689655172414, 99.94971264367815, 99.9353448275862, 99.92816091954023, 99.85632183908046, 99.84913793103448, 99.83477011494253, 99.80603448275862, 99.71982758620689, 99.60488505747126], "args": {"network_style": "recurrent", "create_new_dataset": true, "include_fillers": true, "which_context": 0, "all_fullrange": false, "retain_hidden_state": true, "label_context": "true", "block_int_ttsplit": false, "retrain_decoder": true, "original_model_name": "models/RNN_trainedmodel_truecontextlabel_numrangeblocked_retainstate_n0.0_bs1_lr0.0001_ep10_r200_h200_bpl120_trlf0.0_id8120.pth", "modeltype": "aggregate", "train_lesion_freq": 0.4, "batch_size_multi": [1], "lr_multi": [0.001], "batch_size": 1, "test_batch_size": 1, "epochs": 20, "lr": 0.0001, "momentum": 0.9, "no_cuda": false, "seed": 1, "log_interval": 10, "weight_decay": 0.0, "save_model": false, "recurrent_size": 200, "hidden_size": 200, "BPTT_len": 120, "noise_std": 0.0, "model_id": "8120"}}