{"trainingPerformance": [4.003831417624521, 94.58213601532567, 94.68869731800767, 94.77849616858238, 94.68031609195403, 94.81441570881226, 94.71623563218391, 94.78448275862068, 94.82399425287356, 94.67313218390805, 94.92696360153256], "testPerformance": [4.209770114942529, 99.97126436781609, 99.98563218390805, 99.98563218390805, 99.98563218390805, 99.98563218390805, 99.98563218390805, 99.98563218390805, 99.98563218390805, 99.99281609195403, 99.99281609195403], "args": {"network_style": "recurrent", "create_new_dataset": true, "include_fillers": true, "which_context": 0, "all_fullrange": false, "retain_hidden_state": true, "label_context": "true", "block_int_ttsplit": false, "retrain_decoder": true, "original_model_name": "models/RNN_trainedmodel_truecontextlabel_numrangeblocked_retainstate_n0.0_bs1_lr0.0001_ep10_r200_h200_bpl120_trlf0.0_id1033.pth", "modeltype": "aggregate", "train_lesion_freq": 0.1, "batch_size_multi": [1], "lr_multi": [0.0001], "batch_size": 1, "test_batch_size": 1, "epochs": 10, "lr": 0.0001, "momentum": 0.9, "no_cuda": false, "seed": 1, "log_interval": 10, "weight_decay": 0.0, "save_model": false, "recurrent_size": 200, "hidden_size": 200, "BPTT_len": 120, "noise_std": 0.0, "model_id": "1033"}}