{"trainingPerformance": [45.9051724137931, 70.8860153256705, 87.54909003831418, 93.6051245210728, 94.33788314176245, 94.81561302681992, 95.02274904214559, 95.2191091954023, 95.12452107279694, 95.29454022988506, 95.34722222222223], "testPerformance": [46.44396551724138, 76.01293103448276, 97.3419540229885, 97.67959770114942, 99.4683908045977, 99.066091954023, 99.38218390804597, 99.76293103448276, 99.55459770114942, 99.77729885057471, 99.71264367816092], "args": {"network_style": "recurrent", "create_new_dataset": true, "include_fillers": true, "fileloc": "datasets/", "which_context": 0, "all_fullrange": false, "retain_hidden_state": true, "label_context": "true", "modeltype": "aggregate", "train_lesion_freq": 0.1, "batch_size_multi": [1], "lr_multi": [0.0001], "batch_size": 1, "test_batch_size": 1, "epochs": 10, "lr": 0.0001, "momentum": 0.9, "no_cuda": false, "seed": 1, "log_interval": 10, "weight_decay": 0.0, "recurrent_size": 200, "hidden_size": 200, "BPTT_len": 120, "noise_std": 0.0, "model_id": 2818}}