{"trainingPerformance": [75.55, 90.30833333333334, 95.525, 98.36666666666666, 99.68333333333334, 99.89166666666667, 99.925, 99.95, 99.975, 99.99166666666666], "testPerformance": [85.66666666666667, 93.1, 97.0, 99.46666666666667, 99.6, 99.9, 99.9, 100.0, 100.0, 100.0], "args": {"modeltype": "aggregate", "batch_size_multi": [12], "lr_multi": [0.001], "batch_size": 12, "test_batch_size": 12, "epochs": 10, "lr": 0.001, "momentum": 0.9, "no_cuda": false, "seed": 1, "log_interval": 10, "weight_decay": 0.0, "save_model": false}, "model": "recurrent_withcontext"}