{"trainingPerformance": [50.18079501915709, 68.31657088122606, 79.61446360153256, 88.43510536398468, 89.34267241379311, 90.03113026819923, 90.38314176245211, 90.28256704980843, 90.65732758620689, 90.30172413793103, 90.24664750957854], "testPerformance": [49.554597701149426, 74.63362068965517, 94.23850574712644, 97.51436781609195, 98.63505747126437, 99.4396551724138, 99.00862068965517, 99.76293103448276, 99.56896551724138, 99.9066091954023, 99.11637931034483], "args": {"network_style": "recurrent", "create_new_dataset": true, "include_fillers": true, "fileloc": "datasets/", "which_context": 0, "all_fullrange": false, "retain_hidden_state": true, "label_context": "true", "modeltype": "aggregate", "train_lesion_freq": 0.2, "batch_size_multi": [1], "lr_multi": [0.0001], "batch_size": 1, "test_batch_size": 1, "epochs": 10, "lr": 0.0001, "momentum": 0.9, "no_cuda": false, "seed": 1, "log_interval": 10, "weight_decay": 0.0, "save_model": false, "recurrent_size": 200, "hidden_size": 200, "BPTT_len": 120, "noise_std": 0.0, "model_id": 4959}}