{"trainingPerformance": [48.15253831417625, 79.95689655172414, 99.61566091954023, 99.98802681992338], "testPerformance": [48.110632183908045, 99.19540229885058, 99.99281609195403, 99.996408045977], "args": {"modeltype": "aggregate", "batch_size_multi": [1], "lr_multi": [0.0001], "batch_size": 1, "test_batch_size": 1, "epochs": 3, "lr": 0.0001, "momentum": 0.9, "no_cuda": false, "seed": 1, "log_interval": 10, "weight_decay": 0.0, "save_model": false, "recurrent_size": 200, "hidden_size": 200, "BPTT_len": 120}, "model": "recurrent_truecontext"}