{"trainingPerformance": [50.4609375, 97.4140625, 99.98697916666667, 100.0, 100.0, 100.0], "testPerformance": [50.299479166666664, 99.94791666666667, 100.0, 100.0, 100.0, 100.0], "args": {"modeltype": "aggregate", "batch_size_multi": [1], "lr_multi": [0.001], "batch_size": 1, "test_batch_size": 1, "epochs": 5, "lr": 0.001, "momentum": 0.9, "no_cuda": false, "seed": 1, "log_interval": 10, "weight_decay": 0.0, "save_model": false, "recurrent_size": 300, "hidden_size": 26, "BPTT_len": 9}, "model": "recurrent_truecontext"}