{"trainingPerformance": [48.61829501915709, 71.65828544061303, 86.60081417624521, 93.88649425287356, 94.33189655172414, 94.99281609195403, 95.19516283524904, 94.99880268199233, 95.43342911877394, 95.14367816091954, 95.1484674329502], "testPerformance": [48.520114942528735, 75.96264367816092, 97.63649425287356, 98.51293103448276, 99.51867816091954, 99.8419540229885, 99.89942528735632, 99.87068965517241, 99.87787356321839, 99.94971264367815, 99.99281609195403], "args": {"network_style": "recurrent", "create_new_dataset": true, "include_fillers": true, "fileloc": "datasets/", "which_context": 0, "all_fullrange": false, "retain_hidden_state": true, "label_context": "true", "modeltype": "aggregate", "train_lesion_freq": 0.1, "batch_size_multi": [1], "lr_multi": [0.0001], "batch_size": 1, "test_batch_size": 1, "epochs": 10, "lr": 0.0001, "momentum": 0.9, "no_cuda": false, "seed": 1, "log_interval": 10, "weight_decay": 0.0, "save_model": false, "recurrent_size": 200, "hidden_size": 200, "BPTT_len": 120, "noise_std": 0.0, "model_id": 6926}}