{"trainingPerformance": [52.25, 70.79166666666667, 88.33333333333333, 95.86666666666666, 98.66666666666667, 99.75833333333334, 99.95833333333333, 100.0, 100.0], "testPerformance": [51.7, 79.43333333333334, 93.6, 97.8, 99.73333333333333, 99.86666666666666, 100.0, 100.0, 100.0], "args": {"modeltype": "aggregate", "batch_size_multi": [12], "lr_multi": [0.001], "batch_size": 12, "test_batch_size": 12, "epochs": 8, "lr": 0.001, "momentum": 0.9, "no_cuda": false, "seed": 1, "log_interval": 10, "weight_decay": 0.0, "save_model": false}, "model": "recurrent_randcontext"}