{"trainingPerformance": [99.996408045977, 79.25766283524904, 79.71623563218391, 79.56896551724138, 79.46719348659003, 79.64798850574712, 79.59051724137932, 79.74497126436782, 79.74736590038314, 79.76053639846744, 79.71863026819923, 79.87787356321839, 79.72461685823755, 79.96527777777777, 79.97605363984674, 80.14008620689656, 80.02274904214559, 79.77011494252874, 79.96647509578544, 80.14607279693486, 80.06585249042146], "testPerformance": [100.0, 98.8433908045977, 99.7485632183908, 99.95689655172414, 100.0, 99.99281609195403, 99.99281609195403, 99.99281609195403, 99.98563218390805, 99.97844827586206, 99.96408045977012, 99.9066091954023, 99.9066091954023, 99.87787356321839, 99.78448275862068, 99.82040229885058, 99.7485632183908, 99.64080459770115, 99.64080459770115, 99.54022988505747, 99.43247126436782], "args": {"network_style": "recurrent", "create_new_dataset": true, "include_fillers": true, "which_context": 0, "all_fullrange": false, "retain_hidden_state": true, "label_context": "true", "block_int_ttsplit": false, "retrain_decoder": true, "original_model_name": "models/RNN_trainedmodel_truecontextlabel_numrangeblocked_retainstate_n0.0_bs1_lr0.0001_ep10_r200_h200_bpl120_trlf0.0_id8120.pth", "modeltype": "aggregate", "train_lesion_freq": 0.4, "batch_size_multi": [1], "lr_multi": [0.005], "batch_size": 1, "test_batch_size": 1, "epochs": 20, "lr": 0.0001, "momentum": 0.9, "no_cuda": false, "seed": 1, "log_interval": 10, "weight_decay": 0.0, "save_model": false, "recurrent_size": 200, "hidden_size": 200, "BPTT_len": 120, "noise_std": 0.0, "model_id": "8120"}}