{"trainingPerformance": [45.75550766283525, 61.040469348659, 62.78975095785441, 68.35129310344827, 74.93175287356321, 75.83692528735632, 75.72557471264368, 76.06202107279694, 75.86446360153256, 76.0955459770115, 76.28711685823755], "testPerformance": [45.991379310344826, 74.30316091954023, 75.5316091954023, 92.13721264367815, 96.70977011494253, 97.28448275862068, 96.17456896551724, 96.56968390804597, 98.60272988505747, 98.746408045977, 99.1882183908046], "args": {"network_style": "recurrent", "create_new_dataset": false, "include_fillers": true, "fileloc": "datasets/", "which_context": 0, "all_fullrange": false, "retain_hidden_state": true, "label_context": "true", "modeltype": "aggregate", "train_lesion_freq": 0.5, "batch_size_multi": [1], "lr_multi": [0.0001], "batch_size": 1, "test_batch_size": 1, "epochs": 10, "lr": 0.0001, "momentum": 0.9, "no_cuda": false, "seed": 1, "log_interval": 10, "weight_decay": 0.0, "save_model": false, "recurrent_size": 200, "hidden_size": 200, "BPTT_len": 120, "noise_std": 0.0}}