{"trainingPerformance": [50.065852490421456, 74.14152298850574, 90.51125478927203, 99.34506704980843, 99.86590038314176, 99.95929118773947, 99.98323754789271, 99.996408045977, 99.996408045977, 99.996408045977, 99.99760536398468], "testPerformance": [50.1580459770115, 75.63936781609195, 97.53591954022988, 99.55459770114942, 99.98563218390805, 99.99281609195403, 99.98563218390805, 99.98563218390805, 99.98563218390805, 99.98563218390805, 100.0], "args": {"network_style": "recurrent", "create_new_dataset": false, "include_fillers": true, "fileloc": "datasets/", "which_context": 0, "all_fullrange": false, "retain_hidden_state": true, "label_context": "true", "modeltype": "aggregate", "train_lesion_freq": 0.0, "batch_size_multi": [1], "lr_multi": [0.0001], "batch_size": 1, "test_batch_size": 1, "epochs": 10, "lr": 0.0001, "momentum": 0.9, "no_cuda": false, "seed": 1, "log_interval": 10, "weight_decay": 0.0, "recurrent_size": 200, "hidden_size": 200, "BPTT_len": 120, "noise_std": 0.0, "model_id": 2073}}