{"trainingPerformance": [53.475, 92.75, 98.85, 99.35833333333333, 99.64166666666667, 99.8], "testPerformance": [52.46666666666667, 97.93333333333334, 98.93333333333334, 99.53333333333333, 99.46666666666667, 99.53333333333333], "args": {"modeltype": "aggregate", "batch_size_multi": [1], "lr_multi": [0.001], "batch_size": 1, "test_batch_size": 1, "epochs": 5, "lr": 0.001, "momentum": 0.9, "no_cuda": false, "seed": 1, "log_interval": 10, "weight_decay": 0.0, "save_model": false}, "model": "recurrent_nocontext"}