{"trainingPerformance": [45.6, 91.05, 98.29166666666667, 99.38333333333334, 99.78333333333333, 99.89166666666667], "testPerformance": [44.46666666666667, 97.06666666666666, 99.0, 99.0, 99.56666666666666, 99.53333333333333], "args": {"modeltype": "aggregate", "batch_size_multi": [1], "lr_multi": [0.001], "batch_size": 1, "test_batch_size": 1, "epochs": 5, "lr": 0.001, "momentum": 0.9, "no_cuda": false, "seed": 1, "log_interval": 10, "weight_decay": 0.0, "save_model": false}, "model": "recurrent_nocontext"}