{"trainingPerformance": [47.611350574712645, 71.11111111111111, 86.08836206896552, 93.38840996168582, 94.18462643678161, 94.34626436781609, 94.54501915708812, 94.54142720306514, 94.65517241379311, 94.7425766283525, 94.42528735632185], "testPerformance": [47.507183908045974, 69.96408045977012, 96.95402298850574, 97.66522988505747, 99.34626436781609, 99.08764367816092, 99.7485632183908, 99.54022988505747, 99.8132183908046, 99.54741379310344, 99.82758620689656], "args": {"network_style": "recurrent", "create_new_dataset": true, "include_fillers": true, "fileloc": "datasets/", "which_context": 0, "all_fullrange": false, "retain_hidden_state": true, "label_context": "constant", "modeltype": "aggregate", "train_lesion_freq": 0.1, "batch_size_multi": [1], "lr_multi": [0.0001], "batch_size": 1, "test_batch_size": 1, "epochs": 10, "lr": 0.0001, "momentum": 0.9, "no_cuda": false, "seed": 1, "log_interval": 10, "weight_decay": 0.0, "recurrent_size": 200, "hidden_size": 200, "BPTT_len": 120, "noise_std": 0.0, "model_id": 8719}}