{"trainingPerformance": [50.58548850574713, 74.78807471264368, 97.17073754789271, 99.5713601532567, 99.82878352490421, 99.92337164750958, 99.96767241379311, 99.98443486590038, 99.99401340996168, 99.99760536398468, 99.99760536398468], "testPerformance": [50.854885057471265, 85.69683908045977, 99.67672413793103, 99.91379310344827, 99.99281609195403, 100.0, 100.0, 100.0, 100.0, 100.0, 99.99281609195403], "args": {"network_style": "recurrent", "create_new_dataset": true, "include_fillers": true, "fileloc": "datasets/", "which_context": 0, "all_fullrange": true, "retain_hidden_state": true, "label_context": "true", "modeltype": "aggregate", "train_lesion_freq": 0.0, "batch_size_multi": [1], "lr_multi": [0.0001], "batch_size": 1, "test_batch_size": 1, "epochs": 10, "lr": 0.0001, "momentum": 0.9, "no_cuda": false, "seed": 1, "log_interval": 10, "weight_decay": 0.0, "recurrent_size": 200, "hidden_size": 200, "BPTT_len": 120, "noise_std": 0.0, "model_id": 9248}}