{"trainingPerformance": [50.95306513409962, 71.47030651340997, 85.33524904214559, 93.49616858237547, 93.93558429118774, 94.32231800766283, 94.53184865900383, 94.60967432950191, 94.24449233716476, 94.23251915708812, 94.25287356321839], "testPerformance": [51.76005747126437, 70.40948275862068, 96.49425287356321, 97.25574712643679, 99.34626436781609, 99.26724137931035, 98.9080459770115, 98.64224137931035, 99.52586206896552, 99.60488505747126, 99.71982758620689], "args": {"network_style": "recurrent", "create_new_dataset": true, "include_fillers": true, "fileloc": "datasets/", "which_context": 0, "all_fullrange": false, "retain_hidden_state": true, "label_context": "constant", "modeltype": "aggregate", "train_lesion_freq": 0.1, "batch_size_multi": [1], "lr_multi": [0.0001], "batch_size": 1, "test_batch_size": 1, "epochs": 10, "lr": 0.0001, "momentum": 0.9, "no_cuda": false, "seed": 1, "log_interval": 10, "weight_decay": 0.0, "recurrent_size": 200, "hidden_size": 200, "BPTT_len": 120, "noise_std": 0.0, "model_id": 7576}}