{"trainingPerformance": [57.144396551724135, 76.33979885057471, 97.76700191570882, 99.65756704980843, 99.86949233716476, 99.9580938697318, 99.98922413793103, 99.99401340996168, 99.99760536398468, 99.99880268199233, 100.0], "testPerformance": [56.97557471264368, 91.92528735632185, 98.92959770114942, 98.85057471264368, 99.92816091954023, 99.98563218390805, 100.0, 100.0, 100.0, 100.0, 100.0], "args": {"network_style": "recurrent", "create_new_dataset": true, "include_fillers": true, "fileloc": "datasets/", "which_context": 0, "all_fullrange": true, "retain_hidden_state": true, "label_context": "true", "modeltype": "aggregate", "train_lesion_freq": 0.0, "batch_size_multi": [1], "lr_multi": [0.0001], "batch_size": 1, "test_batch_size": 1, "epochs": 10, "lr": 0.0001, "momentum": 0.9, "no_cuda": false, "seed": 1, "log_interval": 10, "weight_decay": 0.0, "recurrent_size": 200, "hidden_size": 200, "BPTT_len": 120, "noise_std": 0.0, "model_id": 4383}}