{"trainingPerformance": [50.06824712643678, 73.84458812260536, 74.01340996168582, 74.066091954023, 74.1139846743295, 74.17025862068965, 74.23132183908046, 74.28879310344827, 74.37619731800767, 74.37380268199233, 74.38218390804597, 74.42528735632185, 74.4588122605364, 74.49473180076629, 74.5294540229885, 74.54022988505747, 74.584530651341, 74.65277777777777, 74.65876436781609, 74.6875, 74.71144636015326, 74.7425766283525, 74.76652298850574, 74.79286398467433, 74.81202107279694, 74.86230842911877, 74.88625478927203, 74.92337164750958, 74.95689655172414, 74.98084291187739, 75.01795977011494], "testPerformance": [50.33764367816092, 100.0, 100.0, 99.97844827586206, 99.95689655172414, 99.94971264367815, 99.92816091954023, 99.85632183908046, 99.78448275862068, 99.67672413793103, 99.56896551724138, 99.41810344827586, 99.32471264367815, 99.23850574712644, 99.13793103448276, 99.00862068965517, 98.85057471264368, 98.74281609195403, 98.63505747126437, 98.57758620689656, 98.46264367816092, 98.42672413793103, 98.36206896551724, 98.30459770114942, 98.25431034482759, 98.23994252873563, 98.1896551724138, 98.14655172413794, 98.14655172413794, 98.11063218390805, 98.08908045977012], "args": {"network_style": "recurrent", "create_new_dataset": true, "include_fillers": true, "which_context": 0, "all_fullrange": false, "retain_hidden_state": true, "label_context": "true", "block_int_ttsplit": false, "retrain_decoder": true, "original_model_name": "models/RNN_trainedmodel_truecontextlabel_numrangeblocked_retainstate_n0.0_bs1_lr0.0001_ep10_r200_h200_bpl120_trlf0.0_id3791.pth", "modeltype": "aggregate", "train_lesion_freq": 1.0, "batch_size_multi": [1], "lr_multi": [0.001], "batch_size": 1, "test_batch_size": 1, "epochs": 30, "lr": 0.0001, "momentum": 0.9, "no_cuda": false, "seed": 1, "log_interval": 10, "weight_decay": 0.0, "save_model": false, "recurrent_size": 200, "hidden_size": 200, "BPTT_len": 120, "noise_std": 0.0, "model_id": "3791"}}