{"trainingPerformance": [50.065852490421456, 71.74808429118774, 84.73180076628353, 93.60272988505747, 94.41211685823755, 94.84315134099617, 95.10895593869732, 95.30411877394636, 95.23467432950191, 95.25502873563218, 95.17600574712644], "testPerformance": [50.1580459770115, 74.79166666666667, 96.37212643678161, 96.98994252873563, 98.08189655172414, 98.57040229885058, 99.41091954022988, 99.87787356321839, 99.92097701149426, 99.95689655172414, 99.79166666666667], "args": {"network_style": "recurrent", "create_new_dataset": false, "include_fillers": true, "fileloc": "datasets/", "which_context": 0, "all_fullrange": false, "retain_hidden_state": true, "label_context": "true", "modeltype": "aggregate", "train_lesion_freq": 0.1, "batch_size_multi": [1], "lr_multi": [0.0001], "batch_size": 1, "test_batch_size": 1, "epochs": 10, "lr": 0.0001, "momentum": 0.9, "no_cuda": false, "seed": 1, "log_interval": 10, "weight_decay": 0.0, "save_model": false, "recurrent_size": 200, "hidden_size": 200, "BPTT_len": 120, "noise_std": 0.0, "model_id": 9465}}