{"trainingPerformance": [49.9257662835249, 71.34698275862068, 87.20426245210729, 93.77993295019157, 94.31273946360153, 94.74976053639847, 95.13050766283524, 95.25862068965517, 95.17600574712644, 95.1640325670498, 95.21192528735632], "testPerformance": [50.445402298850574, 76.26436781609195, 96.88218390804597, 97.61494252873563, 99.01580459770115, 99.71982758620689, 99.15948275862068, 98.73563218390805, 97.94540229885058, 98.87931034482759, 98.95114942528735], "args": {"network_style": "recurrent", "create_new_dataset": true, "include_fillers": true, "fileloc": "datasets/", "which_context": 0, "all_fullrange": false, "retain_hidden_state": true, "label_context": "true", "modeltype": "aggregate", "train_lesion_freq": 0.1, "batch_size_multi": [1], "lr_multi": [0.0001], "batch_size": 1, "test_batch_size": 1, "epochs": 10, "lr": 0.0001, "momentum": 0.9, "no_cuda": false, "seed": 1, "log_interval": 10, "weight_decay": 0.0, "save_model": false, "recurrent_size": 200, "hidden_size": 200, "BPTT_len": 120, "noise_std": 0.0, "model_id": 8549}}