{"trainingPerformance": [62.575, 86.325, 93.55833333333334, 97.71666666666667, 99.21666666666667, 99.85833333333333, 99.98333333333333, 100.0, 100.0, 100.0], "testPerformance": [79.03333333333333, 85.8, 93.9, 97.23333333333333, 98.96666666666667, 100.0, 100.0, 100.0, 100.0, 100.0], "args": {"modeltype": "aggregate", "batch_size_multi": [12], "lr_multi": [0.001], "batch_size": 12, "test_batch_size": 12, "epochs": 10, "lr": 0.001, "momentum": 0.9, "no_cuda": false, "seed": 1, "log_interval": 10, "weight_decay": 0.0, "save_model": false}, "model": "recurrent_nocontext"}