{"trainingPerformance": [50.390325670498086, 72.98371647509579, 77.76221264367815, 94.57854406130268, 99.20617816091954, 99.73419540229885], "testPerformance": [50.3448275862069, 75.05747126436782, 81.02011494252874, 94.33908045977012, 97.72629310344827, 99.36422413793103], "args": {"modeltype": "aggregate", "batch_size_multi": [1], "lr_multi": [5e-05], "batch_size": 1, "test_batch_size": 1, "epochs": 5, "lr": 5e-05, "momentum": 0.9, "no_cuda": false, "seed": 1, "log_interval": 10, "weight_decay": 0.0, "save_model": false, "recurrent_size": 200, "hidden_size": 200, "BPTT_len": 120}, "model": "recurrent_truecontext"}