{"trainingPerformance": [99.97964559386973, 76.84746168582376, 77.01867816091954, 76.9396551724138, 77.05459770114942, 77.07016283524904, 77.01628352490421, 77.26412835249042, 77.1970785440613, 77.18151340996168, 77.25095785440612, 77.10009578544062, 77.39942528735632, 77.27490421455938, 77.3515325670498, 77.51795977011494, 77.705938697318, 77.46408045977012, 77.66642720306514, 77.68558429118774, 77.81968390804597], "testPerformance": [99.91379310344827, 99.14511494252874, 99.82040229885058, 99.92097701149426, 99.96408045977012, 99.96408045977012, 99.92816091954023, 99.9353448275862, 99.83477011494253, 99.79885057471265, 99.77011494252874, 99.66235632183908, 99.67672413793103, 99.59770114942529, 99.56896551724138, 99.43247126436782, 99.47557471264368, 99.38218390804597, 99.3103448275862, 99.30316091954023, 99.29597701149426], "args": {"network_style": "recurrent", "create_new_dataset": true, "include_fillers": true, "which_context": 0, "all_fullrange": false, "retain_hidden_state": true, "label_context": "true", "block_int_ttsplit": false, "retrain_decoder": true, "original_model_name": "models/RNN_trainedmodel_truecontextlabel_numrangeblocked_retainstate_n0.0_bs1_lr0.0001_ep10_r200_h200_bpl120_trlf0.0_id1033.pth", "modeltype": "aggregate", "train_lesion_freq": 0.45, "batch_size_multi": [1], "lr_multi": [0.05], "batch_size": 1, "test_batch_size": 1, "epochs": 20, "lr": 0.0001, "momentum": 0.9, "no_cuda": false, "seed": 1, "log_interval": 10, "weight_decay": 0.0, "save_model": false, "recurrent_size": 200, "hidden_size": 200, "BPTT_len": 120, "noise_std": 0.0, "model_id": "1033"}}