{"trainingPerformance": [8.160919540229886, 73.85775862068965, 73.92959770114942, 73.97509578544062, 74.08644636015326, 74.15469348659003, 74.20378352490421, 74.28759578544062, 74.35225095785441, 74.42887931034483, 74.51748084291188, 74.5941091954023, 74.66954022988506, 74.72461685823755, 74.76652298850574, 74.75574712643679, 74.78687739463602, 74.81202107279694, 74.83117816091954, 74.85272988505747, 74.89104406130268, 74.91977969348659, 74.91379310344827, 74.93055555555556, 74.94612068965517, 74.98323754789271, 74.98682950191571, 75.01556513409962, 75.05747126436782, 75.0933908045977, 75.11494252873563], "testPerformance": [8.311781609195402, 100.0, 100.0, 100.0, 99.99281609195403, 99.92097701149426, 99.7485632183908, 99.42528735632185, 99.1882183908046, 99.03017241379311, 98.79310344827586, 98.64942528735632, 98.5632183908046, 98.46982758620689, 98.33333333333333, 98.22557471264368, 98.09626436781609, 97.99568965517241, 97.9382183908046, 97.8735632183908, 97.816091954023, 97.75862068965517, 97.67959770114942, 97.62212643678161, 97.52155172413794, 97.44252873563218, 97.39942528735632, 97.37068965517241, 97.33477011494253, 97.29166666666667, 97.26293103448276], "args": {"network_style": "recurrent", "create_new_dataset": true, "include_fillers": true, "which_context": 0, "all_fullrange": false, "retain_hidden_state": true, "label_context": "true", "block_int_ttsplit": false, "retrain_decoder": true, "original_model_name": "models/RNN_trainedmodel_truecontextlabel_numrangeblocked_retainstate_n0.0_bs1_lr0.0001_ep10_r200_h200_bpl120_trlf0.0_id2498.pth", "modeltype": "aggregate", "train_lesion_freq": 1.0, "batch_size_multi": [1], "lr_multi": [0.001], "batch_size": 1, "test_batch_size": 1, "epochs": 30, "lr": 0.0001, "momentum": 0.9, "no_cuda": false, "seed": 1, "log_interval": 10, "weight_decay": 0.0, "save_model": false, "recurrent_size": 200, "hidden_size": 200, "BPTT_len": 120, "noise_std": 0.0, "model_id": "2498"}}