{"trainingPerformance": [72.93333333333334, 91.1, 96.275, 98.51666666666667, 99.55833333333334, 99.925, 99.95833333333333, 99.99166666666666, 100.0, 100.0], "testPerformance": [85.83333333333333, 94.26666666666667, 96.96666666666667, 98.56666666666666, 99.6, 100.0, 100.0, 100.0, 100.0, 100.0], "args": {"modeltype": "aggregate", "batch_size_multi": [12], "lr_multi": [0.001], "batch_size": 12, "test_batch_size": 12, "epochs": 10, "lr": 0.001, "momentum": 0.9, "no_cuda": false, "seed": 1, "log_interval": 10, "weight_decay": 0.0, "save_model": false}, "model": "recurrent_nocontext"}