{"trainingPerformance": [66.23333333333333, 88.8, 95.86666666666666, 98.45, 99.70833333333333, 99.95833333333333, 100.0, 100.0, 100.0, 100.0], "testPerformance": [83.66666666666667, 93.56666666666666, 96.4, 98.76666666666667, 99.56666666666666, 99.8, 99.8, 100.0, 100.0, 100.0], "args": {"modeltype": "aggregate", "batch_size_multi": [12], "lr_multi": [0.001], "batch_size": 12, "test_batch_size": 12, "epochs": 10, "lr": 0.001, "momentum": 0.9, "no_cuda": false, "seed": 1, "log_interval": 10, "weight_decay": 0.0, "save_model": false}, "model": "recurrent_nocontext"}