{"trainingPerformance": [42.44252873563219, 74.00263409961686, 74.13314176245211, 74.169061302682, 74.165469348659, 74.1235632183908, 74.16187739463602, 74.19061302681992, 74.23611111111111, 74.30555555555556, 74.32590996168582, 74.39176245210729, 74.4396551724138, 74.5102969348659, 74.55100574712644, 74.63122605363985, 74.71144636015326, 74.74018199233717, 74.77849616858238, 74.84315134099617, 74.88625478927203, 74.90900383141762, 74.94731800766283, 74.996408045977, 75.02514367816092, 75.05627394636015, 75.0646551724138, 75.09818007662835, 75.12092911877394, 75.14727011494253, 75.17241379310344], "testPerformance": [42.377873563218394, 100.0, 100.0, 100.0, 100.0, 100.0, 99.97844827586206, 99.95689655172414, 99.9353448275862, 99.86350574712644, 99.77729885057471, 99.74137931034483, 99.69827586206897, 99.66954022988506, 99.61206896551724, 99.55459770114942, 99.48275862068965, 99.39655172413794, 99.32471264367815, 99.1882183908046, 99.10919540229885, 99.03017241379311, 98.90086206896552, 98.82183908045977, 98.73563218390805, 98.66379310344827, 98.62068965517241, 98.59913793103448, 98.54166666666667, 98.52011494252874, 98.50574712643679], "args": {"network_style": "recurrent", "create_new_dataset": true, "include_fillers": true, "which_context": 0, "all_fullrange": false, "retain_hidden_state": true, "label_context": "true", "block_int_ttsplit": false, "retrain_decoder": true, "original_model_name": "models/RNN_trainedmodel_truecontextlabel_numrangeblocked_retainstate_n0.0_bs1_lr0.0001_ep10_r200_h200_bpl120_trlf0.0_id7388.pth", "modeltype": "aggregate", "train_lesion_freq": 1.0, "batch_size_multi": [1], "lr_multi": [0.001], "batch_size": 1, "test_batch_size": 1, "epochs": 30, "lr": 0.0001, "momentum": 0.9, "no_cuda": false, "seed": 1, "log_interval": 10, "weight_decay": 0.0, "save_model": false, "recurrent_size": 200, "hidden_size": 200, "BPTT_len": 120, "noise_std": 0.0, "model_id": "7388"}}