{"trainingPerformance": [100.0, 95.46216475095785, 95.44420498084291, 95.50646551724138, 95.54597701149426, 95.40828544061303, 95.60584291187739, 95.46575670498085, 95.3544061302682, 95.47892720306514, 95.46575670498085], "testPerformance": [100.0, 100.0, 100.0, 100.0, 100.0, 100.0, 100.0, 100.0, 100.0, 100.0, 100.0], "args": {"network_style": "recurrent", "create_new_dataset": true, "include_fillers": true, "which_context": 0, "all_fullrange": true, "retain_hidden_state": true, "label_context": "true", "block_int_ttsplit": false, "retrain_decoder": true, "original_model_name": "models/RNN_trainedmodel_truecontextlabel_numrangeintermingled_retainstate_n0.0_bs1_lr0.0001_ep10_r200_h200_bpl120_trlf0.0_id3713.pth", "modeltype": "aggregate", "train_lesion_freq": 0.1, "batch_size_multi": [1], "lr_multi": [0.0001], "batch_size": 1, "test_batch_size": 1, "epochs": 10, "lr": 0.0001, "momentum": 0.9, "no_cuda": false, "seed": 1, "log_interval": 10, "weight_decay": 0.0, "save_model": false, "recurrent_size": 200, "hidden_size": 200, "BPTT_len": 120, "noise_std": 0.0, "model_id": "3713"}}