{"trainingPerformance": [49.85632183908046, 71.61877394636015, 87.33955938697318, 93.60871647509579, 94.46240421455938, 94.90541187739464, 95.01676245210729, 95.205938697318, 95.13170498084291, 95.29334291187739, 95.1352969348659], "testPerformance": [50.122126436781606, 76.65229885057471, 89.00862068965517, 92.55747126436782, 99.058908045977, 98.85775862068965, 99.46120689655173, 99.95689655172414, 99.79885057471265, 99.6264367816092, 99.95689655172414], "args": {"network_style": "recurrent", "create_new_dataset": true, "include_fillers": true, "fileloc": "datasets/", "which_context": 0, "all_fullrange": false, "retain_hidden_state": true, "label_context": "true", "modeltype": "aggregate", "train_lesion_freq": 0.1, "batch_size_multi": [1], "lr_multi": [0.0001], "batch_size": 1, "test_batch_size": 1, "epochs": 10, "lr": 0.0001, "momentum": 0.9, "no_cuda": false, "seed": 1, "log_interval": 10, "weight_decay": 0.0, "recurrent_size": 200, "hidden_size": 200, "BPTT_len": 120, "noise_std": 0.0, "model_id": 3767}}