{"trainingPerformance": [42.983333333333334, 70.03333333333333, 90.29166666666667, 95.65, 98.775, 99.85833333333333, 100.0, 100.0, 100.0], "testPerformance": [43.2, 85.16666666666667, 93.0, 96.36666666666666, 99.9, 100.0, 100.0, 100.0, 100.0], "args": {"modeltype": "aggregate", "batch_size_multi": [12], "lr_multi": [0.001], "batch_size": 12, "test_batch_size": 12, "epochs": 8, "lr": 0.001, "momentum": 0.9, "no_cuda": false, "seed": 1, "log_interval": 10, "weight_decay": 0.0, "save_model": false}, "model": "recurrent_truecontext"}