{"trainingPerformance": [48.004070881226056, 79.13912835249042, 79.477969348659, 79.53544061302682, 79.46599616858238, 79.40732758620689, 79.42528735632185, 79.68271072796935, 79.77849616858238, 79.7294061302682, 79.82519157088123, 79.68271072796935, 79.79525862068965, 79.64439655172414, 79.794061302682, 79.6779214559387, 79.82040229885058, 79.76652298850574, 79.66475095785441, 79.80842911877394, 80.05387931034483], "testPerformance": [47.60057471264368, 99.97126436781609, 99.97126436781609, 99.94971264367815, 99.92816091954023, 99.92097701149426, 99.87787356321839, 99.9066091954023, 99.89942528735632, 99.84913793103448, 99.83477011494253, 99.76293103448276, 99.683908045977, 99.65517241379311, 99.71264367816092, 99.61206896551724, 99.54022988505747, 99.42528735632185, 99.43247126436782, 99.41810344827586, 99.38936781609195], "args": {"network_style": "recurrent", "create_new_dataset": true, "include_fillers": true, "which_context": 0, "all_fullrange": false, "retain_hidden_state": true, "label_context": "true", "block_int_ttsplit": false, "retrain_decoder": true, "original_model_name": "models/RNN_trainedmodel_truecontextlabel_numrangeblocked_retainstate_n0.0_bs1_lr0.0001_ep10_r200_h200_bpl120_trlf0.0_id2289.pth", "modeltype": "aggregate", "train_lesion_freq": 0.4, "batch_size_multi": [1], "lr_multi": [0.001], "batch_size": 1, "test_batch_size": 1, "epochs": 20, "lr": 0.0001, "momentum": 0.9, "no_cuda": false, "seed": 1, "log_interval": 10, "weight_decay": 0.0, "save_model": false, "recurrent_size": 200, "hidden_size": 200, "BPTT_len": 120, "noise_std": 0.0, "model_id": "2289"}}