{"trainingPerformance": [45.8, 76.63333333333334, 92.125, 98.0, 99.91666666666667, 100.0, 100.0, 100.0, 100.0, 100.0, 100.0], "testPerformance": [44.4, 89.66666666666667, 96.6, 99.23333333333333, 100.0, 100.0, 100.0, 100.0, 100.0, 100.0, 100.0], "args": {"modeltype": "aggregate", "batch_size_multi": [12], "lr_multi": [0.001], "batch_size": 12, "test_batch_size": 12, "epochs": 10, "lr": 0.001, "momentum": 0.9, "no_cuda": false, "seed": 1, "log_interval": 10, "weight_decay": 0.0, "save_model": false, "recurrent_size": 33, "hidden_size": 60}, "model": "recurrent_constantcontext"}