{"trainingPerformance": [50.52801724137931, 71.30028735632185, 84.56297892720306, 93.69013409961686, 94.44324712643679, 94.98204022988506, 95.20114942528735, 95.1580459770115, 95.21551724137932, 95.32926245210729, 95.11015325670498], "testPerformance": [50.43103448275862, 75.44540229885058, 90.73994252873563, 96.07040229885058, 98.13218390804597, 98.99425287356321, 98.70689655172414, 99.15948275862068, 99.18103448275862, 99.691091954023, 99.77729885057471], "args": {"network_style": "recurrent", "create_new_dataset": true, "include_fillers": true, "fileloc": "datasets/", "which_context": 0, "all_fullrange": false, "retain_hidden_state": true, "label_context": "true", "modeltype": "aggregate", "train_lesion_freq": 0.1, "batch_size_multi": [1], "lr_multi": [0.0001], "batch_size": 1, "test_batch_size": 1, "epochs": 10, "lr": 0.0001, "momentum": 0.9, "no_cuda": false, "seed": 1, "log_interval": 10, "weight_decay": 0.0, "save_model": false, "recurrent_size": 200, "hidden_size": 200, "BPTT_len": 120, "noise_std": 0.0, "model_id": 5354}}