{"trainingPerformance": [68.05, 87.125, 94.825, 98.28333333333333, 99.55, 99.875, 99.95, 99.99166666666666, 100.0, 100.0], "testPerformance": [79.0, 90.9, 95.26666666666667, 98.03333333333333, 99.16666666666667, 99.8, 100.0, 100.0, 100.0, 100.0], "args": {"modeltype": "aggregate", "batch_size_multi": [12], "lr_multi": [0.001], "batch_size": 12, "test_batch_size": 12, "epochs": 10, "lr": 0.001, "momentum": 0.9, "no_cuda": false, "seed": 1, "log_interval": 10, "weight_decay": 0.0, "save_model": false}, "model": "recurrent_nocontext"}