{"trainingPerformance": [50.05507662835249, 70.94348659003832, 86.3625478927203, 93.37763409961686, 93.9463601532567, 94.24449233716476, 94.40373563218391, 94.40613026819923, 94.57255747126437, 94.27681992337165, 94.09123563218391], "testPerformance": [50.21551724137931, 70.75431034482759, 95.01436781609195, 97.71551724137932, 99.01580459770115, 99.058908045977, 99.56896551724138, 98.91522988505747, 99.48275862068965, 99.48275862068965, 99.26005747126437], "args": {"network_style": "recurrent", "create_new_dataset": true, "include_fillers": true, "fileloc": "datasets/", "which_context": 0, "all_fullrange": false, "retain_hidden_state": true, "label_context": "constant", "modeltype": "aggregate", "train_lesion_freq": 0.1, "batch_size_multi": [1], "lr_multi": [0.0001], "batch_size": 1, "test_batch_size": 1, "epochs": 10, "lr": 0.0001, "momentum": 0.9, "no_cuda": false, "seed": 1, "log_interval": 10, "weight_decay": 0.0, "recurrent_size": 200, "hidden_size": 200, "BPTT_len": 120, "noise_std": 0.0, "model_id": 2496}}