{"trainingPerformance": [49.91020114942529, 63.638649425287355, 66.19133141762453, 71.66068007662835, 79.82998084291188, 80.27418582375479, 80.49449233716476, 80.85488505747126, 80.86446360153256, 81.05483716475096, 80.9985632183908], "testPerformance": [49.798850574712645, 74.40373563218391, 76.3146551724138, 89.75574712643679, 91.14942528735632, 96.68103448275862, 97.25574712643679, 99.1235632183908, 96.70258620689656, 99.13074712643679, 98.76436781609195], "args": {"network_style": "recurrent", "create_new_dataset": false, "include_fillers": true, "fileloc": "datasets/", "which_context": 0, "all_fullrange": false, "retain_hidden_state": true, "label_context": "true", "modeltype": "aggregate", "train_lesion_freq": 0.4, "batch_size_multi": [1], "lr_multi": [0.0001], "batch_size": 1, "test_batch_size": 1, "epochs": 10, "lr": 0.0001, "momentum": 0.9, "no_cuda": false, "seed": 1, "log_interval": 10, "weight_decay": 0.0, "save_model": false, "recurrent_size": 200, "hidden_size": 200, "BPTT_len": 120, "noise_std": 0.0, "model_id": 9213}}