{"trainingPerformance": [50.122126436781606, 71.39008620689656, 84.18462643678161, 93.54525862068965, 94.21575670498085, 94.68031609195403, 95.1580459770115, 95.15086206896552, 95.23587164750958, 95.106561302682, 95.17241379310344], "testPerformance": [49.88505747126437, 75.73275862068965, 94.82758620689656, 98.31896551724138, 98.2183908045977, 99.64798850574712, 99.69827586206897, 99.77011494252874, 99.97844827586206, 99.9353448275862, 99.71982758620689], "args": {"network_style": "recurrent", "create_new_dataset": true, "include_fillers": true, "fileloc": "datasets/", "which_context": 0, "all_fullrange": false, "retain_hidden_state": true, "label_context": "true", "modeltype": "aggregate", "train_lesion_freq": 0.1, "batch_size_multi": [1], "lr_multi": [0.0001], "batch_size": 1, "test_batch_size": 1, "epochs": 10, "lr": 0.0001, "momentum": 0.9, "no_cuda": false, "seed": 1, "log_interval": 10, "weight_decay": 0.0, "recurrent_size": 200, "hidden_size": 200, "BPTT_len": 120, "noise_std": 0.0, "model_id": 5449}}