{"trainingPerformance": [61.47270114942529, 74.02418582375479, 74.12116858237547, 74.17983716475096, 74.2492816091954, 74.378591954023, 74.5294540229885, 74.6396072796935, 74.70905172413794, 74.75814176245211, 74.77490421455938, 74.79885057471265, 74.79885057471265, 74.81561302681992, 74.8359674329502, 74.8838601532567, 74.89224137931035, 74.88026819923371, 74.86590038314176, 74.87188697318008, 74.88625478927203, 74.88625478927203, 74.89942528735632, 74.9161877394636, 74.92816091954023, 74.94133141762453, 74.97605363984674, 75.003591954023, 75.03711685823755, 75.03711685823755, 75.01915708812261], "testPerformance": [61.52298850574713, 99.94252873563218, 99.94252873563218, 99.89942528735632, 99.7485632183908, 99.57614942528735, 99.3103448275862, 99.07327586206897, 98.80747126436782, 98.60632183908046, 98.44827586206897, 98.27586206896552, 98.1896551724138, 98.09626436781609, 98.01724137931035, 97.99568965517241, 97.92385057471265, 97.88793103448276, 97.80172413793103, 97.7514367816092, 97.74425287356321, 97.72270114942529, 97.69396551724138, 97.64367816091954, 97.62212643678161, 97.57183908045977, 97.52155172413794, 97.5, 97.5, 97.48563218390805, 97.47844827586206], "args": {"network_style": "recurrent", "create_new_dataset": true, "include_fillers": true, "which_context": 0, "all_fullrange": false, "retain_hidden_state": true, "label_context": "true", "block_int_ttsplit": false, "retrain_decoder": true, "original_model_name": "models/RNN_trainedmodel_truecontextlabel_numrangeblocked_retainstate_n0.0_bs1_lr0.0001_ep10_r200_h200_bpl120_trlf0.0_id1259.pth", "modeltype": "aggregate", "train_lesion_freq": 1.0, "batch_size_multi": [1], "lr_multi": [0.001], "batch_size": 1, "test_batch_size": 1, "epochs": 30, "lr": 0.0001, "momentum": 0.9, "no_cuda": false, "seed": 1, "log_interval": 10, "weight_decay": 0.0, "save_model": false, "recurrent_size": 200, "hidden_size": 200, "BPTT_len": 120, "noise_std": 0.0, "model_id": "1259"}}