{"trainingPerformance": [66.98333333333333, 90.40833333333333, 96.10833333333333, 98.75833333333334, 99.76666666666667, 99.95833333333333, 100.0, 100.0, 100.0, 100.0], "testPerformance": [85.73333333333333, 91.86666666666666, 96.7, 99.06666666666666, 99.53333333333333, 99.8, 100.0, 100.0, 100.0, 100.0], "args": {"modeltype": "aggregate", "batch_size_multi": [12], "lr_multi": [0.001], "batch_size": 12, "test_batch_size": 12, "epochs": 10, "lr": 0.001, "momentum": 0.9, "no_cuda": false, "seed": 1, "log_interval": 10, "weight_decay": 0.0, "save_model": false}, "model": "recurrent_nocontext"}