{"trainingPerformance": [69.675, 87.79166666666667, 94.975, 98.51666666666667, 99.49166666666666, 99.89166666666667, 99.99166666666666, 100.0, 100.0, 100.0], "testPerformance": [83.06666666666666, 91.8, 96.13333333333334, 98.33333333333333, 99.8, 100.0, 100.0, 100.0, 100.0, 100.0], "args": {"modeltype": "aggregate", "batch_size_multi": [12], "lr_multi": [0.001], "batch_size": 12, "test_batch_size": 12, "epochs": 10, "lr": 0.001, "momentum": 0.9, "no_cuda": false, "seed": 1, "log_interval": 10, "weight_decay": 0.0, "save_model": false}, "model": "recurrent_nocontext"}