{"trainingPerformance": [57.89272030651341, 72.3359674329502, 86.79597701149426, 93.74760536398468, 94.19659961685824, 94.82159961685824, 94.91259578544062, 94.98922413793103, 95.31489463601532, 95.32088122605364, 95.1544540229885], "testPerformance": [58.383620689655174, 76.60201149425288, 95.12931034482759, 96.7816091954023, 99.36781609195403, 97.5, 97.61494252873563, 99.48275862068965, 99.41091954022988, 99.46120689655173, 99.88505747126437], "args": {"network_style": "recurrent", "create_new_dataset": true, "include_fillers": true, "fileloc": "datasets/", "which_context": 0, "all_fullrange": false, "retain_hidden_state": true, "label_context": "true", "modeltype": "aggregate", "train_lesion_freq": 0.1, "batch_size_multi": [1], "lr_multi": [0.0001], "batch_size": 1, "test_batch_size": 1, "epochs": 10, "lr": 0.0001, "momentum": 0.9, "no_cuda": false, "seed": 1, "log_interval": 10, "weight_decay": 0.0, "recurrent_size": 200, "hidden_size": 200, "BPTT_len": 120, "noise_std": 0.0, "model_id": 4968}}