{"trainingPerformance": [99.99521072796935, 79.22772988505747, 79.66355363984674, 79.4264846743295, 79.46479885057471, 79.51269157088123, 79.68151340996168, 79.51388888888889, 79.72341954022988, 79.76293103448276, 79.75095785440612, 79.76532567049809, 79.94971264367815, 79.9449233716475, 80.08979885057471, 80.19875478927203, 79.87907088122606, 80.06345785440612, 79.897030651341, 80.0514846743295, 79.97725095785441], "testPerformance": [99.99281609195403, 99.66235632183908, 99.99281609195403, 100.0, 100.0, 100.0, 99.99281609195403, 99.99281609195403, 99.98563218390805, 99.96408045977012, 99.95689655172414, 99.92816091954023, 99.86350574712644, 99.83477011494253, 99.77011494252874, 99.71264367816092, 99.71264367816092, 99.59770114942529, 99.54741379310344, 99.4396551724138, 99.42528735632185], "args": {"network_style": "recurrent", "create_new_dataset": true, "include_fillers": true, "which_context": 0, "all_fullrange": false, "retain_hidden_state": true, "label_context": "true", "block_int_ttsplit": false, "retrain_decoder": true, "original_model_name": "models/RNN_trainedmodel_truecontextlabel_numrangeblocked_retainstate_n0.0_bs1_lr0.0001_ep10_r200_h200_bpl120_trlf0.0_id9.pth", "modeltype": "aggregate", "train_lesion_freq": 0.4, "batch_size_multi": [1], "lr_multi": [0.005], "batch_size": 1, "test_batch_size": 1, "epochs": 20, "lr": 0.0001, "momentum": 0.9, "no_cuda": false, "seed": 1, "log_interval": 10, "weight_decay": 0.0, "save_model": false, "recurrent_size": 200, "hidden_size": 200, "BPTT_len": 120, "noise_std": 0.0, "model_id": "9"}}