{"trainingPerformance": [48.40756704980843, 63.63984674329502, 68.21360153256705, 78.77155172413794, 79.78807471264368, 80.13050766283524, 80.5830938697318, 80.88481800766283, 80.94588122605364, 80.81657088122606, 81.05483716475096], "testPerformance": [47.758620689655174, 74.39655172413794, 90.02155172413794, 90.12931034482759, 94.36781609195403, 96.65948275862068, 95.941091954023, 99.08764367816092, 98.61350574712644, 99.36063218390805, 99.4396551724138], "args": {"network_style": "recurrent", "create_new_dataset": false, "include_fillers": true, "fileloc": "datasets/", "which_context": 0, "all_fullrange": false, "retain_hidden_state": true, "label_context": "true", "modeltype": "aggregate", "train_lesion_freq": 0.4, "batch_size_multi": [1], "lr_multi": [0.0001], "batch_size": 1, "test_batch_size": 1, "epochs": 10, "lr": 0.0001, "momentum": 0.9, "no_cuda": false, "seed": 1, "log_interval": 10, "weight_decay": 0.0, "recurrent_size": 200, "hidden_size": 200, "BPTT_len": 120, "noise_std": 0.0}}