{"trainingPerformance": [50.516666666666666, 73.11666666666666, 91.83333333333333, 95.98333333333333, 99.025, 99.91666666666667, 99.96666666666667, 100.0, 100.0], "testPerformance": [50.766666666666666, 87.53333333333333, 94.46666666666667, 97.26666666666667, 99.6, 100.0, 100.0, 100.0, 100.0], "args": {"modeltype": "aggregate", "batch_size_multi": [12], "lr_multi": [0.001], "batch_size": 12, "test_batch_size": 12, "epochs": 8, "lr": 0.001, "momentum": 0.9, "no_cuda": false, "seed": 1, "log_interval": 10, "weight_decay": 0.0, "save_model": false}, "model": "recurrent_truecontext"}