{"trainingPerformance": [49.94492337164751, 73.51173371647509, 92.82567049808429, 99.56058429118774, 99.89224137931035, 99.96168582375479, 99.99401340996168, 99.99760536398468, 99.99760536398468, 100.0, 100.0], "testPerformance": [49.8132183908046, 71.77442528735632, 99.41810344827586, 99.63362068965517, 99.77011494252874, 99.99281609195403, 100.0, 99.99281609195403, 100.0, 100.0, 100.0], "args": {"network_style": "recurrent", "create_new_dataset": true, "include_fillers": true, "fileloc": "datasets/", "which_context": 0, "all_fullrange": false, "retain_hidden_state": true, "label_context": "constant", "modeltype": "aggregate", "train_lesion_freq": 0.0, "batch_size_multi": [1], "lr_multi": [0.0001], "batch_size": 1, "test_batch_size": 1, "epochs": 10, "lr": 0.0001, "momentum": 0.9, "no_cuda": false, "seed": 1, "log_interval": 10, "weight_decay": 0.0, "recurrent_size": 200, "hidden_size": 200, "BPTT_len": 120, "noise_std": 0.0, "model_id": 3468}}