{"trainingPerformance": [50.03472222222222, 73.72485632183908, 92.87236590038314, 99.4588122605364, 99.86111111111111, 99.92217432950191, 99.97006704980843, 99.99281609195403, 100.0, 100.0, 99.99880268199233], "testPerformance": [49.48994252873563, 76.74568965517241, 97.09051724137932, 99.71982758620689, 99.78448275862068, 99.75574712643679, 100.0, 99.99281609195403, 99.99281609195403, 100.0, 100.0], "args": {"network_style": "recurrent", "create_new_dataset": true, "include_fillers": true, "fileloc": "datasets/", "which_context": 0, "all_fullrange": false, "retain_hidden_state": true, "label_context": "true", "modeltype": "aggregate", "train_lesion_freq": 0.0, "batch_size_multi": [1], "lr_multi": [0.0001], "batch_size": 1, "test_batch_size": 1, "epochs": 10, "lr": 0.0001, "momentum": 0.9, "no_cuda": false, "seed": 1, "log_interval": 10, "weight_decay": 0.0, "recurrent_size": 200, "hidden_size": 200, "BPTT_len": 120, "noise_std": 0.0, "model_id": 8120}}