{"trainingPerformance": [49.90780651340996, 74.40852490421456, 97.30962643678161, 99.49952107279694, 99.85751915708812, 99.97126436781609, 99.99281609195403, 99.99760536398468, 99.99880268199233, 99.99880268199233, 100.0], "testPerformance": [49.89224137931034, 84.95689655172414, 99.50431034482759, 99.69827586206897, 99.61925287356321, 99.74137931034483, 99.91379310344827, 99.97844827586206, 99.99281609195403, 100.0, 100.0], "args": {"network_style": "recurrent", "create_new_dataset": true, "include_fillers": true, "fileloc": "datasets/", "which_context": 0, "all_fullrange": false, "retain_hidden_state": true, "label_context": "constant", "modeltype": "aggregate", "train_lesion_freq": 0.0, "batch_size_multi": [1], "lr_multi": [0.0001], "batch_size": 1, "test_batch_size": 1, "epochs": 10, "lr": 0.0001, "momentum": 0.9, "no_cuda": false, "seed": 1, "log_interval": 10, "weight_decay": 0.0, "recurrent_size": 200, "hidden_size": 200, "BPTT_len": 120, "noise_std": 0.0, "model_id": 225}}