{"trainingPerformance": [55.55, 77.725, 91.66666666666667, 96.33333333333333, 99.2, 99.89166666666667, 100.0, 100.0, 100.0, 100.0, 100.0], "testPerformance": [55.5, 88.16666666666667, 93.53333333333333, 98.7, 99.56666666666666, 100.0, 100.0, 100.0, 100.0, 100.0, 100.0], "args": {"modeltype": "aggregate", "batch_size_multi": [12], "lr_multi": [0.001], "batch_size": 12, "test_batch_size": 12, "epochs": 10, "lr": 0.001, "momentum": 0.9, "no_cuda": false, "seed": 1, "log_interval": 10, "weight_decay": 0.0, "save_model": false, "recurrent_size": 33, "hidden_size": 60}, "model": "recurrent_truecontext"}