{"trainingPerformance": [54.91139846743295, 74.96647509578544, 80.73395593869732, 97.43414750957854, 99.36901340996168, 99.75933908045977], "testPerformance": [55.34123563218391, 76.3757183908046, 89.33189655172414, 97.09770114942529, 99.54741379310344, 99.42887931034483], "args": {"modeltype": "aggregate", "batch_size_multi": [1], "lr_multi": [5e-05], "batch_size": 1, "test_batch_size": 1, "epochs": 5, "lr": 5e-05, "momentum": 0.9, "no_cuda": false, "seed": 1, "log_interval": 10, "weight_decay": 0.0, "save_model": false, "recurrent_size": 200, "hidden_size": 200, "BPTT_len": 120}, "model": "recurrent_truecontext"}