{"trainingPerformance": [99.99760536398468, 79.08165708812261, 79.20617816091954, 79.40134099616859, 79.4169061302682, 79.0720785440613, 79.2073754789272, 79.35464559386973, 79.33189655172414, 79.48036398467433, 79.32231800766283, 79.62523946360153, 79.21934865900383, 79.57255747126437, 79.47198275862068, 79.46958812260536, 79.31872605363985, 79.40613026819923, 79.27083333333333, 79.4875478927203, 79.27442528735632], "testPerformance": [100.0, 99.35344827586206, 99.92816091954023, 100.0, 100.0, 100.0, 100.0, 100.0, 100.0, 100.0, 100.0, 100.0, 100.0, 100.0, 100.0, 100.0, 100.0, 100.0, 99.99281609195403, 100.0, 99.99281609195403], "args": {"network_style": "recurrent", "create_new_dataset": true, "include_fillers": true, "which_context": 0, "all_fullrange": true, "retain_hidden_state": true, "label_context": "true", "block_int_ttsplit": false, "retrain_decoder": true, "original_model_name": "models/RNN_trainedmodel_truecontextlabel_numrangeintermingled_retainstate_n0.0_bs1_lr0.0001_ep10_r200_h200_bpl120_trlf0.0_id585.pth", "modeltype": "aggregate", "train_lesion_freq": 0.4, "batch_size_multi": [1], "lr_multi": [0.005], "batch_size": 1, "test_batch_size": 1, "epochs": 20, "lr": 0.0001, "momentum": 0.9, "no_cuda": false, "seed": 1, "log_interval": 10, "weight_decay": 0.0, "save_model": false, "recurrent_size": 200, "hidden_size": 200, "BPTT_len": 120, "noise_std": 0.0, "model_id": "585"}}