{"trainingPerformance": [65.60943486590038, 73.5536398467433, 79.2492816091954, 96.90972222222223, 99.43366858237547, 99.79765325670498], "testPerformance": [65.45977011494253, 75.03232758620689, 81.64511494252874, 96.3146551724138, 97.89511494252874, 99.10919540229885], "args": {"modeltype": "aggregate", "batch_size_multi": [1], "lr_multi": [5e-05], "batch_size": 1, "test_batch_size": 1, "epochs": 5, "lr": 5e-05, "momentum": 0.9, "no_cuda": false, "seed": 1, "log_interval": 10, "weight_decay": 0.0, "save_model": false, "recurrent_size": 200, "hidden_size": 200, "BPTT_len": 120}, "model": "recurrent_truecontext"}