{"trainingPerformance": [49.81681034482759, 74.45641762452107, 80.37835249042146, 98.4985632183908, 99.63481800766283, 99.84315134099617, 99.91858237547893], "testPerformance": [50.053879310344826, 77.00790229885058, 97.21982758620689, 99.89942528735632, 99.99281609195403, 99.99281609195403, 99.98563218390805], "args": {"modeltype": "aggregate", "batch_size_multi": [1], "lr_multi": [5e-05], "batch_size": 1, "test_batch_size": 1, "epochs": 6, "lr": 5e-05, "momentum": 0.9, "no_cuda": false, "seed": 1, "log_interval": 10, "weight_decay": 0.0, "save_model": false, "recurrent_size": 200, "hidden_size": 200, "BPTT_len": 120}, "model": "recurrent_truecontext"}