{"trainingPerformance": [50.00478927203065, 78.84698275862068, 98.47701149425288, 99.69827586206897, 99.87547892720306, 99.93414750957854, 99.97365900383141, 99.99281609195403, 99.99880268199233, 100.0, 100.0], "testPerformance": [49.849137931034484, 97.62212643678161, 99.683908045977, 99.11637931034483, 99.74137931034483, 99.98563218390805, 99.97126436781609, 99.99281609195403, 100.0, 100.0, 100.0], "args": {"network_style": "recurrent", "create_new_dataset": true, "include_fillers": true, "fileloc": "datasets/", "which_context": 0, "all_fullrange": true, "retain_hidden_state": true, "label_context": "true", "modeltype": "aggregate", "train_lesion_freq": 0.0, "batch_size_multi": [1], "lr_multi": [0.0001], "batch_size": 1, "test_batch_size": 1, "epochs": 10, "lr": 0.0001, "momentum": 0.9, "no_cuda": false, "seed": 1, "log_interval": 10, "weight_decay": 0.0, "recurrent_size": 200, "hidden_size": 200, "BPTT_len": 120, "noise_std": 0.0, "model_id": 4903}}