{"trainingPerformance": [49.923371647509576, 74.66714559386973, 93.40996168582376, 94.67073754789271, 95.04669540229885, 95.4250478927203, 95.59626436781609, 95.56513409961686, 95.89080459770115, 95.6896551724138, 95.76508620689656], "testPerformance": [49.92816091954023, 93.92959770114942, 99.59051724137932, 99.82758620689656, 99.80603448275862, 99.84913793103448, 99.95689655172414, 99.85632183908046, 99.71264367816092, 99.92097701149426, 99.89224137931035], "args": {"network_style": "recurrent", "create_new_dataset": true, "include_fillers": true, "fileloc": "datasets/", "which_context": 0, "all_fullrange": true, "retain_hidden_state": true, "label_context": "true", "modeltype": "aggregate", "train_lesion_freq": 0.1, "batch_size_multi": [1], "lr_multi": [0.0001], "batch_size": 1, "test_batch_size": 1, "epochs": 10, "lr": 0.0001, "momentum": 0.9, "no_cuda": false, "seed": 1, "log_interval": 10, "weight_decay": 0.0, "recurrent_size": 200, "hidden_size": 200, "BPTT_len": 120, "noise_std": 0.0, "model_id": 9245}}