{"trainingPerformance": [45.275383141762454, 79.28520114942529, 79.54861111111111, 79.21575670498085, 79.33908045977012, 79.49233716475096, 79.15110153256705, 79.50670498084291, 79.70665708812261, 79.5617816091954, 79.78328544061303, 79.64200191570882, 79.67911877394636, 80.06704980842912, 79.58692528735632, 80.10177203065135, 79.98922413793103, 80.01556513409962, 80.07423371647509, 80.0095785440613, 79.92935823754789], "testPerformance": [45.30890804597701, 99.9353448275862, 99.9066091954023, 99.92816091954023, 99.95689655172414, 99.94971264367815, 99.95689655172414, 99.89942528735632, 99.87787356321839, 99.86350574712644, 99.80603448275862, 99.77729885057471, 99.78448275862068, 99.73419540229885, 99.61206896551724, 99.63362068965517, 99.55459770114942, 99.5330459770115, 99.51867816091954, 99.45402298850574, 99.44683908045977], "args": {"network_style": "recurrent", "create_new_dataset": true, "include_fillers": true, "which_context": 0, "all_fullrange": false, "retain_hidden_state": true, "label_context": "true", "block_int_ttsplit": false, "retrain_decoder": true, "original_model_name": "models/RNN_trainedmodel_truecontextlabel_numrangeblocked_retainstate_n0.0_bs1_lr0.0001_ep10_r200_h200_bpl120_trlf0.0_id1033.pth", "modeltype": "aggregate", "train_lesion_freq": 0.4, "batch_size_multi": [1], "lr_multi": [0.01], "batch_size": 1, "test_batch_size": 1, "epochs": 20, "lr": 0.0001, "momentum": 0.9, "no_cuda": false, "seed": 1, "log_interval": 10, "weight_decay": 0.0, "save_model": false, "recurrent_size": 200, "hidden_size": 200, "BPTT_len": 120, "noise_std": 0.0, "model_id": "1033"}}