{"trainingPerformance": [51.57926245210728, 74.83836206896552, 77.30244252873563, 95.71719348659003, 99.47437739463602, 99.8419540229885, 99.94731800766283], "testPerformance": [51.55172413793103, 76.85344827586206, 80.94468390804597, 99.48275862068965, 99.9353448275862, 99.996408045977, 99.996408045977], "args": {"modeltype": "aggregate", "batch_size_multi": [1], "lr_multi": [5e-05], "batch_size": 1, "test_batch_size": 1, "epochs": 6, "lr": 5e-05, "momentum": 0.9, "no_cuda": false, "seed": 1, "log_interval": 10, "weight_decay": 0.0, "save_model": false, "recurrent_size": 200, "hidden_size": 200, "BPTT_len": 120}, "model": "recurrent_truecontext"}