{"trainingPerformance": [50.16403256704981, 73.51652298850574, 76.95402298850574, 88.75239463601532, 98.97509578544062, 99.70186781609195], "testPerformance": [49.992816091954026, 75.03591954022988, 77.84482758620689, 94.96408045977012, 97.93462643678161, 99.52586206896552], "args": {"modeltype": "aggregate", "batch_size_multi": [1], "lr_multi": [5e-05], "batch_size": 1, "test_batch_size": 1, "epochs": 5, "lr": 5e-05, "momentum": 0.9, "no_cuda": false, "seed": 1, "log_interval": 10, "weight_decay": 0.0, "save_model": false, "recurrent_size": 200, "hidden_size": 200, "BPTT_len": 120}, "model": "recurrent_truecontext"}