{"trainingPerformance": [45.513649425287355, 72.44612068965517, 91.30028735632185, 94.54741379310344, 95.05866858237547, 95.37476053639847, 95.62619731800767, 95.72557471264368, 95.82974137931035, 95.86925287356321, 95.69923371647509], "testPerformance": [45.86206896551724, 81.93247126436782, 98.71408045977012, 99.08764367816092, 99.54022988505747, 99.54022988505747, 99.89224137931035, 99.76293103448276, 99.97844827586206, 99.73419540229885, 99.98563218390805], "args": {"network_style": "recurrent", "create_new_dataset": true, "include_fillers": true, "fileloc": "datasets/", "which_context": 0, "all_fullrange": true, "retain_hidden_state": true, "label_context": "true", "modeltype": "aggregate", "train_lesion_freq": 0.1, "batch_size_multi": [1], "lr_multi": [0.0001], "batch_size": 1, "test_batch_size": 1, "epochs": 10, "lr": 0.0001, "momentum": 0.9, "no_cuda": false, "seed": 1, "log_interval": 10, "weight_decay": 0.0, "recurrent_size": 200, "hidden_size": 200, "BPTT_len": 120, "noise_std": 0.0, "model_id": 7383}}