{"trainingPerformance": [49.97126436781609, 74.50790229885058, 82.0234674329502, 97.8771551724138, 99.49592911877394, 99.78448275862068], "testPerformance": [50.172413793103445, 76.38649425287356, 93.38721264367815, 98.49137931034483, 99.80603448275862, 99.7521551724138], "args": {"modeltype": "aggregate", "batch_size_multi": [1], "lr_multi": [5e-05], "batch_size": 1, "test_batch_size": 1, "epochs": 5, "lr": 5e-05, "momentum": 0.9, "no_cuda": false, "seed": 1, "log_interval": 10, "weight_decay": 0.0, "save_model": false, "recurrent_size": 200, "hidden_size": 200, "BPTT_len": 120}, "model": "recurrent_truecontext"}