{"trainingPerformance": [52.264128352490424, 71.77442528735632, 83.87811302681992, 93.76317049808429, 94.4300766283525, 94.8455459770115, 94.82758620689656, 95.15924329501915, 95.33524904214559, 95.29094827586206, 95.14727011494253], "testPerformance": [51.882183908045974, 75.51005747126437, 97.62931034482759, 98.11063218390805, 96.53017241379311, 93.16091954022988, 97.32040229885058, 97.70833333333333, 96.30028735632185, 99.08764367816092, 99.46120689655173], "args": {"network_style": "recurrent", "create_new_dataset": true, "include_fillers": true, "fileloc": "datasets/", "which_context": 0, "all_fullrange": false, "retain_hidden_state": true, "label_context": "true", "modeltype": "aggregate", "train_lesion_freq": 0.1, "batch_size_multi": [1], "lr_multi": [0.0001], "batch_size": 1, "test_batch_size": 1, "epochs": 10, "lr": 0.0001, "momentum": 0.9, "no_cuda": false, "seed": 1, "log_interval": 10, "weight_decay": 0.0, "save_model": false, "recurrent_size": 200, "hidden_size": 200, "BPTT_len": 120, "noise_std": 0.0, "model_id": 1013}}