{"trainingPerformance": [50.32088122605364, 71.356561302682, 75.82854406130268, 78.6051245210728, 97.00191570881226, 99.33668582375479], "testPerformance": [50.38074712643678, 69.43247126436782, 66.85344827586206, 84.03017241379311, 99.07686781609195, 99.6228448275862], "args": {"modeltype": "aggregate", "batch_size_multi": [1], "lr_multi": [5e-05], "batch_size": 1, "test_batch_size": 1, "epochs": 5, "lr": 5e-05, "momentum": 0.9, "no_cuda": false, "seed": 1, "log_interval": 10, "weight_decay": 0.0, "save_model": false, "recurrent_size": 200, "hidden_size": 200, "BPTT_len": 120}, "model": "recurrent_truecontext"}