{"trainingPerformance": [49.89224137931034, 72.16594827586206, 75.9279214559387, 81.53975095785441, 97.86159003831418, 99.40972222222223], "testPerformance": [49.946120689655174, 69.51508620689656, 66.97557471264368, 95.74712643678161, 99.2492816091954, 99.65517241379311], "args": {"modeltype": "aggregate", "batch_size_multi": [1], "lr_multi": [5e-05], "batch_size": 1, "test_batch_size": 1, "epochs": 5, "lr": 5e-05, "momentum": 0.9, "no_cuda": false, "seed": 1, "log_interval": 10, "weight_decay": 0.0, "save_model": false, "recurrent_size": 200, "hidden_size": 200, "BPTT_len": 120}, "model": "recurrent_truecontext"}