{"trainingPerformance": [49.89224137931034, 71.50383141762453, 75.95186781609195, 83.34171455938697, 98.15613026819923, 99.4169061302682], "testPerformance": [49.946120689655174, 69.47916666666667, 66.81752873563218, 95.99137931034483, 99.00862068965517, 99.45761494252874], "args": {"modeltype": "aggregate", "batch_size_multi": [1], "lr_multi": [5e-05], "batch_size": 1, "test_batch_size": 1, "epochs": 5, "lr": 5e-05, "momentum": 0.9, "no_cuda": false, "seed": 1, "log_interval": 10, "weight_decay": 0.0, "save_model": false, "recurrent_size": 200, "hidden_size": 200, "BPTT_len": 120}, "model": "recurrent_truecontext"}