{"trainingPerformance": [49.89224137931034, 73.95833333333333, 89.32112068965517, 99.2492816091954, 99.81561302681992, 99.95689655172414, 99.98563218390805, 99.98922413793103, 99.98922413793103], "testPerformance": [49.946120689655174, 67.72270114942529, 98.5021551724138, 99.50790229885058, 99.86350574712644, 99.97485632183908, 99.98204022988506, 99.98563218390805, 99.98204022988506], "args": {"modeltype": "aggregate", "batch_size_multi": [1], "lr_multi": [0.0001], "batch_size": 1, "test_batch_size": 1, "epochs": 8, "lr": 0.0001, "momentum": 0.9, "no_cuda": false, "seed": 1, "log_interval": 10, "weight_decay": 0.0, "save_model": false, "recurrent_size": 200, "hidden_size": 200, "BPTT_len": 120}, "model": "recurrent_truecontext"}