{"trainingPerformance": [49.89224137931034, 71.10033524904215, 75.98419540229885, 84.27562260536398, 98.42672413793103, 99.55579501915709], "testPerformance": [49.946120689655174, 69.43247126436782, 67.04022988505747, 96.32183908045977, 99.30675287356321, 99.60488505747126], "args": {"modeltype": "aggregate", "batch_size_multi": [1], "lr_multi": [5e-05], "batch_size": 1, "test_batch_size": 1, "epochs": 5, "lr": 5e-05, "momentum": 0.9, "no_cuda": false, "seed": 1, "log_interval": 10, "weight_decay": 0.0, "save_model": false, "recurrent_size": 200, "hidden_size": 200, "BPTT_len": 120}, "model": "recurrent_truecontext"}